eval_idx,native_vs_big_top1_match,native_vs_big_kl_p_to_q,native_vs_big_kl_q_to_p,native_vs_big_js,native_vs_big_tv,native_vs_big_accept_mass,native_vs_big_top5_overlap,native_vs_big_draft_prob_on_target_top1,native_vs_big_target_prob_on_target_top1,translated_vs_big_top1_match,translated_vs_big_kl_p_to_q,translated_vs_big_kl_q_to_p,translated_vs_big_js,translated_vs_big_tv,translated_vs_big_accept_mass,translated_vs_big_top5_overlap,translated_vs_big_draft_prob_on_target_top1,translated_vs_big_target_prob_on_target_top1,translated_vs_native_top1_match,translated_vs_native_kl_p_to_q,translated_vs_native_kl_q_to_p,translated_vs_native_js,translated_vs_native_tv,translated_vs_native_accept_mass,translated_vs_native_top5_overlap,translated_vs_native_draft_prob_on_target_top1,translated_vs_native_target_prob_on_target_top1,konly_vs_big_top1_match,konly_vs_big_kl_p_to_q,konly_vs_big_kl_q_to_p,konly_vs_big_js,konly_vs_big_tv,konly_vs_big_accept_mass,konly_vs_big_top5_overlap,konly_vs_big_draft_prob_on_target_top1,konly_vs_big_target_prob_on_target_top1,konly_vs_native_top1_match,konly_vs_native_kl_p_to_q,konly_vs_native_kl_q_to_p,konly_vs_native_js,konly_vs_native_tv,konly_vs_native_accept_mass,konly_vs_native_top5_overlap,konly_vs_native_draft_prob_on_target_top1,konly_vs_native_target_prob_on_target_top1,vonly_vs_big_top1_match,vonly_vs_big_kl_p_to_q,vonly_vs_big_kl_q_to_p,vonly_vs_big_js,vonly_vs_big_tv,vonly_vs_big_accept_mass,vonly_vs_big_top5_overlap,vonly_vs_big_draft_prob_on_target_top1,vonly_vs_big_target_prob_on_target_top1,vonly_vs_native_top1_match,vonly_vs_native_kl_p_to_q,vonly_vs_native_kl_q_to_p,vonly_vs_native_js,vonly_vs_native_tv,vonly_vs_native_accept_mass,vonly_vs_native_top5_overlap,vonly_vs_native_draft_prob_on_target_top1,vonly_vs_native_target_prob_on_target_top1,layer0k_native_vs_big_top1_match,layer0k_native_vs_big_kl_p_to_q,layer0k_native_vs_big_kl_q_to_p,layer0k_native_vs_big_js,layer0k_native_vs_big_tv,layer0k_native_vs_big_accept_mass,layer0k_native_vs_big_top5_overlap,layer0k_native_vs_big_draft_prob_on_target_top1,layer0k_native_vs_big_target_prob_on_target_top1,layer0k_native_vs_native_top1_match,layer0k_native_vs_native_kl_p_to_q,layer0k_native_vs_native_kl_q_to_p,layer0k_native_vs_native_js,layer0k_native_vs_native_tv,layer0k_native_vs_native_accept_mass,layer0k_native_vs_native_top5_overlap,layer0k_native_vs_native_draft_prob_on_target_top1,layer0k_native_vs_native_target_prob_on_target_top1,identity_vs_big_top1_match,identity_vs_big_kl_p_to_q,identity_vs_big_kl_q_to_p,identity_vs_big_js,identity_vs_big_tv,identity_vs_big_accept_mass,identity_vs_big_top5_overlap,identity_vs_big_draft_prob_on_target_top1,identity_vs_big_target_prob_on_target_top1
0,1.0,0.003607414197176695,0.005292369984090328,0.0009287755819968879,0.003799016587436199,0.9962009191513062,0.800000011920929,0.9909016489982605,0.9899811148643494,0.0,2.5467770099639893,8.626261711120605,0.5409799218177795,0.9170873165130615,0.08291281759738922,0.6000000238418579,0.07375311106443405,0.9899811148643494,0.0,2.548902988433838,7.861022472381592,0.5414973497390747,0.9173984527587891,0.08260183036327362,0.6000000238418579,0.07375311106443405,0.9909016489982605,1.0,0.2595382630825043,0.8435841202735901,0.08308949321508408,0.24893885850906372,0.751061201095581,0.800000011920929,0.7417995929718018,0.9899811148643494,1.0,0.2612207233905792,0.8279545307159424,0.08395318686962128,0.2491658478975296,0.7508342266082764,0.800000011920929,0.7417995929718018,0.9909016489982605,0.0,1.8547621965408325,7.835832118988037,0.45645296573638916,0.8416792154312134,0.158320814371109,0.4000000059604645,0.1491076946258545,0.9899811148643494,0.0,1.8544212579727173,7.030627250671387,0.4559255838394165,0.8419966697692871,0.158003568649292,0.4000000059604645,0.1491076946258545,0.9909016489982605,0.0,2.930103063583374,9.30562973022461,0.5759124755859375,0.9406114220619202,0.05938876420259476,0.4000000059604645,0.05024039000272751,0.9899811148643494,0.0,2.930785655975342,8.519688606262207,0.5755922198295593,0.9409245848655701,0.05907570570707321,0.4000000059604645,0.05024039000272751,0.9909016489982605,0.0,12.303993225097656,19.311405181884766,0.6921737194061279,0.999434769153595,0.0005650646635331213,0.0,4.3666118472174276e-06,0.9899811148643494
1,1.0,0.2451205551624298,0.15574587881565094,0.03946511447429657,0.1775369644165039,0.82246333360672,0.6000000238418579,0.621199369430542,0.5197128057479858,0.0,1.9919915199279785,3.2932839393615723,0.4036572277545929,0.7506030201911926,0.24939724802970886,0.6000000238418579,0.025589361786842346,0.5197128057479858,0.0,2.23958683013916,3.0351345539093018,0.425830215215683,0.7831342220306396,0.21686600148677826,0.6000000238418579,0.025589361786842346,0.621199369430542,0.0,0.5814247131347656,0.8617525696754456,0.14313656091690063,0.47059404850006104,0.5294063091278076,0.6000000238418579,0.1966826617717743,0.5197128057479858,0.0,0.532855212688446,0.7105003595352173,0.13122160732746124,0.4447299838066101,0.5552703142166138,0.6000000238418579,0.1966826617717743,0.621199369430542,0.0,2.1711912155151367,3.4526772499084473,0.4374149441719055,0.8091102838516235,0.19088995456695557,0.4000000059604645,0.023056352511048317,0.5197128057479858,0.0,2.3794686794281006,3.1460349559783936,0.4480728805065155,0.8012988567352295,0.19870145618915558,0.4000000059604645,0.023056352511048317,0.621199369430542,0.0,1.8375523090362549,3.128215789794922,0.3841782510280609,0.7261782884597778,0.2738219201564789,0.6000000238418579,0.03227956220507622,0.5197128057479858,0.0,2.0617787837982178,2.885936737060547,0.40745899081230164,0.7711150646209717,0.22888503968715668,0.6000000238418579,0.03227956220507622,0.621199369430542,0.0,7.772629737854004,10.626476287841797,0.6642233729362488,0.9785601496696472,0.02143973857164383,0.0,4.1403862269362435e-05,0.5197128057479858
2,1.0,0.24855558574199677,0.40396061539649963,0.07072506099939346,0.30835267901420593,0.6916475892066956,1.0,0.5618607401847839,0.868302047252655,1.0,1.417776346206665,4.4924116134643555,0.36074185371398926,0.7208477258682251,0.2791523337364197,0.4000000059604645,0.1631728857755661,0.868302047252655,1.0,1.077036738395691,3.0259060859680176,0.2897898554801941,0.6480790376663208,0.35192108154296875,0.4000000059604645,0.1631728857755661,0.5618607401847839,1.0,0.6883124113082886,1.3623000383377075,0.18833023309707642,0.5374375581741333,0.46256279945373535,1.0,0.33155980706214905,0.868302047252655,1.0,0.22389566898345947,0.43034571409225464,0.06450023502111435,0.25095272064208984,0.7490476369857788,1.0,0.33155980706214905,0.5618607401847839,1.0,0.47230297327041626,1.8672224283218384,0.1442738175392151,0.3995985984802246,0.6004018187522888,0.6000000238418579,0.474250853061676,0.868302047252655,1.0,0.45714715123176575,1.158595085144043,0.12232865393161774,0.3236989378929138,0.6763014197349548,0.6000000238418579,0.474250853061676,0.5618607401847839,1.0,1.3261818885803223,4.349028587341309,0.34518492221832275,0.7022849917411804,0.2977152168750763,0.4000000059604645,0.182146355509758,0.868302047252655,1.0,1.0351061820983887,2.9585916996002197,0.28081727027893066,0.6359096169471741,0.3640906810760498,0.4000000059604645,0.182146355509758,0.5618607401847839,0.0,8.665764808654785,11.928964614868164,0.676311731338501,0.9882704019546509,0.011729621328413486,0.0,8.242297190008685e-05,0.868302047252655
3,1.0,0.2213357388973236,0.22714821994304657,0.049347952008247375,0.21014174818992615,0.7898585200309753,0.800000011920929,0.4593196213245392,0.4045078754425049,0.0,1.139777421951294,1.7666079998016357,0.23668673634529114,0.5656160116195679,0.43438440561294556,0.6000000238418579,0.07192505896091461,0.4045078754425049,0.0,1.1799731254577637,1.3385109901428223,0.23088331520557404,0.5584144592285156,0.44158580899238586,0.6000000238418579,0.07192505896091461,0.4593196213245392,1.0,0.2802112102508545,0.379197359085083,0.06659547984600067,0.25774359703063965,0.7422568798065186,0.800000011920929,0.34409406781196594,0.4045078754425049,1.0,0.11332628130912781,0.14946842193603516,0.029901796951889992,0.1863832175731659,0.8136171102523804,1.0,0.34409406781196594,0.4593196213245392,0.0,1.3433691263198853,3.132927179336548,0.291422963142395,0.6061866283416748,0.393813818693161,0.6000000238418579,0.05997030809521675,0.4045078754425049,0.0,1.4009140729904175,2.2747998237609863,0.28872931003570557,0.6112164258956909,0.38878387212753296,0.6000000238418579,0.05997030809521675,0.4593196213245392,0.0,1.38844895362854,2.8628628253936768,0.290916383266449,0.6107466220855713,0.38925376534461975,0.6000000238418579,0.04736445099115372,0.4045078754425049,0.0,1.444482684135437,2.1258816719055176,0.2873716354370117,0.6104448437690735,0.3895556330680847,0.6000000238418579,0.04736445099115372,0.4593196213245392,0.0,5.755888938903809,9.197023391723633,0.6391225457191467,0.9603350758552551,0.03966503217816353,0.0,0.00033512336085550487,0.4045078754425049
4,1.0,0.08459842205047607,0.30879297852516174,0.02790462225675583,0.09085516631603241,0.9091449975967407,0.6000000238418579,0.9029439687728882,0.993261992931366,0.0,8.50507640838623,8.170524597167969,0.6849141120910645,0.9959027767181396,0.004097359254956245,0.0,0.0001893634907901287,0.993261992931366,0.0,7.820065975189209,5.878464698791504,0.638200581073761,0.9623745083808899,0.03762553259730339,0.20000000298023224,0.0001893634907901287,0.9029439687728882,0.0,4.938845634460449,7.341648101806641,0.6616734862327576,0.9872790575027466,0.012721188366413116,0.0,0.006784307770431042,0.993261992931366,0.0,4.414113998413086,4.320910453796387,0.583095371723175,0.9329442977905273,0.06705592572689056,0.20000000298023224,0.006784307770431042,0.9029439687728882,0.0,5.604076862335205,7.997111797332764,0.6717121601104736,0.9912244081497192,0.008775847032666206,0.0,0.0034848498180508614,0.993261992931366,0.0,5.08151388168335,5.1146159172058105,0.6111031770706177,0.9458009004592896,0.05419926345348358,0.20000000298023224,0.0034848498180508614,0.9029439687728882,0.0,8.634739875793457,8.178081512451172,0.685045599937439,0.9959440231323242,0.004056117497384548,0.0,0.00016621575923636556,0.993261992931366,0.0,7.939891815185547,5.883939266204834,0.6385127305984497,0.9624929428100586,0.037507154047489166,0.20000000298023224,0.00016621575923636556,0.9029439687728882,0.0,14.152850151062012,13.441075325012207,0.6894515752792358,0.9979445934295654,0.0020555693190544844,0.0,6.592164254470845e-07,0.993261992931366
5,1.0,0.0032900935038924217,0.01321993675082922,0.0010768990032374859,0.0034109018743038177,0.9965890645980835,0.800000011920929,0.9964892268180847,0.999851644039154,0.0,4.083779335021973,14.661474227905273,0.6499670147895813,0.9830529689788818,0.016947168856859207,0.0,0.016823265701532364,0.999851644039154,0.0,4.072535514831543,11.124954223632812,0.6476133465766907,0.9817785620689392,0.01822146773338318,0.0,0.016823265701532364,0.9964892268180847,1.0,0.4231475591659546,4.546794891357422,0.13759401440620422,0.3453204035758972,0.6546797752380371,0.20000000298023224,0.654545783996582,0.999851644039154,1.0,0.420036643743515,3.1776885986328125,0.1357795000076294,0.34338030219078064,0.6566199064254761,0.20000000298023224,0.654545783996582,0.9964892268180847,0.0,1.5764521360397339,11.042318344116211,0.4166613817214966,0.7933560013771057,0.2066442370414734,0.4000000059604645,0.2065105438232422,0.999851644039154,0.0,1.5684319734573364,6.5754852294921875,0.41398537158966064,0.7914297580718994,0.2085704803466797,0.20000000298023224,0.2065105438232422,0.9964892268180847,0.0,4.649229049682617,15.128728866577148,0.6657981276512146,0.9903185963630676,0.009681161493062973,0.0,0.00955681037157774,0.999851644039154,0.0,4.636669635772705,11.471640586853027,0.6636003255844116,0.9891630411148071,0.01083681732416153,0.0,0.00955681037157774,0.9964892268180847,0.0,7.227176189422607,17.933603286743164,0.6899287104606628,0.999161422252655,0.0008387008565478027,0.0,0.0007255289820022881,0.999851644039154
6,1.0,0.034313395619392395,0.03777068480849266,0.007999524474143982,0.03432606905698776,0.9656741619110107,0.800000011920929,0.8895092010498047,0.8910513520240784,0.0,2.245906352996826,4.126660346984863,0.4797605872154236,0.8525130152702332,0.14748725295066833,0.4000000059604645,0.07208482921123505,0.8910513520240784,0.0,2.1821703910827637,3.916703939437866,0.46295103430747986,0.8286759257316589,0.1713244616985321,0.6000000238418579,0.07208482921123505,0.8895092010498047,1.0,0.17662709951400757,0.3322267532348633,0.04542126879096031,0.14254754781723022,0.8574526906013489,0.6000000238418579,0.8019505739212036,0.8910513520240784,1.0,0.13509024679660797,0.2566172182559967,0.03872060775756836,0.13388927280902863,0.866111159324646,0.6000000238418579,0.8019505739212036,0.8895092010498047,1.0,0.5802555084228516,1.6589915752410889,0.17391608655452728,0.45580029487609863,0.5442001223564148,0.6000000238418579,0.44890156388282776,0.8910513520240784,1.0,0.5600457787513733,1.560479760169983,0.16789643466472626,0.4501919746398926,0.5498084425926208,0.6000000238418579,0.44890156388282776,0.8895092010498047,1.0,1.3933992385864258,3.1743483543395996,0.3547280430793762,0.7325250506401062,0.2674751877784729,0.4000000059604645,0.1780967265367508,0.8910513520240784,1.0,1.3446987867355347,2.990173816680908,0.3394278585910797,0.7161652445793152,0.28383514285087585,0.6000000238418579,0.1780967265367508,0.8895092010498047,0.0,16.448875427246094,12.440337181091309,0.6828573942184448,0.9935255646705627,0.006474334746599197,0.0,2.4641611418019238e-08,0.8910513520240784
7,1.0,0.0024762817192822695,0.010710184462368488,0.0008399515645578504,0.002627341542392969,0.9973727464675903,0.6000000238418579,0.9972870349884033,0.9999088048934937,0.0,4.1338019371032715,17.890155792236328,0.6517930626869202,0.9839046597480774,0.016095345839858055,0.0,0.016010094434022903,0.9999088048934937,0.0,4.1242780685424805,14.34214973449707,0.649869441986084,0.983006477355957,0.016993513330817223,0.20000000298023224,0.016010094434022903,0.9972870349884033,1.0,0.10123861581087112,1.1596322059631348,0.034549713134765625,0.0965389609336853,0.9034613370895386,0.4000000059604645,0.9033752679824829,0.9999088048934937,1.0,0.09820177406072617,0.7984352111816406,0.03294653445482254,0.09497641026973724,0.9050238132476807,0.6000000238418579,0.9033752679824829,0.9972870349884033,1.0,1.5664218664169312,12.902313232421875,0.414856493473053,0.7912744283676147,0.20872582495212555,0.6000000238418579,0.20863452553749084,0.9999088048934937,1.0,1.5555676221847534,9.318202018737793,0.4114009737968445,0.7889325618743896,0.21106769144535065,0.4000000059604645,0.20863452553749084,0.9972870349884033,0.0,4.3844895362854,18.08113670349121,0.6593713760375977,0.9874553680419922,0.012544828467071056,0.0,0.012459837831556797,0.9999088048934937,0.0,4.37462854385376,14.305513381958008,0.6575115919113159,0.986565113067627,0.013435098342597485,0.20000000298023224,0.012459837831556797,0.9972870349884033,0.0,8.298742294311523,24.67215347290039,0.6919107437133789,0.9996771216392517,0.00032302658655680716,0.0,0.0002486127777956426,0.9999088048934937
8,1.0,0.24978011846542358,0.17616218328475952,0.04617944732308388,0.18672780692577362,0.8132723569869995,0.800000011920929,0.7266007661819458,0.6279999017715454,0.0,2.7269883155822754,3.524533271789551,0.4719359874725342,0.8354069590568542,0.16459324955940247,0.4000000059604645,0.017637088894844055,0.6279999017715454,0.0,2.859307289123535,3.3957009315490723,0.4736132025718689,0.8268900513648987,0.17311012744903564,0.4000000059604645,0.017637088894844055,0.7266007661819458,1.0,0.7542585134506226,1.5624793767929077,0.1944732666015625,0.5282397270202637,0.47176045179367065,0.6000000238418579,0.23820015788078308,0.6279999017715454,1.0,0.773598849773407,1.4776756763458252,0.20638447999954224,0.5524482131004333,0.44755199551582336,0.6000000238418579,0.23820015788078308,0.7266007661819458,0.0,2.784215211868286,3.88911771774292,0.48264992237091064,0.8483912944793701,0.15160861611366272,0.20000000298023224,0.01819431409239769,0.6279999017715454,0.0,2.8719186782836914,3.7035109996795654,0.48435264825820923,0.844853401184082,0.15514643490314484,0.20000000298023224,0.01819431409239769,0.7266007661819458,0.0,2.7680230140686035,3.5972557067871094,0.4743906259536743,0.8366633057594299,0.163336843252182,0.20000000298023224,0.016719352453947067,0.6279999017715454,0.0,2.8997435569763184,3.4407520294189453,0.4755231440067291,0.8281345963478088,0.17186561226844788,0.20000000298023224,0.016719352453947067,0.7266007661819458,0.0,11.569364547729492,8.56249713897705,0.6539278626441956,0.9718524217605591,0.028147529810667038,0.0,2.3596720666319015e-07,0.6279999017715454
9,1.0,0.32515406608581543,0.4315336048603058,0.08651324361562729,0.3731260895729065,0.6268741488456726,1.0,0.3925340473651886,0.7647526264190674,0.0,5.048425674438477,4.681815147399902,0.5019800662994385,0.8052346706390381,0.19476577639579773,0.4000000059604645,0.0010123845422640443,0.7647526264190674,0.0,2.8962619304656982,3.7423572540283203,0.36847251653671265,0.6115635633468628,0.38843682408332825,0.4000000059604645,0.0010123845422640443,0.3925340473651886,0.0,4.139548301696777,7.128856658935547,0.5492585897445679,0.8522109389305115,0.14778928458690643,0.20000000298023224,0.004019032698124647,0.7647526264190674,0.0,2.613995313644409,7.091906547546387,0.45836472511291504,0.7933576107025146,0.20664265751838684,0.20000000298023224,0.004019032698124647,0.3925340473651886,0.0,4.265323162078857,2.527536630630493,0.43776118755340576,0.7866201400756836,0.2133801430463791,0.4000000059604645,0.0022435770370066166,0.7647526264190674,0.0,2.1663849353790283,1.5383044481277466,0.25484997034072876,0.5246204137802124,0.475380003452301,0.4000000059604645,0.0022435770370066166,0.3925340473651886,0.0,5.1419997215271,3.4158475399017334,0.470514178276062,0.7988520264625549,0.20114834606647491,0.4000000059604645,0.0007905869279056787,0.7647526264190674,0.0,2.7859556674957275,2.3943982124328613,0.31373560428619385,0.5355566143989563,0.46444374322891235,0.4000000059604645,0.0007905869279056787,0.3925340473651886,0.0,14.696678161621094,11.38651180267334,0.6923319697380066,0.9993718266487122,0.0006284309201873839,0.0,1.2997934106806497e-07,0.7647526264190674
10,0.0,3.8388915061950684,5.505064964294434,0.5836429595947266,0.930688202381134,0.06931238621473312,0.4000000059604645,0.009398633614182472,0.1510770171880722,0.0,2.486745595932007,3.0205821990966797,0.41189125180244446,0.7590140104293823,0.24098633229732513,0.4000000059604645,0.0432305783033371,0.1510770171880722,1.0,1.841980218887329,3.0462214946746826,0.4051969349384308,0.8049459457397461,0.1950545608997345,0.6000000238418579,0.09151913225650787,0.8460380434989929,0.0,5.7913818359375,2.9627931118011475,0.48771512508392334,0.8553916215896606,0.1446090042591095,0.20000000298023224,0.002531016943976283,0.1510770171880722,0.0,11.003070831298828,5.166516304016113,0.6352686285972595,0.9560458660125732,0.04395482689142227,0.20000000298023224,3.688157448777929e-06,0.8460380434989929,0.0,3.036670207977295,3.2958197593688965,0.4530995190143585,0.7871233224868774,0.21287687122821808,0.20000000298023224,0.013218013569712639,0.1510770171880722,0.0,4.414665222167969,4.0897111892700195,0.5671595335006714,0.9149351716041565,0.08506515622138977,0.20000000298023224,0.005176248494535685,0.8460380434989929,0.0,2.41402530670166,3.0524797439575195,0.40967267751693726,0.7574681043624878,0.242532417178154,0.4000000059604645,0.04078172147274017,0.1510770171880722,0.0,2.3414013385772705,3.4891114234924316,0.4606243968009949,0.848630428314209,0.15137018263339996,0.6000000238418579,0.0523647703230381,0.8460380434989929,0.0,7.9961652755737305,6.8999810218811035,0.6287097930908203,0.9570267200469971,0.04297354072332382,0.0,0.00027718418277800083,0.1510770171880722
11,0.0,1.5081344842910767,1.41567063331604,0.29395607113838196,0.6875382661819458,0.31246182322502136,0.4000000059604645,0.1979914903640747,0.5273166298866272,0.0,3.5558691024780273,4.788875579833984,0.5051542520523071,0.8739352226257324,0.12606516480445862,0.4000000059604645,0.012300297617912292,0.5273166298866272,1.0,0.8718934655189514,2.1482861042022705,0.19979172945022583,0.3751196563243866,0.6248806118965149,0.4000000059604645,0.5230218768119812,0.5381967425346375,0.0,5.033032417297363,2.7392964363098145,0.5404597520828247,0.9031169414520264,0.09688315540552139,0.20000000298023224,0.0017995424568653107,0.5273166298866272,1.0,1.192082405090332,0.5496898293495178,0.15134750306606293,0.4247649908065796,0.5752350687980652,0.6000000238418579,0.9321862459182739,0.5381967425346375,0.0,2.6810829639434814,6.082962989807129,0.4718548059463501,0.8543106913566589,0.1456897109746933,0.4000000059604645,0.04805784672498703,0.5273166298866272,1.0,1.0207910537719727,3.0981712341308594,0.24153664708137512,0.46600544452667236,0.5339949131011963,0.4000000059604645,0.45596015453338623,0.5381967425346375,0.0,2.9722070693969727,7.872402667999268,0.5090696811676025,0.8690243363380432,0.13097603619098663,0.20000000298023224,0.028687607496976852,0.5273166298866272,1.0,1.340493083000183,4.453535556793213,0.3348340392112732,0.6620850563049316,0.33791524171829224,0.20000000298023224,0.2721804976463318,0.5381967425346375,0.0,4.64500617980957,7.442572593688965,0.5698186159133911,0.8907143473625183,0.1092858538031578,0.20000000298023224,0.009269370697438717,0.5273166298866272
12,1.0,0.03384914621710777,0.023869605734944344,0.006788714788854122,0.05256297439336777,0.9474369883537292,0.800000011920929,0.9629103541374207,0.911045491695404,1.0,0.20765799283981323,0.7225017547607422,0.06496552377939224,0.2346404790878296,0.7653597593307495,0.6000000238418579,0.684333086013794,0.911045491695404,1.0,0.2747637629508972,0.8208348155021667,0.08586879819631577,0.27869081497192383,0.7213093042373657,0.6000000238418579,0.684333086013794,0.9629103541374207,1.0,0.0691809430718422,0.27217796444892883,0.021535731852054596,0.061635203659534454,0.9383648633956909,0.4000000059604645,0.8836847543716431,0.911045491695404,1.0,0.06496675312519073,0.24144360423088074,0.021309034898877144,0.08070074021816254,0.919299304485321,0.4000000059604645,0.8836847543716431,0.9629103541374207,1.0,0.0876028910279274,0.29096755385398865,0.028295010328292847,0.11245682835578918,0.8875432014465332,0.6000000238418579,0.8033551573753357,0.911045491695404,1.0,0.13044309616088867,0.3594922721385956,0.041095834225416183,0.16004592180252075,0.8399541974067688,0.6000000238418579,0.8033551573753357,0.9629103541374207,1.0,0.17954277992248535,0.6283793449401855,0.056545112282037735,0.2084706723690033,0.7915295958518982,0.6000000238418579,0.7103353142738342,0.911045491695404,1.0,0.24113236367702484,0.7178634405136108,0.07565660774707794,0.2526443600654602,0.7473558187484741,0.6000000238418579,0.7103353142738342,0.9629103541374207,0.0,7.870785713195801,10.493922233581543,0.6459875106811523,0.9452635049819946,0.05473648011684418,0.20000000298023224,0.00017701963952276856,0.911045491695404
13,1.0,0.08573518693447113,0.019932575523853302,0.006155629642307758,0.018497586250305176,0.9815024137496948,0.4000000059604645,0.9968988299369812,0.9799473285675049,0.0,6.9290080070495605,7.7754998207092285,0.666720449924469,0.9822892546653748,0.01771092787384987,0.0,0.000818990112747997,0.9799473285675049,0.0,7.076852798461914,9.337960243225098,0.6849576830863953,0.9965184330940247,0.0034815873950719833,0.0,0.000818990112747997,0.9968988299369812,0.0,9.666528701782227,9.587841033935547,0.6750543117523193,0.9839577674865723,0.01604234240949154,0.0,5.089179103379138e-05,0.9799473285675049,0.0,9.850152015686035,10.357471466064453,0.6892671585083008,0.9978654980659485,0.0021346965804696083,0.0,5.089179103379138e-05,0.9968988299369812,0.0,4.778007507324219,7.306179046630859,0.6480303406715393,0.9753510355949402,0.024648847058415413,0.0,0.007334049791097641,0.9799473285675049,0.0,4.889012813568115,8.860025405883789,0.6656675338745117,0.9898081421852112,0.010191917419433594,0.0,0.007334049791097641,0.9968988299369812,0.0,7.168577671051025,8.293781280517578,0.6701782941818237,0.9824844002723694,0.01751561649143696,0.0,0.0006459857104346156,0.9799473285675049,0.0,7.313634872436523,9.500041007995605,0.6856817007064819,0.9966979026794434,0.0033022183924913406,0.0,0.0006459857104346156,0.9968988299369812,0.0,7.819061279296875,10.568632125854492,0.6803286075592041,0.9921355247497559,0.007864361628890038,0.20000000298023224,0.00035584569559432566,0.9799473285675049
14,1.0,0.00157605588901788,0.004461134783923626,0.0005016819341108203,0.0022792480885982513,0.9977207779884338,0.6000000238418579,0.9957535266876221,0.9979901313781738,1.0,0.3354746997356415,1.5108036994934082,0.10936924070119858,0.29119327664375305,0.708807110786438,0.800000011920929,0.7068045139312744,0.9979901313781738,1.0,0.32524365186691284,1.1456812620162964,0.1052122712135315,0.28895193338394165,0.711048424243927,0.800000011920929,0.7068045139312744,0.9957535266876221,1.0,0.043771788477897644,0.1991410106420517,0.014653428457677364,0.04725854843854904,0.9527415633201599,0.4000000059604645,0.9507441520690918,0.9979901313781738,1.0,0.03696690499782562,0.10236743837594986,0.011987974867224693,0.0450122132897377,0.9549880623817444,0.800000011920929,0.9507441520690918,0.9957535266876221,1.0,0.1645275354385376,0.6067072749137878,0.054705917835235596,0.1574830412864685,0.8425169587135315,0.6000000238418579,0.8406464457511902,0.9979901313781738,1.0,0.1679403930902481,0.5375609397888184,0.05359644442796707,0.1566578596830368,0.843342125415802,0.6000000238418579,0.8406464457511902,0.9957535266876221,1.0,0.17526617646217346,0.6832298040390015,0.05818082019686699,0.1669517308473587,0.8330482840538025,0.800000011920929,0.8311693668365479,0.9979901313781738,1.0,0.17800040543079376,0.5808901786804199,0.05700455605983734,0.1661202758550644,0.8338797092437744,0.6000000238418579,0.8311693668365479,0.9957535266876221,0.0,2.948491096496582,11.288969993591309,0.5849832892417908,0.9464396238327026,0.05356037989258766,0.800000011920929,0.05155402049422264,0.9979901313781738
15,0.0,0.7482714653015137,0.7028579711914062,0.1594071090221405,0.5128921270370483,0.4871079921722412,0.800000011920929,0.10286915302276611,0.3326534926891327,0.0,0.6842412948608398,1.3920124769210815,0.17280453443527222,0.4372033476829529,0.5627970695495605,0.6000000238418579,0.14256802201271057,0.3326534926891327,0.0,1.5496752262115479,1.8745393753051758,0.3089219033718109,0.644396185874939,0.35560405254364014,0.6000000238418579,0.05943119153380394,0.6707910299301147,0.0,2.5745575428009033,5.255623817443848,0.524237334728241,0.8930498957633972,0.10695058107376099,0.6000000238418579,0.030624965205788612,0.3326534926891327,0.0,3.2558915615081787,5.322617053985596,0.5384957790374756,0.8815488219261169,0.11845149844884872,0.6000000238418579,0.009340088814496994,0.6707910299301147,1.0,1.344112753868103,1.682148814201355,0.23445440828800201,0.509656548500061,0.4903438985347748,0.6000000238418579,0.4697527289390564,0.3326534926891327,0.0,3.352107048034668,2.436767816543579,0.4279786944389343,0.7933876514434814,0.2066127359867096,0.6000000238418579,0.004902309272438288,0.6707910299301147,0.0,0.7241277694702148,1.499167561531067,0.1818269044160843,0.4535048007965088,0.5464954972267151,0.6000000238418579,0.15045174956321716,0.3326534926891327,0.0,1.6822268962860107,1.9817918539047241,0.32295238971710205,0.652085542678833,0.34791475534439087,0.6000000238418579,0.048844531178474426,0.6707910299301147,0.0,8.397981643676758,13.423323631286621,0.6821607351303101,0.9932805299758911,0.0067193154245615005,0.0,5.203347882343223e-06,0.3326534926891327
16,1.0,0.5290387868881226,0.5781037211418152,0.11372987180948257,0.36410510540008545,0.6358952522277832,0.800000011920929,0.38624057173728943,0.5560165047645569,0.0,1.0302902460098267,1.4440605640411377,0.21867212653160095,0.5579033493995667,0.4420969486236572,0.6000000238418579,0.23994261026382446,0.5560165047645569,0.0,0.7156709432601929,0.7381774187088013,0.14195512235164642,0.41605332493782043,0.5839471220970154,0.6000000238418579,0.23994261026382446,0.38624057173728943,1.0,0.5572847723960876,0.7713682651519775,0.12969079613685608,0.38538211584091187,0.6146182417869568,0.6000000238418579,0.3641164302825928,0.5560165047645569,1.0,0.47215813398361206,0.304022878408432,0.07785403728485107,0.2333129495382309,0.7666875123977661,0.6000000238418579,0.3641164302825928,0.38624057173728943,0.0,0.9933074712753296,1.3516956567764282,0.21092870831489563,0.5389502048492432,0.46105003356933594,0.6000000238418579,0.26975294947624207,0.5560165047645569,0.0,0.9027960300445557,0.7039374709129333,0.1434333622455597,0.3946995437145233,0.6053007245063782,0.6000000238418579,0.26975294947624207,0.38624057173728943,0.0,1.0207501649856567,1.3773937225341797,0.213512122631073,0.5503092408180237,0.4496909976005554,0.6000000238418579,0.25289565324783325,0.5560165047645569,0.0,0.6740022301673889,0.6851364970207214,0.1352866291999817,0.4078470468521118,0.5921532511711121,0.6000000238418579,0.25289565324783325,0.38624057173728943,0.0,4.874146461486816,9.345178604125977,0.6346929669380188,0.9649597406387329,0.03504045307636261,0.0,0.004324686713516712,0.5560165047645569
17,1.0,0.3858222961425781,0.25793054699897766,0.06976695358753204,0.2960619330406189,0.703938364982605,0.6000000238418579,0.5643901228904724,0.3322458565235138,1.0,0.9245631694793701,1.8621211051940918,0.20287954807281494,0.47028306126594543,0.5297171473503113,0.4000000059604645,0.2680126130580902,0.3322458565235138,1.0,0.6840860843658447,1.680953025817871,0.18571041524410248,0.4963908791542053,0.503609299659729,0.4000000059604645,0.2680126130580902,0.5643901228904724,1.0,0.4555588960647583,0.8869341015815735,0.10201162099838257,0.26186245679855347,0.7381377816200256,0.6000000238418579,0.34637439250946045,0.3322458565235138,1.0,0.26399120688438416,0.7111568450927734,0.076907679438591,0.29220327734947205,0.7077970504760742,0.6000000238418579,0.34637439250946045,0.5643901228904724,1.0,1.0227396488189697,2.189422130584717,0.2228601574897766,0.5117877721786499,0.48821258544921875,0.4000000059604645,0.21477584540843964,0.3322458565235138,1.0,0.8060246109962463,2.102520227432251,0.21479107439517975,0.5456746816635132,0.45432570576667786,0.6000000238418579,0.21477584540843964,0.5643901228904724,1.0,0.8667906522750854,1.6446043252944946,0.18857374787330627,0.4484117031097412,0.5515884160995483,0.6000000238418579,0.27444303035736084,0.3322458565235138,1.0,0.6295886635780334,1.4867219924926758,0.17287471890449524,0.4804791212081909,0.5195210576057434,0.4000000059604645,0.27444303035736084,0.5643901228904724,0.0,8.765023231506348,13.749329566955566,0.6844033002853394,0.9945573210716248,0.005442611873149872,0.0,2.2852631445857696e-05,0.3322458565235138
18,1.0,0.09632764756679535,0.11455561965703964,0.024935737252235413,0.15727576613426208,0.8427245616912842,0.6000000238418579,0.40237075090408325,0.45965126156806946,1.0,1.7767231464385986,6.135733604431152,0.37173646688461304,0.7192797064781189,0.2807205319404602,0.20000000298023224,0.13112585246562958,0.45965126156806946,1.0,1.5917257070541382,5.313643455505371,0.3447566032409668,0.6908997297286987,0.3091004490852356,0.4000000059604645,0.13112585246562958,0.40237075090408325,1.0,1.2971701622009277,4.674857139587402,0.2911384403705597,0.6082205772399902,0.39177972078323364,0.20000000298023224,0.19877655804157257,0.45965126156806946,1.0,1.1124610900878906,3.9163074493408203,0.26253223419189453,0.5714540481567383,0.4285462200641632,0.6000000238418579,0.19877655804157257,0.40237075090408325,1.0,1.1120926141738892,2.832974672317505,0.24618850648403168,0.5556241273880005,0.44437626004219055,0.20000000298023224,0.2446884661912918,0.45965126156806946,1.0,0.9987742304801941,2.2913355827331543,0.22466880083084106,0.5280726552009583,0.4719277024269104,0.20000000298023224,0.2446884661912918,0.40237075090408325,0.0,2.0448496341705322,9.4451322555542,0.40500330924987793,0.7570306658744812,0.2429695874452591,0.20000000298023224,0.12209366261959076,0.45965126156806946,0.0,1.8472037315368652,8.724628448486328,0.3822847604751587,0.7307827472686768,0.2692173719406128,0.20000000298023224,0.12209366261959076,0.40237075090408325,0.0,8.131024360656738,13.014312744140625,0.6760793924331665,0.988727867603302,0.011272398754954338,0.0,9.750441677169874e-05,0.45965126156806946
19,1.0,0.1242418885231018,0.13185745477676392,0.0300469808280468,0.17020222544670105,0.8297984004020691,0.800000011920929,0.09187962859869003,0.09101173281669617,0.0,2.351592540740967,3.778735399246216,0.4262407124042511,0.7688913941383362,0.23110896348953247,0.0,0.002916959347203374,0.09101173281669617,0.0,2.3055825233459473,3.869664192199707,0.4167134165763855,0.7563688158988953,0.243631511926651,0.0,0.002916959347203374,0.09187962859869003,0.0,1.42495858669281,3.6659061908721924,0.3225381374359131,0.6711983680725098,0.32880204916000366,0.4000000059604645,0.016761068254709244,0.09101173281669617,0.0,1.3264756202697754,3.9099743366241455,0.3113937973976135,0.6504284143447876,0.34957200288772583,0.20000000298023224,0.016761068254709244,0.09187962859869003,0.0,1.7910066843032837,2.6348016262054443,0.3556278944015503,0.7066396474838257,0.2933606803417206,0.0,0.005043996963649988,0.09101173281669617,0.0,1.7144217491149902,2.5933141708374023,0.3402191400527954,0.6880998611450195,0.31190043687820435,0.0,0.005043996963649988,0.09187962859869003,0.0,2.45390248298645,4.010503768920898,0.4389273226261139,0.7802274823188782,0.21977302432060242,0.0,0.002747011836618185,0.09101173281669617,0.0,2.4092531204223633,4.132547378540039,0.4300310015678406,0.7683876752853394,0.23161284625530243,0.0,0.002747011836618185,0.09187962859869003,0.0,5.543273448944092,8.786287307739258,0.637731671333313,0.9623542428016663,0.03764602541923523,0.0,3.0352439353009686e-05,0.09101173281669617
20,1.0,0.27319496870040894,0.1768711507320404,0.04626540094614029,0.16501706838607788,0.8349830508232117,0.4000000059604645,0.814032256603241,0.7050142288208008,1.0,0.6327766180038452,0.6400120258331299,0.1153576672077179,0.29966622591018677,0.7003341317176819,0.4000000059604645,0.5694583058357239,0.7050142288208008,1.0,0.2958390712738037,0.5260486006736755,0.08280330896377563,0.29446136951446533,0.705538809299469,0.6000000238418579,0.5694583058357239,0.814032256603241,1.0,0.4484567642211914,0.3598041236400604,0.07289068400859833,0.15964017808437347,0.8403601050376892,0.4000000059604645,0.7029358148574829,0.7050142288208008,1.0,0.06767226755619049,0.09355323016643524,0.018515095114707947,0.12723667919635773,0.8727636337280273,1.0,0.7029358148574829,0.814032256603241,1.0,0.7087662816047668,0.666236937046051,0.11955685168504715,0.3197612464427948,0.6802391409873962,0.4000000059604645,0.5485686659812927,0.7050142288208008,1.0,0.3450237512588501,0.5872780680656433,0.09220189601182938,0.3162965774536133,0.6837036609649658,0.800000011920929,0.5485686659812927,0.814032256603241,1.0,0.6474649310112,0.6424686908721924,0.11608514189720154,0.3068472146987915,0.6931532621383667,0.4000000059604645,0.5612127184867859,0.7050142288208008,1.0,0.3023495674133301,0.5346088409423828,0.08432451635599136,0.3015109896659851,0.6984893083572388,0.6000000238418579,0.5612127184867859,0.814032256603241,0.0,8.807363510131836,14.390385627746582,0.6613906621932983,0.97151780128479,0.028482429683208466,0.0,0.00010370149539085105,0.7050142288208008
21,1.0,0.2040863186120987,0.2759856879711151,0.05575557053089142,0.2826329171657562,0.7173671722412109,0.6000000238418579,0.5261670351028442,0.7851760387420654,0.0,2.3856706619262695,4.552779197692871,0.46029332280158997,0.7988744378089905,0.201125830411911,0.6000000238418579,0.03849189728498459,0.7851760387420654,0.0,1.6462122201919556,3.2140450477600098,0.35374701023101807,0.7200337648391724,0.27996647357940674,0.6000000238418579,0.03849189728498459,0.5261670351028442,1.0,0.27691924571990967,0.7487279176712036,0.08304402977228165,0.29863372445106506,0.701366662979126,0.6000000238418579,0.5228772163391113,0.7851760387420654,1.0,0.15961045026779175,0.41097864508628845,0.04651706665754318,0.15020908415317535,0.8497912883758545,0.800000011920929,0.5228772163391113,0.5261670351028442,0.0,2.2483158111572266,5.041191577911377,0.4493330717086792,0.7881556749343872,0.2118445187807083,0.6000000238418579,0.04606024920940399,0.7851760387420654,0.0,1.5281188488006592,3.5768351554870605,0.3445763885974884,0.6979081034660339,0.30209222435951233,0.6000000238418579,0.04606024920940399,0.5261670351028442,0.0,2.5255813598632812,4.940356731414795,0.471902072429657,0.8063187599182129,0.1936815232038498,0.4000000059604645,0.03268882632255554,0.7851760387420654,0.0,1.7318531274795532,3.533550977706909,0.364174485206604,0.7183741927146912,0.2816261053085327,0.4000000059604645,0.03268882632255554,0.5261670351028442,0.0,9.523146629333496,12.850006103515625,0.6886814832687378,0.9971073269844055,0.0028927777893841267,0.0,5.4066931625129655e-05,0.7851760387420654
22,1.0,0.18909773230552673,0.20740535855293274,0.043490730226039886,0.15637335181236267,0.8436267375946045,0.6000000238418579,0.617122232913971,0.6029642820358276,0.0,2.8845531940460205,4.186832427978516,0.43637216091156006,0.7743669748306274,0.22563305497169495,0.20000000298023224,0.008974381722509861,0.6029642820358276,0.0,2.8203976154327393,4.605408191680908,0.4294300973415375,0.7408282160758972,0.2591719329357147,0.20000000298023224,0.008974381722509861,0.617122232913971,0.0,1.5308988094329834,4.87589693069458,0.3496060371398926,0.693728506565094,0.30627164244651794,0.4000000059604645,0.07012365758419037,0.6029642820358276,0.0,1.4187994003295898,5.542283058166504,0.3266201615333557,0.6474975943565369,0.3525025248527527,0.6000000238418579,0.07012365758419037,0.617122232913971,0.0,2.371354818344116,2.359299898147583,0.37754252552986145,0.7361602187156677,0.2638399302959442,0.4000000059604645,0.014824862591922283,0.6029642820358276,0.0,2.318394899368286,2.490426540374756,0.36780208349227905,0.7066882848739624,0.2933119237422943,0.4000000059604645,0.014824862591922283,0.617122232913971,0.0,2.4997000694274902,2.888624429702759,0.39685308933258057,0.7482355833053589,0.2517646551132202,0.4000000059604645,0.013408982194960117,0.6029642820358276,0.0,2.415915012359619,3.0759942531585693,0.3799976110458374,0.7053862810134888,0.29461389780044556,0.4000000059604645,0.013408982194960117,0.617122232913971,0.0,5.860218524932861,10.706299781799316,0.638340413570404,0.9572158455848694,0.04278432950377464,0.0,0.0006741105462424457,0.6029642820358276
23,1.0,0.3291530907154083,0.2666199505329132,0.05947057902812958,0.24642232060432434,0.7535780668258667,0.800000011920929,0.231923446059227,0.3402986526489258,1.0,1.1744312047958374,1.6537107229232788,0.22680699825286865,0.5116299390792847,0.48837023973464966,0.6000000238418579,0.21089407801628113,0.3402986526489258,1.0,1.2321199178695679,1.6489816904067993,0.2432338297367096,0.5179258584976196,0.48207443952560425,0.4000000059604645,0.21089407801628113,0.231923446059227,1.0,0.6218425631523132,1.1577647924423218,0.16179008781909943,0.4537695050239563,0.5462308526039124,0.6000000238418579,0.14976902306079865,0.3402986526489258,1.0,0.6836019158363342,1.1452137231826782,0.16958104074001312,0.44257786870002747,0.5574225187301636,0.4000000059604645,0.14976902306079865,0.231923446059227,1.0,1.2044583559036255,1.4685771465301514,0.22345536947250366,0.509346067905426,0.49065423011779785,0.4000000059604645,0.21970005333423615,0.3402986526489258,1.0,1.2305930852890015,1.4087791442871094,0.23267826437950134,0.5007557272911072,0.49924468994140625,0.20000000298023224,0.21970005333423615,0.231923446059227,1.0,1.2868390083312988,1.9971580505371094,0.25400927662849426,0.5616269111633301,0.438373327255249,0.4000000059604645,0.17699295282363892,0.3402986526489258,1.0,1.3362963199615479,1.9470031261444092,0.267689049243927,0.5621371269226074,0.43786320090293884,0.20000000298023224,0.17699295282363892,0.231923446059227,0.0,12.307366371154785,9.081449508666992,0.6448943018913269,0.9551345705986023,0.04486558958888054,0.20000000298023224,9.840367454216903e-08,0.3402986526489258
24,0.0,0.3037988543510437,0.3511047065258026,0.07697391510009766,0.32416167855262756,0.6758385300636292,0.6000000238418579,0.12076163291931152,0.31700989603996277,0.0,3.518543243408203,13.230990409851074,0.6034778356552124,0.9454408884048462,0.05455953627824783,0.0,0.0036594963166862726,0.31700989603996277,0.0,3.0279643535614014,10.159894943237305,0.5884764194488525,0.9451656937599182,0.05483482778072357,0.0,0.004146752879023552,0.12076163291931152,0.0,5.087535381317139,14.987822532653809,0.666375994682312,0.9886953830718994,0.011304873041808605,0.0,0.0008792202570475638,0.31700989603996277,0.0,4.610667705535889,12.183286666870117,0.6623410582542419,0.9884397983551025,0.011560514569282532,0.0,0.0008792202570475638,0.12076163291931152,0.0,8.77711009979248,14.200874328613281,0.6916252374649048,0.9996017813682556,0.00039853944326750934,0.0,1.6182719264179468e-05,0.31700989603996277,0.0,8.18947982788086,10.858139991760254,0.6909096240997314,0.9993652701377869,0.0006350715993903577,0.0,2.8401556846802123e-05,0.12076163291931152,0.0,3.2356760501861572,12.827396392822266,0.5835214853286743,0.9248666763305664,0.07513373345136642,0.0,0.0051044076681137085,0.31700989603996277,0.0,2.749093770980835,9.800070762634277,0.5625752210617065,0.9245877861976624,0.07541265338659286,0.0,0.0051044076681137085,0.12076163291931152,0.0,1.7414528131484985,8.001333236694336,0.39399707317352295,0.744378924369812,0.25562113523483276,0.0,0.023238016292452812,0.31700989603996277
25,1.0,0.0562681183218956,0.04435395449399948,0.012097358703613281,0.10457765311002731,0.8954223394393921,0.800000011920929,0.89821857213974,0.7965112328529358,0.0,3.2297933101654053,3.9172286987304688,0.46338433027267456,0.7890458106994629,0.2109544426202774,0.4000000059604645,0.011486096307635307,0.7965112328529358,0.0,3.7669317722320557,4.252739906311035,0.5299037098884583,0.8890883326530457,0.11091174185276031,0.6000000238418579,0.011486096307635307,0.89821857213974,0.0,6.020817279815674,4.106770992279053,0.4728834927082062,0.8077144026756287,0.19228596985340118,0.4000000059604645,0.00033153919503092766,0.7965112328529358,0.0,6.945047855377197,4.56646203994751,0.5537112951278687,0.9045090079307556,0.09549134969711304,0.4000000059604645,0.00033153919503092766,0.89821857213974,0.0,6.478562831878662,4.440795421600342,0.48811328411102295,0.8105265498161316,0.18947362899780273,0.20000000298023224,0.00019645181600935757,0.7965112328529358,0.0,7.434985160827637,4.965782165527344,0.5618313550949097,0.9052979946136475,0.09470222145318985,0.20000000298023224,0.00019645181600935757,0.89821857213974,0.0,3.489435911178589,4.196950435638428,0.4722273349761963,0.7926846146583557,0.2073156237602234,0.4000000059604645,0.00833886582404375,0.7965112328529358,0.0,4.056602478027344,4.507170677185059,0.5379286408424377,0.8922539353370667,0.10774629563093185,0.6000000238418579,0.00833886582404375,0.89821857213974,0.0,15.402101516723633,14.264457702636719,0.686722993850708,0.9947589635848999,0.005241071339696646,0.0,4.250872720490406e-08,0.7965112328529358
26,1.0,0.011947603896260262,0.022820277139544487,0.0033102938905358315,0.010756627656519413,0.9892436861991882,0.6000000238418579,0.9854198694229126,0.9916205406188965,1.0,1.5866575241088867,5.291413307189941,0.4127362370491028,0.7952389121055603,0.20476126670837402,0.4000000059604645,0.19642791152000427,0.9916205406188965,1.0,1.5539950132369995,4.404069900512695,0.40150004625320435,0.789527177810669,0.21047328412532806,0.6000000238418579,0.19642791152000427,0.9854198694229126,1.0,2.144221544265747,6.344945907592773,0.4981079399585724,0.8800976872444153,0.11990245431661606,0.4000000059604645,0.11205226182937622,0.9916205406188965,1.0,2.099459171295166,4.920165538787842,0.4830811619758606,0.8734416961669922,0.1265585720539093,0.4000000059604645,0.11205226182937622,0.9854198694229126,1.0,0.6354840397834778,2.4473068714141846,0.19566309452056885,0.4817552864551544,0.5182451009750366,0.800000011920929,0.5099062323570251,0.9916205406188965,1.0,0.6157131791114807,1.9387736320495605,0.18817462027072906,0.4762181043624878,0.52378249168396,0.800000011920929,0.5099062323570251,0.9854198694229126,1.0,1.4850265979766846,5.11027717590332,0.39427733421325684,0.7738937139511108,0.2261064499616623,0.4000000059604645,0.21777105331420898,0.9916205406188965,1.0,1.452225923538208,4.222020149230957,0.38278305530548096,0.7679726481437683,0.23202770948410034,0.6000000238418579,0.21777105331420898,0.9854198694229126,0.0,11.920783996582031,11.546845436096191,0.6889981031417847,0.9973370432853699,0.002663249848410487,0.0,6.065869911253685e-06,0.9916205406188965
27,1.0,0.14539137482643127,0.17391839623451233,0.03531865030527115,0.20201009511947632,0.7979902625083923,0.800000011920929,0.15921032428741455,0.22259525954723358,0.0,0.618217945098877,0.7103090882301331,0.13307008147239685,0.41204771399497986,0.587952733039856,0.800000011920929,0.06875529885292053,0.22259525954723358,0.0,0.5112542510032654,0.46804308891296387,0.09690824151039124,0.31063783168792725,0.6893627643585205,0.800000011920929,0.06875529885292053,0.15921032428741455,0.0,0.47171705961227417,1.0588561296463013,0.1244288980960846,0.38613903522491455,0.6138612627983093,0.800000011920929,0.0679289847612381,0.22259525954723358,0.0,0.28060659766197205,0.42846184968948364,0.07547350227832794,0.2938929796218872,0.7061075568199158,0.6000000238418579,0.0679289847612381,0.15921032428741455,0.0,0.6267625093460083,0.7211648225784302,0.13699114322662354,0.4307892322540283,0.5692111849784851,0.800000011920929,0.07600192725658417,0.22259525954723358,0.0,0.5421725511550903,0.5224258899688721,0.10494251549243927,0.35071370005607605,0.6492868065834045,0.800000011920929,0.07600192725658417,0.15921032428741455,0.0,0.6468803882598877,0.742345929145813,0.13844357430934906,0.4207212030887604,0.5792790651321411,0.800000011920929,0.06414126604795456,0.22259525954723358,0.0,0.533220112323761,0.4906032085418701,0.10084360837936401,0.31785866618156433,0.682141900062561,0.800000011920929,0.06414126604795456,0.15921032428741455,0.0,4.2034735679626465,6.685745716094971,0.5475821495056152,0.8630773425102234,0.13692282140254974,0.20000000298023224,0.011206316761672497,0.22259525954723358
28,0.0,0.643150269985199,0.78700190782547,0.15822598338127136,0.5238205194473267,0.47617974877357483,1.0,0.1764443814754486,0.5944784283638,0.0,3.5978033542633057,2.6025214195251465,0.4224857687950134,0.7342208027839661,0.26577967405319214,0.4000000059604645,0.0021090509835630655,0.5944784283638,0.0,2.8062970638275146,1.7663298845291138,0.35710829496383667,0.6902135014533997,0.30978676676750183,0.4000000059604645,0.005385650787502527,0.47962555289268494,0.0,1.8630011081695557,2.6669304370880127,0.3346366286277771,0.6264840960502625,0.3735162615776062,0.6000000238418579,0.023618953302502632,0.5944784283638,0.0,0.9545876979827881,1.5392560958862305,0.22539964318275452,0.5516395568847656,0.448360800743103,0.6000000238418579,0.11267971992492676,0.47962555289268494,0.0,3.590508222579956,3.617007255554199,0.48339027166366577,0.8506680130958557,0.14933247864246368,0.4000000059604645,0.0032795302104204893,0.5944784283638,0.0,2.99863600730896,2.6478259563446045,0.4063113331794739,0.7498742341995239,0.2501261234283447,0.4000000059604645,0.004482586402446032,0.47962555289268494,0.0,4.189243793487549,4.217254638671875,0.4856192469596863,0.8295813798904419,0.17041891813278198,0.4000000059604645,0.0011430936865508556,0.5944784283638,0.0,3.269502639770508,3.1609935760498047,0.4209761321544647,0.7293452620506287,0.27065494656562805,0.4000000059604645,0.003748060204088688,0.47962555289268494,0.0,9.579046249389648,12.320085525512695,0.6857035160064697,0.9950634241104126,0.004936979152262211,0.0,5.596314076683484e-05,0.5944784283638
29,0.0,0.4577336013317108,0.39462152123451233,0.09514687210321426,0.3816225230693817,0.6183777451515198,0.6000000238418579,0.3671196401119232,0.598886251449585,1.0,1.0770014524459839,2.8526244163513184,0.28120505809783936,0.6306205987930298,0.3693799674510956,0.4000000059604645,0.25151386857032776,0.598886251449585,0.0,1.4705989360809326,2.6967601776123047,0.3136020004749298,0.6202833652496338,0.3797172009944916,0.6000000238418579,0.03857090324163437,0.5341559052467346,1.0,0.4063911736011505,1.1397268772125244,0.11413757503032684,0.314633309841156,0.6853671073913574,0.800000011920929,0.46357905864715576,0.598886251449585,0.0,0.5976084470748901,1.0249214172363281,0.1460624486207962,0.41427600383758545,0.5857242941856384,0.800000011920929,0.13281762599945068,0.5341559052467346,1.0,0.8226391673088074,1.8729474544525146,0.2036944031715393,0.46739253401756287,0.532607913017273,0.4000000059604645,0.43117889761924744,0.598886251449585,0.0,1.4606950283050537,1.9337873458862305,0.2664439082145691,0.5161706805229187,0.48382967710494995,0.6000000238418579,0.027564341202378273,0.5341559052467346,1.0,1.0631927251815796,2.8090312480926514,0.2780834436416626,0.6268319487571716,0.37316855788230896,0.4000000059604645,0.256875604391098,0.598886251449585,0.0,1.4494112730026245,2.65248966217041,0.3090102970600128,0.6142641305923462,0.38573628664016724,0.6000000238418579,0.03939315304160118,0.5341559052467346,0.0,7.540354251861572,10.240131378173828,0.671392560005188,0.985867977142334,0.014132199808955193,0.0,0.00020440678054001182,0.598886251449585
30,1.0,1.3504141569137573,1.7347898483276367,0.15800508856773376,0.29604604840278625,0.7039541602134705,0.20000000298023224,0.6680958271026611,0.7644173502922058,0.0,7.710202693939209,7.451846122741699,0.5975608825683594,0.9134595394134521,0.08654068410396576,0.0,5.165271068108268e-05,0.7644173502922058,0.0,7.505084037780762,7.753659248352051,0.6370849609375,0.9594350457191467,0.040564972907304764,0.0,5.165271068108268e-05,0.6680958271026611,0.0,5.907553195953369,8.693800926208496,0.596346914768219,0.9126489162445068,0.0873514786362648,0.20000000298023224,0.0005329191917553544,0.7644173502922058,0.0,5.807491302490234,8.966493606567383,0.6282390356063843,0.9526705741882324,0.04732976481318474,0.0,0.0005329191917553544,0.6680958271026611,0.0,7.585500240325928,6.826939105987549,0.5916835069656372,0.9106888771057129,0.08931134641170502,0.20000000298023224,5.687425800715573e-05,0.7644173502922058,0.0,7.214944362640381,6.698748588562012,0.612854540348053,0.9355675578117371,0.06443257629871368,0.0,5.687425800715573e-05,0.6680958271026611,0.0,7.645728588104248,7.428559303283691,0.5986028909683228,0.9141905903816223,0.08580954372882843,0.20000000298023224,5.6456316087860614e-05,0.7644173502922058,0.0,7.390905380249023,7.623561859130859,0.6330970525741577,0.9556176066398621,0.04438241571187973,0.0,5.6456316087860614e-05,0.6680958271026611,0.0,14.738749504089355,12.283846855163574,0.6782951951026917,0.9899884462356567,0.010011700913310051,0.0,2.0175676240796747e-08,0.7644173502922058
31,0.0,1.5476406812667847,1.7079176902770996,0.29263007640838623,0.6296058893203735,0.3703944683074951,0.20000000298023224,0.002014138037338853,0.08312641829252243,0.0,2.53859806060791,5.021923065185547,0.43012285232543945,0.7757126688957214,0.2242874801158905,0.0,0.0025030176620930433,0.08312641829252243,0.0,2.4941248893737793,3.1612367630004883,0.3898656964302063,0.7244707345962524,0.27552929520606995,0.0,0.0028362905140966177,0.3387259840965271,0.0,1.362608551979065,2.3257250785827637,0.27255499362945557,0.5943799018859863,0.4056203067302704,0.20000000298023224,0.0049127317033708096,0.08312641829252243,0.0,0.8008743524551392,1.139058232307434,0.18155395984649658,0.47649016976356506,0.5235099196434021,0.4000000059604645,0.05622323602437973,0.3387259840965271,0.0,2.703784465789795,5.871791362762451,0.43942737579345703,0.7824344038963318,0.21756590902805328,0.0,0.0027416071388870478,0.08312641829252243,0.0,2.300436496734619,3.6280922889709473,0.39399397373199463,0.7260695099830627,0.2739306688308716,0.20000000298023224,0.006178307346999645,0.3387259840965271,0.0,2.6014866828918457,5.168842792510986,0.43854790925979614,0.782315731048584,0.2176845669746399,0.0,0.002234968589618802,0.08312641829252243,0.0,2.6222891807556152,3.261617422103882,0.39895325899124146,0.7339685559272766,0.2660316526889801,0.0,0.002234968589618802,0.3387259840965271,0.0,7.098150730133057,10.567512512207031,0.6464555263519287,0.9660263061523438,0.03397386521100998,0.0,8.092362122624763e-07,0.08312641829252243
32,1.0,0.23943495750427246,0.23551157116889954,0.05460850149393082,0.2575431764125824,0.7424571514129639,1.0,0.4639167785644531,0.3742033541202545,1.0,1.3581514358520508,3.0862348079681396,0.2977587580680847,0.6176498532295227,0.38235047459602356,0.6000000238418579,0.16772815585136414,0.3742033541202545,1.0,0.9616265296936035,2.5041122436523438,0.24879500269889832,0.5943295359611511,0.4056708812713623,0.6000000238418579,0.16772815585136414,0.4639167785644531,1.0,0.3559004068374634,0.6313864588737488,0.08288374543190002,0.2748798727989197,0.7251206636428833,1.0,0.41067785024642944,0.3742033541202545,1.0,0.1290368139743805,0.32324129343032837,0.0358458086848259,0.14619290828704834,0.8538075685501099,1.0,0.41067785024642944,0.4639167785644531,1.0,1.9615309238433838,6.4491424560546875,0.4060601592063904,0.7583397626876831,0.2416604906320572,0.4000000059604645,0.0870983824133873,0.3742033541202545,1.0,1.5279173851013184,5.313107967376709,0.3635125756263733,0.7312824726104736,0.26871785521507263,0.4000000059604645,0.0870983824133873,0.4639167785644531,1.0,1.4798718690872192,3.5585100650787354,0.32069703936576843,0.6531189680099487,0.34688133001327515,0.6000000238418579,0.1518138200044632,0.3742033541202545,1.0,1.0693721771240234,2.9505155086517334,0.27307596802711487,0.6287123560905457,0.3712879419326782,0.6000000238418579,0.1518138200044632,0.4639167785644531,0.0,8.397387504577637,13.178102493286133,0.6819494366645813,0.99278724193573,0.0072128246538341045,0.0,6.826141179772094e-05,0.3742033541202545
33,1.0,0.34550997614860535,0.29592758417129517,0.06836001574993134,0.28843995928764343,0.7115603089332581,1.0,0.5637049078941345,0.38220804929733276,1.0,0.7422647476196289,1.3973493576049805,0.1446683257818222,0.28888314962387085,0.7111173868179321,0.800000011920929,0.3736240267753601,0.38220804929733276,1.0,0.4130781888961792,0.7568842172622681,0.09384628385305405,0.29045480489730835,0.7095458507537842,0.800000011920929,0.3736240267753601,0.5637049078941345,1.0,0.6673235297203064,1.538995623588562,0.14740221202373505,0.31564977765083313,0.6843505501747131,0.800000011920929,0.33977529406547546,0.38220804929733276,1.0,0.3730776309967041,0.7898333668708801,0.0963025614619255,0.31017357110977173,0.6898267865180969,0.800000011920929,0.33977529406547546,0.5637049078941345,1.0,0.660807728767395,1.1773607730865479,0.13943766057491302,0.30011478066444397,0.6998856067657471,0.800000011920929,0.39500588178634644,0.38220804929733276,1.0,0.3167193830013275,0.5579061508178711,0.07733301818370819,0.26052871346473694,0.7394718527793884,0.800000011920929,0.39500588178634644,0.5637049078941345,1.0,0.6836460828781128,1.3157495260238647,0.13998952507972717,0.2840045988559723,0.7159957885742188,0.800000011920929,0.37522363662719727,0.38220804929733276,1.0,0.37399154901504517,0.6934926509857178,0.0886240005493164,0.28539368510246277,0.7146068811416626,0.800000011920929,0.37522363662719727,0.5637049078941345,0.0,5.067570209503174,11.346485137939453,0.6607668995857239,0.9842380285263062,0.01576218754053116,0.0,0.0034271366894245148,0.38220804929733276
34,1.0,0.1219642236828804,0.20119096338748932,0.035418082028627396,0.1644914597272873,0.8355087041854858,1.0,0.5459871888160706,0.6905186772346497,0.0,4.867787837982178,2.282987117767334,0.42383915185928345,0.7637557983398438,0.23624469339847565,0.20000000298023224,0.0005907746963202953,0.6905186772346497,0.0,4.034205913543701,1.7439930438995361,0.3746613562107086,0.7169162034988403,0.28308409452438354,0.20000000298023224,0.0005907746963202953,0.5459871888160706,0.0,0.7646028995513916,1.0072706937789917,0.18510648608207703,0.5252148509025574,0.47478553652763367,0.800000011920929,0.1714686006307602,0.6905186772346497,0.0,0.5959490537643433,0.6353925466537476,0.1381058394908905,0.46025508642196655,0.5397451519966125,0.800000011920929,0.1714686006307602,0.5459871888160706,0.0,3.807302713394165,2.2288053035736084,0.4129977226257324,0.7554459571838379,0.24455450475215912,0.20000000298023224,0.0025458992458879948,0.6905186772346497,0.0,3.1131858825683594,1.6908414363861084,0.35920268297195435,0.7069158554077148,0.2930843234062195,0.20000000298023224,0.0025458992458879948,0.5459871888160706,0.0,4.617216110229492,2.3772099018096924,0.4260399043560028,0.7617968916893005,0.2382034957408905,0.20000000298023224,0.0008429706213064492,0.6905186772346497,0.0,3.822793960571289,1.8074934482574463,0.3751686215400696,0.7141327857971191,0.2858674228191376,0.20000000298023224,0.0008429706213064492,0.5459871888160706,0.0,9.735330581665039,10.207180976867676,0.6753605604171753,0.9880659580230713,0.011934557929635048,0.0,9.413010957359802e-06,0.6905186772346497
35,1.0,0.0004787736397702247,0.0017851802986115217,0.00016206965665332973,0.0005314949667081237,0.9994685649871826,0.6000000238418579,0.9993799328804016,0.9999108910560608,0.0,2.0009632110595703,9.461641311645508,0.4856640696525574,0.8648303747177124,0.13516980409622192,0.800000011920929,0.13508053123950958,0.9999108910560608,0.0,1.996020793914795,6.633422374725342,0.4837546944618225,0.8643008470535278,0.1356993466615677,0.800000011920929,0.13508053123950958,0.9993799328804016,1.0,0.03493793308734894,0.23096688091754913,0.01200004480779171,0.03474266827106476,0.965257465839386,0.800000011920929,0.9651682376861572,0.9999108910560608,1.0,0.03255807235836983,0.1226356253027916,0.010993323288857937,0.03421249985694885,0.9657875895500183,0.800000011920929,0.9651682376861572,0.9993799328804016,0.0,1.8485757112503052,9.20156478881836,0.4627663195133209,0.8425891995429993,0.15741081535816193,0.800000011920929,0.15732291340827942,0.9999108910560608,0.0,1.8437544107437134,6.512643337249756,0.46087753772735596,0.8420688509941101,0.15793122351169586,0.800000011920929,0.15732291340827942,0.9993799328804016,0.0,1.96751868724823,9.359484672546387,0.4808105230331421,0.8602379560470581,0.139762282371521,0.800000011920929,0.13967673480510712,0.9999108910560608,0.0,1.9625649452209473,6.51739501953125,0.4788806140422821,0.8597170114517212,0.1402832418680191,0.800000011920929,0.13967673480510712,0.9993799328804016,0.0,3.6042351722717285,17.022018432617188,0.6300354599952698,0.9727298617362976,0.02727016620337963,0.6000000238418579,0.027180885896086693,0.9999108910560608
36,1.0,0.10460995882749557,0.15776732563972473,0.028507735580205917,0.10405805706977844,0.8959421515464783,0.800000011920929,0.6404587626457214,0.6464177370071411,1.0,1.5687947273254395,0.8042303919792175,0.1389731764793396,0.3790847361087799,0.6209154725074768,0.4000000059604645,0.446992963552475,0.6464177370071411,1.0,0.9500465989112854,0.6756289005279541,0.1190919280052185,0.3554556369781494,0.6445446014404297,0.4000000059604645,0.446992963552475,0.6404587626457214,0.0,2.5693228244781494,4.089853286743164,0.36994028091430664,0.7484704256057739,0.2515296936035156,0.4000000059604645,0.08750811964273453,0.6464177370071411,0.0,2.0259857177734375,3.702167272567749,0.34995847940444946,0.7258261442184448,0.27417394518852234,0.4000000059604645,0.08750811964273453,0.6404587626457214,0.0,2.162947654724121,3.8180556297302246,0.2965962290763855,0.6158368587493896,0.38416361808776855,0.4000000059604645,0.21392706036567688,0.6464177370071411,0.0,1.6587731838226318,3.57497239112854,0.28508371114730835,0.5934969186782837,0.4065035879611969,0.4000000059604645,0.21392706036567688,0.6404587626457214,1.0,1.6142674684524536,0.8524496555328369,0.14593654870986938,0.40313971042633057,0.596860408782959,0.4000000059604645,0.42306873202323914,0.6464177370071411,1.0,0.9807190895080566,0.7175547480583191,0.12544801831245422,0.37967073917388916,0.6203294396400452,0.4000000059604645,0.42306873202323914,0.6404587626457214,1.0,2.966299057006836,5.893756866455078,0.5001980066299438,0.8729796409606934,0.1270204335451126,0.20000000298023224,0.10078120976686478,0.6464177370071411
37,1.0,0.04371169954538345,0.06733113527297974,0.00990423932671547,0.03260694444179535,0.967393159866333,0.4000000059604645,0.9549177885055542,0.9765672087669373,1.0,0.26719367504119873,1.0055586099624634,0.08480867743492126,0.24751542508602142,0.7524848580360413,0.4000000059604645,0.736085057258606,0.9765672087669373,1.0,0.20690539479255676,0.5703042149543762,0.06486178189516068,0.2238248735666275,0.7761755585670471,0.6000000238418579,0.736085057258606,0.9549177885055542,1.0,0.09924998134374619,0.2719826102256775,0.02957049384713173,0.09862684458494186,0.9013733267784119,0.4000000059604645,0.8863880634307861,0.9765672087669373,1.0,0.0395730696618557,0.06639557331800461,0.011718666180968285,0.07029926031827927,0.929701030254364,0.800000011920929,0.8863880634307861,0.9549177885055542,1.0,0.23955248296260834,0.8658819198608398,0.07615583389997482,0.22642208635807037,0.7735782265663147,0.4000000059604645,0.756938636302948,0.9765672087669373,1.0,0.1829029768705368,0.47465404868125916,0.05734916776418686,0.20329362154006958,0.7967067360877991,0.6000000238418579,0.756938636302948,0.9549177885055542,1.0,0.2732255458831787,1.0110282897949219,0.08670728653669357,0.2525215148925781,0.7474787831306458,0.4000000059604645,0.7313703298568726,0.9765672087669373,1.0,0.21255160868167877,0.5721379518508911,0.06651550531387329,0.22859659790992737,0.7714037895202637,0.6000000238418579,0.7313703298568726,0.9549177885055542,0.0,9.980738639831543,14.33720874786377,0.6882472038269043,0.9964652061462402,0.0035346434451639652,0.0,3.9177069993456826e-05,0.9765672087669373
38,0.0,1.2195110321044922,1.3308112621307373,0.24076992273330688,0.6073682308197021,0.3926320970058441,0.6000000238418579,0.06543104350566864,0.31084761023521423,0.0,6.722442626953125,2.9460368156433105,0.4937407374382019,0.8490606546401978,0.1509396731853485,0.0,2.0056254470546264e-06,0.31084761023521423,0.0,3.0977766513824463,3.3227624893188477,0.4870632588863373,0.8657159805297852,0.13428431749343872,0.0,0.03662390634417534,0.42666399478912354,0.0,2.2843194007873535,2.522350311279297,0.3623175621032715,0.6910274028778076,0.3089730143547058,0.4000000059604645,0.006489764433354139,0.31084761023521423,1.0,0.5417690277099609,0.9147061705589294,0.141344353556633,0.4192007780075073,0.5807995796203613,0.6000000238418579,0.2287721484899521,0.42666399478912354,0.0,6.079127311706543,2.739464282989502,0.4878411889076233,0.8480983972549438,0.15190210938453674,0.0,5.831904672959354e-06,0.31084761023521423,0.0,2.8991751670837402,3.0369749069213867,0.4760659337043762,0.8617186546325684,0.13828174769878387,0.0,0.0345735140144825,0.42666399478912354,0.0,6.770261287689209,2.927813768386841,0.49866849184036255,0.8580074906349182,0.1419929563999176,0.0,1.992194029298844e-06,0.31084761023521423,0.0,3.2027766704559326,3.3337953090667725,0.49703454971313477,0.8750180006027222,0.1249823272228241,0.0,0.030158918350934982,0.42666399478912354,0.0,8.270829200744629,8.064310073852539,0.6525360345840454,0.9715237021446228,0.028476571664214134,0.0,3.354834007041063e-06,0.31084761023521423
39,1.0,0.17030645906925201,0.11298783868551254,0.032134126871824265,0.18302935361862183,0.816970944404602,0.6000000238418579,0.7783441543579102,0.6118074059486389,0.0,1.3169450759887695,2.8874523639678955,0.3060789704322815,0.6148014068603516,0.38519880175590515,0.800000011920929,0.07433348149061203,0.6118074059486389,0.0,1.7015572786331177,3.242391586303711,0.36390239000320435,0.7041273713111877,0.29587289690971375,0.4000000059604645,0.07433348149061203,0.7783441543579102,0.0,1.1042803525924683,2.4640140533447266,0.2888651490211487,0.6072692275047302,0.39273127913475037,0.4000000059604645,0.13690441846847534,0.6118074059486389,0.0,1.366908311843872,3.0741419792175293,0.3344876170158386,0.6751927733421326,0.32480764389038086,0.6000000238418579,0.13690441846847534,0.7783441543579102,1.0,0.8025903105735779,1.8683626651763916,0.21290487051010132,0.52265465259552,0.4773457944393158,0.6000000238418579,0.1677495837211609,0.6118074059486389,1.0,1.0369824171066284,2.1538915634155273,0.2570575475692749,0.6107745170593262,0.3892257809638977,0.6000000238418579,0.1677495837211609,0.7783441543579102,0.0,1.4088197946548462,3.181703567504883,0.34246358275413513,0.6833499073982239,0.31665048003196716,0.6000000238418579,0.08324293792247772,0.6118074059486389,0.0,1.685664176940918,3.593032121658325,0.37991252541542053,0.7114936709403992,0.2885065972805023,0.4000000059604645,0.08324293792247772,0.7783441543579102,0.0,5.144965171813965,15.847289085388184,0.6430653929710388,0.9674190878868103,0.03258107975125313,0.0,0.0019484739750623703,0.6118074059486389
40,0.0,0.17693935334682465,0.19857244193553925,0.04128432646393776,0.233054518699646,0.7669457197189331,0.800000011920929,0.2157597839832306,0.3743899464607239,0.0,1.8245208263397217,2.0602662563323975,0.338412880897522,0.7167952060699463,0.28320521116256714,0.4000000059604645,0.011614909395575523,0.3743899464607239,0.0,1.4425816535949707,1.8191473484039307,0.30978575348854065,0.6991839408874512,0.30081647634506226,0.4000000059604645,0.11019918322563171,0.45676347613334656,0.0,0.4688738286495209,0.732952356338501,0.11841382086277008,0.3391493558883667,0.6608511209487915,0.800000011920929,0.10242968052625656,0.3743899464607239,1.0,0.2713369131088257,0.3924744129180908,0.07430363446474075,0.31263425946235657,0.687366247177124,0.800000011920929,0.3155056834220886,0.45676347613334656,0.0,1.6872159242630005,1.9336003065109253,0.30617642402648926,0.657935380935669,0.34206491708755493,0.6000000238418579,0.0108617153018713,0.3743899464607239,0.0,1.2446181774139404,1.6305729150772095,0.2681061029434204,0.637130856513977,0.3628694713115692,0.6000000238418579,0.1499413400888443,0.45676347613334656,0.0,1.8341128826141357,2.1357128620147705,0.3403916656970978,0.7185507416725159,0.281449556350708,0.4000000059604645,0.011142674833536148,0.3743899464607239,0.0,1.4492413997650146,1.8392630815505981,0.31049489974975586,0.7007032036781311,0.29929718375205994,0.4000000059604645,0.10571876913309097,0.45676347613334656,0.0,7.2874932289123535,9.860715866088867,0.6359211802482605,0.9650537371635437,0.03494637459516525,0.20000000298023224,1.3112033911966137e-06,0.3743899464607239
41,1.0,0.23024329543113708,0.22102339565753937,0.047085221856832504,0.1719849705696106,0.8280152082443237,0.800000011920929,0.7829504609107971,0.7075631618499756,0.0,2.1239609718322754,5.9692230224609375,0.48276013135910034,0.8609932065010071,0.13900721073150635,0.20000000298023224,0.08564490079879761,0.7075631618499756,0.0,1.9713910818099976,5.824362277984619,0.4607125222682953,0.8360528945922852,0.16394737362861633,0.20000000298023224,0.08564490079879761,0.7829504609107971,1.0,1.1224861145019531,3.9136459827423096,0.3057098090648651,0.6573441028594971,0.34265628457069397,0.4000000059604645,0.23454968631267548,0.7075631618499756,1.0,0.9876136183738708,3.76706600189209,0.27790263295173645,0.6085801720619202,0.39142006635665894,0.4000000059604645,0.23454968631267548,0.7829504609107971,0.0,2.103605270385742,5.595055103302002,0.4801517128944397,0.8606130480766296,0.13938742876052856,0.20000000298023224,0.08509983867406845,0.7075631618499756,0.0,1.9513641595840454,5.2681403160095215,0.45203840732574463,0.8224519491195679,0.17754845321178436,0.20000000298023224,0.08509983867406845,0.7829504609107971,0.0,2.2965571880340576,6.118741035461426,0.505574643611908,0.881394624710083,0.1186058446764946,0.20000000298023224,0.07052666693925858,0.7075631618499756,0.0,2.160449981689453,6.011560440063477,0.48634031414985657,0.858218789100647,0.14178155362606049,0.20000000298023224,0.07052666693925858,0.7829504609107971,0.0,10.149242401123047,9.62485408782959,0.6739194393157959,0.985980212688446,0.014019913040101528,0.0,1.1239692867093254e-05,0.7075631618499756
42,1.0,0.06268642842769623,0.08474142849445343,0.017155680805444717,0.12715978920459747,0.8728403449058533,0.800000011920929,0.38745784759521484,0.42465782165527344,1.0,0.6349088549613953,1.4274215698242188,0.1672532558441162,0.4153767228126526,0.5846236348152161,0.6000000238418579,0.2478647083044052,0.42465782165527344,1.0,0.534417450428009,0.9693517684936523,0.13911330699920654,0.3882174491882324,0.611782968044281,0.6000000238418579,0.2478647083044052,0.38745784759521484,0.0,0.3634883761405945,0.6423749923706055,0.10164415836334229,0.36064836382865906,0.6393518447875977,0.800000011920929,0.19569990038871765,0.42465782165527344,0.0,0.21925024688243866,0.31389400362968445,0.05814872309565544,0.2644307315349579,0.7355695962905884,0.800000011920929,0.19569990038871765,0.38745784759521484,1.0,0.5629231333732605,1.236231803894043,0.1514662504196167,0.39172226190567017,0.6082780957221985,0.6000000238418579,0.2675265371799469,0.42465782165527344,1.0,0.5034170746803284,0.8434274792671204,0.12855038046836853,0.3590782880783081,0.6409220695495605,0.4000000059604645,0.2675265371799469,0.38745784759521484,1.0,0.6416475176811218,1.4564729928970337,0.16935983300209045,0.4201400876045227,0.5798603296279907,0.6000000238418579,0.247980535030365,0.42465782165527344,1.0,0.5496969819068909,0.9947118759155273,0.14253412187099457,0.39314010739326477,0.6068603992462158,0.6000000238418579,0.247980535030365,0.38745784759521484,0.0,11.17390251159668,19.137657165527344,0.6913507580757141,0.9987120032310486,0.0012881184229627252,0.0,2.43113208853174e-06,0.42465782165527344
43,1.0,0.22343413531780243,2.2612204551696777,0.07479936629533768,0.2014305293560028,0.7985694408416748,0.20000000298023224,0.7971628308296204,0.9982210993766785,1.0,1.9046779870986938,11.728180885314941,0.47114938497543335,0.8506032824516296,0.14939671754837036,0.20000000298023224,0.1480582356452942,0.9982210993766785,1.0,1.706686019897461,4.912393569946289,0.4041445255279541,0.7831270694732666,0.21687304973602295,0.20000000298023224,0.1480582356452942,0.7971628308296204,1.0,0.596099317073822,5.700314998626709,0.18747852742671967,0.45038074254989624,0.5496194958686829,0.4000000059604645,0.5485448837280273,0.9982210993766785,1.0,1.1068264245986938,3.042912006378174,0.1989673674106598,0.4221654534339905,0.5778347253799438,0.20000000298023224,0.5485448837280273,0.7971628308296204,1.0,2.8428170680999756,12.937328338623047,0.5795814990997314,0.9407387971878052,0.059261299669742584,0.20000000298023224,0.05784732103347778,0.9982210993766785,1.0,2.2774064540863037,4.068615913391113,0.4743385314941406,0.854367733001709,0.14563241600990295,0.20000000298023224,0.05784732103347778,0.7971628308296204,0.0,2.14182186126709,12.402419090270996,0.5047767162322998,0.8819379210472107,0.1180621013045311,0.20000000298023224,0.11676670610904694,0.9982210993766785,0.0,1.9526302814483643,5.663140296936035,0.4425373077392578,0.8215765953063965,0.17842349410057068,0.20000000298023224,0.11676670610904694,0.7971628308296204,0.0,7.542150020599365,19.410648345947266,0.6904187798500061,0.9991024136543274,0.000897799851372838,0.0,0.0005263750208541751,0.9982210993766785
44,1.0,0.09197718650102615,0.1101418286561966,0.02414093352854252,0.16851817071437836,0.8314821720123291,0.800000011920929,0.30749019980430603,0.4388604164123535,0.0,0.7979475855827332,0.8011542558670044,0.16845259070396423,0.45837846398353577,0.5416218042373657,0.6000000238418579,0.0584273561835289,0.4388604164123535,0.0,0.647628664970398,0.6501855254173279,0.1420920193195343,0.4417566657066345,0.5582437515258789,0.4000000059604645,0.0584273561835289,0.30749019980430603,1.0,0.2333511859178543,0.2619006931781769,0.05857492983341217,0.2907635271549225,0.7092368006706238,0.6000000238418579,0.19697222113609314,0.4388604164123535,1.0,0.10800126940011978,0.12626753747463226,0.02837354689836502,0.1879863739013672,0.812014102935791,0.6000000238418579,0.19697222113609314,0.30749019980430603,0.0,0.7823512554168701,0.8322890400886536,0.16861726343631744,0.44611915946006775,0.5538811683654785,0.800000011920929,0.06356392055749893,0.4388604164123535,0.0,0.6830475330352783,0.6844199895858765,0.14736682176589966,0.43945011496543884,0.5605503916740417,0.6000000238418579,0.06356392055749893,0.30749019980430603,0.0,0.8052704930305481,0.817548394203186,0.17127132415771484,0.4687739908695221,0.5312262773513794,0.6000000238418579,0.058755580335855484,0.4388604164123535,0.0,0.6529428362846375,0.6636922359466553,0.14451566338539124,0.45100143551826477,0.5489989519119263,0.4000000059604645,0.058755580335855484,0.30749019980430603,0.0,3.2710366249084473,6.5546417236328125,0.5003581047058105,0.8336927890777588,0.1663072556257248,0.4000000059604645,0.008148614317178726,0.4388604164123535
45,1.0,0.301543653011322,0.20987319946289062,0.05269097536802292,0.1966467797756195,0.8033536076545715,0.6000000238418579,0.4274578094482422,0.3581465780735016,1.0,1.2870063781738281,1.0922199487686157,0.14736878871917725,0.3277076780796051,0.6722927689552307,0.6000000238418579,0.29558420181274414,0.3581465780735016,1.0,0.6320783495903015,0.748086154460907,0.10109446197748184,0.32080885767936707,0.6791914105415344,0.6000000238418579,0.29558420181274414,0.4274578094482422,1.0,0.3018867075443268,0.365281879901886,0.06524026393890381,0.17899534106254578,0.8210052251815796,0.6000000238418579,0.3572702705860138,0.3581465780735016,1.0,0.16592612862586975,0.17521122097969055,0.03456391766667366,0.1542488932609558,0.8457515835762024,0.800000011920929,0.3572702705860138,0.4274578094482422,0.0,1.2822532653808594,1.3797096014022827,0.16683197021484375,0.3837803602218628,0.6162199974060059,0.6000000238418579,0.23457129299640656,0.3581465780735016,0.0,0.6602380871772766,0.9896130561828613,0.12325005978345871,0.3724023401737213,0.6275980472564697,0.6000000238418579,0.23457129299640656,0.4274578094482422,1.0,1.2880334854125977,1.0591920614242554,0.1482332944869995,0.3403013348579407,0.6596990823745728,0.6000000238418579,0.28235742449760437,0.3581465780735016,1.0,0.6395604610443115,0.7221572399139404,0.103166364133358,0.3333517909049988,0.6666486859321594,0.6000000238418579,0.28235742449760437,0.4274578094482422,0.0,4.10417366027832,7.40471887588501,0.538894772529602,0.8950996398925781,0.1049005389213562,0.4000000059604645,0.024152008816599846,0.3581465780735016
46,1.0,0.17283016443252563,0.1746651530265808,0.04008025303483009,0.1969953030347824,0.803005039691925,0.6000000238418579,0.5507395267486572,0.4534536600112915,1.0,1.084226131439209,1.0869375467300415,0.18574142456054688,0.4173814058303833,0.5826190710067749,0.4000000059604645,0.5381842851638794,0.4534536600112915,1.0,0.7697882056236267,0.6766511797904968,0.13134446740150452,0.30428826808929443,0.6957122683525085,0.4000000059604645,0.5381842851638794,0.5507395267486572,1.0,0.6089857220649719,0.49108052253723145,0.11530449986457825,0.37960585951805115,0.6203944683074951,0.800000011920929,0.688545286655426,0.4534536600112915,1.0,0.2970260977745056,0.19422343373298645,0.05273422226309776,0.23125137388706207,0.7687487602233887,0.800000011920929,0.688545286655426,0.5507395267486572,1.0,1.184398889541626,1.3135733604431152,0.2123398333787918,0.4219547212123871,0.5780457258224487,0.20000000298023224,0.45387932658195496,0.4534536600112915,1.0,0.8342880010604858,0.8827564716339111,0.15919548273086548,0.3937094807624817,0.6062909960746765,0.20000000298023224,0.45387932658195496,0.5507395267486572,1.0,1.0679763555526733,1.1223353147506714,0.18697527050971985,0.4149302840232849,0.5850701332092285,0.4000000059604645,0.5222636461257935,0.4534536600112915,1.0,0.7664617300033569,0.7002042531967163,0.13375526666641235,0.3182735741138458,0.6817268133163452,0.4000000059604645,0.5222636461257935,0.5507395267486572,0.0,4.3061747550964355,7.937654972076416,0.6074180006980896,0.9473394751548767,0.05266052857041359,0.0,0.00911201722919941,0.4534536600112915
47,1.0,0.4888988733291626,0.523361086845398,0.0977717936038971,0.287122905254364,0.7128778696060181,1.0,0.24960751831531525,0.23454897105693817,0.0,2.871417284011841,5.3763556480407715,0.4618249535560608,0.8128094673156738,0.18719105422496796,0.6000000238418579,0.04833829030394554,0.23454897105693817,0.0,1.7958097457885742,2.756544351577759,0.39053064584732056,0.7673652768135071,0.23263531923294067,0.6000000238418579,0.04833829030394554,0.24960751831531525,0.0,2.5472731590270996,4.564774513244629,0.4091428518295288,0.7338453531265259,0.2661553621292114,0.6000000238418579,0.0406406968832016,0.23454897105693817,0.0,1.4529699087142944,2.2613561153411865,0.3225359320640564,0.6595982313156128,0.3404024541378021,0.6000000238418579,0.0406406968832016,0.24960751831531525,0.0,2.45566725730896,4.164801120758057,0.3826526999473572,0.7156105041503906,0.28439024090766907,0.6000000238418579,0.06113375350832939,0.23454897105693817,0.0,1.2729934453964233,1.9595162868499756,0.2859906852245331,0.6267465353012085,0.3732541799545288,0.6000000238418579,0.06113375350832939,0.24960751831531525,0.0,2.8984155654907227,5.373958110809326,0.4624204635620117,0.8136909008026123,0.18630975484848022,0.6000000238418579,0.048313289880752563,0.23454897105693817,0.0,1.804508090019226,2.7550320625305176,0.39077621698379517,0.766962468624115,0.23303818702697754,0.6000000238418579,0.048313289880752563,0.24960751831531525,0.0,7.462477684020996,6.902209281921387,0.6366296410560608,0.9640710949897766,0.03592927008867264,0.0,3.5724882764043286e-05,0.23454897105693817
48,1.0,0.12364453822374344,0.16999772191047668,0.03204938396811485,0.1415778398513794,0.8584224581718445,0.800000011920929,0.513634979724884,0.5242657661437988,1.0,0.522506058216095,1.0210354328155518,0.12810096144676208,0.3594501316547394,0.6405501961708069,0.6000000238418579,0.27911731600761414,0.5242657661437988,1.0,0.6591770052909851,0.9966034293174744,0.14602240920066833,0.42740699648857117,0.5725935697555542,0.4000000059604645,0.27911731600761414,0.513634979724884,1.0,0.1922888606786728,0.3975040912628174,0.05372072011232376,0.19287347793579102,0.8071269392967224,0.800000011920929,0.4531908333301544,0.5242657661437988,1.0,0.1439501792192459,0.22537687420845032,0.03502243012189865,0.15350359678268433,0.8464968204498291,0.800000011920929,0.4531908333301544,0.513634979724884,1.0,0.5879567265510559,1.2227604389190674,0.1372797042131424,0.36833158135414124,0.6316689252853394,0.6000000238418579,0.2861373722553253,0.5242657661437988,1.0,0.7694038152694702,1.184110164642334,0.15885020792484283,0.43784087896347046,0.5621597766876221,0.4000000059604645,0.2861373722553253,0.513634979724884,0.0,0.5953198671340942,1.2404253482818604,0.1421879231929779,0.38797348737716675,0.6120268702507019,0.6000000238418579,0.2623172402381897,0.5242657661437988,0.0,0.7528024911880493,1.2040250301361084,0.16279934346675873,0.45849475264549255,0.5415056347846985,0.4000000059604645,0.2623172402381897,0.513634979724884,0.0,9.015681266784668,13.564599990844727,0.6825146675109863,0.9951785802841187,0.004821916576474905,0.0,0.001939268782734871,0.5242657661437988
49,1.0,0.26673129200935364,0.44626832008361816,0.06332041323184967,0.1742255985736847,0.825774610042572,0.6000000238418579,0.49711236357688904,0.5793681144714355,0.0,2.0122311115264893,3.7730765342712402,0.4522138237953186,0.8526824712753296,0.14731787145137787,0.4000000059604645,0.08690910041332245,0.5793681144714355,0.0,1.5657788515090942,2.7459065914154053,0.3604789972305298,0.7576099634170532,0.24239030480384827,0.800000011920929,0.08690910041332245,0.49711236357688904,0.0,0.9368056058883667,2.076092004776001,0.25477153062820435,0.5888783931732178,0.4111219346523285,0.6000000238418579,0.17757007479667664,0.5793681144714355,0.0,0.45942023396492004,0.63295578956604,0.12043584138154984,0.42162948846817017,0.5783709287643433,1.0,0.17757007479667664,0.49711236357688904,0.0,1.6807111501693726,3.3972983360290527,0.40249258279800415,0.7982336282730103,0.20176681876182556,0.6000000238418579,0.09791162610054016,0.5793681144714355,0.0,1.294226884841919,2.399036169052124,0.3175550103187561,0.7115715742111206,0.2884288430213928,1.0,0.09791162610054016,0.49711236357688904,0.0,2.0420989990234375,3.7570600509643555,0.45576852560043335,0.856370747089386,0.14362962543964386,0.4000000059604645,0.08398868888616562,0.5793681144714355,0.0,1.5978323221206665,2.7636029720306396,0.36579132080078125,0.7628487944602966,0.2371515929698944,0.800000011920929,0.08398868888616562,0.49711236357688904,0.0,6.244937896728516,9.615172386169434,0.6676163673400879,0.985314130783081,0.014686030335724354,0.0,0.000875853409525007,0.5793681144714355
50,1.0,0.2360658496618271,0.25113409757614136,0.05778985843062401,0.2865326404571533,0.7134679555892944,0.800000011920929,0.2301899641752243,0.3676072657108307,0.0,1.1009252071380615,1.8549622297286987,0.2588302195072174,0.6023664474487305,0.39763399958610535,0.6000000238418579,0.05898791924118996,0.3676072657108307,0.0,0.9041323661804199,1.4780629873275757,0.2186533808708191,0.5225779414176941,0.4774225354194641,0.6000000238418579,0.05898791924118996,0.2301899641752243,0.0,0.4200696647167206,0.4953741431236267,0.10278380662202835,0.3930199146270752,0.6069806218147278,0.800000011920929,0.16801252961158752,0.3676072657108307,0.0,0.1147126704454422,0.1457946002483368,0.02954987809062004,0.17669495940208435,0.823305606842041,1.0,0.16801252961158752,0.2301899641752243,0.0,1.141046404838562,1.7156381607055664,0.25483959913253784,0.5806599259376526,0.4193405508995056,0.6000000238418579,0.04476344212889671,0.3676072657108307,0.0,0.9718166589736938,1.3750972747802734,0.2205432951450348,0.5332715511322021,0.46672898530960083,0.6000000238418579,0.04476344212889671,0.2301899641752243,0.0,1.143005132675171,1.8806252479553223,0.265682190656662,0.6112103462219238,0.38878992199897766,0.6000000238418579,0.053961172699928284,0.3676072657108307,0.0,0.9365246295928955,1.4920520782470703,0.22369182109832764,0.5259729623794556,0.4740273356437683,0.6000000238418579,0.053961172699928284,0.2301899641752243,0.0,7.924577236175537,8.905538558959961,0.6543132662773132,0.9715604186058044,0.028439760208129883,0.0,1.459482064092299e-05,0.3676072657108307
51,1.0,0.4147583246231079,0.3282277286052704,0.08387991786003113,0.34434106945991516,0.6556592583656311,0.800000011920929,0.4300841987133026,0.2736169397830963,1.0,1.5965795516967773,1.3682305812835693,0.21476995944976807,0.45235660672187805,0.5476437211036682,0.800000011920929,0.3259870111942291,0.2736169397830963,1.0,0.6220858097076416,0.9224663972854614,0.11750534176826477,0.298910528421402,0.7010897994041443,0.800000011920929,0.3259870111942291,0.4300841987133026,1.0,0.9965446591377258,1.7827935218811035,0.1973753571510315,0.4509895443916321,0.5490107536315918,0.800000011920929,0.3346423804759979,0.2736169397830963,1.0,0.4106130599975586,1.1984100341796875,0.11113053560256958,0.29004064202308655,0.7099597454071045,0.800000011920929,0.3346423804759979,0.4300841987133026,1.0,1.4628838300704956,1.2447245121002197,0.20317915081977844,0.4374581575393677,0.5625423192977905,0.800000011920929,0.3282371461391449,0.2736169397830963,1.0,0.5449095964431763,0.7026528120040894,0.10257228463888168,0.2968747913837433,0.7031257748603821,0.800000011920929,0.3282371461391449,0.4300841987133026,1.0,1.7526358366012573,1.7063391208648682,0.23201903700828552,0.46090584993362427,0.5390945672988892,0.800000011920929,0.3154427707195282,0.2736169397830963,1.0,0.7250461578369141,1.2640681266784668,0.1402638554573059,0.3250780701637268,0.6749224066734314,0.800000011920929,0.3154427707195282,0.4300841987133026,0.0,5.7663421630859375,7.961460113525391,0.6207462549209595,0.9411274194717407,0.058872777968645096,0.0,0.00021642576029989868,0.2736169397830963
52,1.0,0.06382148712873459,0.10731813311576843,0.017463702708482742,0.0796746164560318,0.9203256964683533,0.800000011920929,0.856786847114563,0.916428804397583,1.0,1.961037039756775,3.88390851020813,0.44190388917922974,0.8339889049530029,0.16601145267486572,0.4000000059604645,0.10197185724973679,0.916428804397583,1.0,1.7988412380218506,3.169246196746826,0.40509065985679626,0.79644775390625,0.20355254411697388,0.4000000059604645,0.10197185724973679,0.856786847114563,1.0,3.39639949798584,3.6135292053222656,0.5396384000778198,0.9047188758850098,0.0952814370393753,0.6000000238418579,0.02005610056221485,0.916428804397583,1.0,3.0710091590881348,2.678980588912964,0.4816051423549652,0.8492712378501892,0.15072891116142273,0.800000011920929,0.02005610056221485,0.856786847114563,1.0,1.4960346221923828,3.583805561065674,0.37034088373184204,0.761684775352478,0.23831552267074585,0.6000000238418579,0.16507810354232788,0.916428804397583,1.0,1.325234055519104,2.6750755310058594,0.3274384140968323,0.7168028354644775,0.283197283744812,0.4000000059604645,0.16507810354232788,0.856786847114563,1.0,2.1735830307006836,4.075493812561035,0.4654805660247803,0.8526585698127747,0.14734166860580444,0.4000000059604645,0.0799681693315506,0.916428804397583,1.0,1.987273097038269,3.2897019386291504,0.4258524775505066,0.815050482749939,0.18494948744773865,0.4000000059604645,0.0799681693315506,0.856786847114563,0.0,5.890336990356445,9.837871551513672,0.6666739583015442,0.9835296869277954,0.01647043414413929,0.0,0.002182908356189728,0.916428804397583
53,1.0,0.3340442180633545,0.2817811369895935,0.06794235855340958,0.28353404998779297,0.7164661288261414,1.0,0.4652186632156372,0.35900554060935974,0.0,3.6013317108154297,2.4350717067718506,0.39001697301864624,0.752694845199585,0.24730552732944489,0.4000000059604645,0.003210522700101137,0.35900554060935974,0.0,3.3271524906158447,2.347928047180176,0.4070512652397156,0.7735783457756042,0.22642210125923157,0.4000000059604645,0.003210522700101137,0.4652186632156372,0.0,1.4470839500427246,1.161663293838501,0.2449166178703308,0.6154932975769043,0.3845069408416748,0.6000000238418579,0.07455148547887802,0.35900554060935974,0.0,1.1986300945281982,1.0886238813400269,0.2363424450159073,0.6025251150131226,0.3974752724170685,0.6000000238418579,0.07455148547887802,0.4652186632156372,0.0,3.153407573699951,2.0229692459106445,0.35485225915908813,0.7243784666061401,0.27562204003334045,0.6000000238418579,0.008991631679236889,0.35900554060935974,0.0,2.682246208190918,2.0292773246765137,0.3727986514568329,0.7432021498680115,0.2567983865737915,0.6000000238418579,0.008991631679236889,0.4652186632156372,0.0,3.604633331298828,2.507106065750122,0.3918123245239258,0.7536208033561707,0.24637967348098755,0.4000000059604645,0.00315709225833416,0.35900554060935974,0.0,3.335969924926758,2.4102542400360107,0.40859830379486084,0.7743149995803833,0.22568556666374207,0.4000000059604645,0.00315709225833416,0.4652186632156372,0.0,7.006233215332031,5.090239524841309,0.4900653064250946,0.8396652936935425,0.16033513844013214,0.20000000298023224,3.852946247207001e-05,0.35900554060935974
54,1.0,0.05590999126434326,0.11500977724790573,0.01726006716489792,0.0807182565331459,0.9192818999290466,0.4000000059604645,0.8999255299568176,0.9805454015731812,1.0,0.9837200045585632,3.681540012359619,0.2830156683921814,0.6345502138137817,0.3654499351978302,0.20000000298023224,0.3459954857826233,0.9805454015731812,1.0,0.7837537527084351,2.256610870361328,0.22334688901901245,0.5579907298088074,0.4420096278190613,0.4000000059604645,0.3459954857826233,0.8999255299568176,0.0,2.0861923694610596,5.089061260223389,0.49075138568878174,0.8705902099609375,0.12940992414951324,0.20000000298023224,0.11624544113874435,0.9805454015731812,0.0,1.8789451122283936,2.839991569519043,0.4340655207633972,0.8431516885757446,0.15684860944747925,0.4000000059604645,0.11624544113874435,0.8999255299568176,0.0,2.538055181503296,5.669055461883545,0.5451616048812866,0.9186381697654724,0.08136198669672012,0.20000000298023224,0.07445669919252396,0.9805454015731812,0.0,2.3408877849578857,3.4196324348449707,0.4896906316280365,0.8895152807235718,0.11048499494791031,0.4000000059604645,0.07445669919252396,0.8999255299568176,0.0,1.9436509609222412,5.867398738861084,0.466752290725708,0.8489023447036743,0.15109775960445404,0.20000000298023224,0.13164325058460236,0.9805454015731812,0.0,1.70115327835083,4.014923572540283,0.40834128856658936,0.8002601861953735,0.19974014163017273,0.4000000059604645,0.13164325058460236,0.8999255299568176,0.0,1.8675786256790161,8.32211685180664,0.45307523012161255,0.8400986790657043,0.15990141034126282,0.20000000298023224,0.14104151725769043,0.9805454015731812
55,1.0,0.6569547653198242,0.48772576451301575,0.12724825739860535,0.46241143345832825,0.5375892519950867,0.800000011920929,0.7936025857925415,0.34326404333114624,0.0,2.0963966846466064,2.2359395027160645,0.3176459074020386,0.6197203397750854,0.3802800178527832,0.4000000059604645,0.04056929051876068,0.34326404333114624,0.0,2.725209951400757,2.8900012969970703,0.469765841960907,0.865429162979126,0.13457141816616058,0.4000000059604645,0.04056929051876068,0.7936025857925415,0.0,2.0573575496673584,2.9790093898773193,0.36298125982284546,0.6640381813049316,0.3359623849391937,0.20000000298023224,0.06714095175266266,0.34326404333114624,0.0,2.328603982925415,3.7370333671569824,0.4563813805580139,0.8395466208457947,0.16045419871807098,0.20000000298023224,0.06714095175266266,0.7936025857925415,0.0,2.6710422039031982,3.668389320373535,0.39691492915153503,0.7425999045372009,0.25740039348602295,0.20000000298023224,0.08045268058776855,0.34326404333114624,0.0,2.4352753162384033,3.7742018699645996,0.4513852000236511,0.8270196318626404,0.17298084497451782,0.20000000298023224,0.08045268058776855,0.7936025857925415,0.0,2.3070192337036133,2.7211077213287354,0.34265583753585815,0.6268179416656494,0.3731823265552521,0.6000000238418579,0.04841230437159538,0.34326404333114624,0.0,2.6755683422088623,3.216148853302002,0.46758347749710083,0.8584582805633545,0.1415422111749649,0.6000000238418579,0.04841230437159538,0.7936025857925415,0.0,11.21314811706543,13.914531707763672,0.6320127248764038,0.9504499435424805,0.04955033212900162,0.20000000298023224,8.3348883350709e-09,0.34326404333114624
56,1.0,0.12209740281105042,0.07842151820659637,0.019148698076605797,0.05551622435450554,0.9444838762283325,0.6000000238418579,0.8304756879806519,0.8369960784912109,0.0,2.340857982635498,4.654697418212891,0.4930631220340729,0.8878507614135742,0.1121494248509407,0.6000000238418579,0.0700678750872612,0.8369960784912109,0.0,2.39217209815979,4.492900848388672,0.49896004796028137,0.8843507170677185,0.11564964056015015,0.800000011920929,0.0700678750872612,0.8304756879806519,1.0,0.3624093234539032,0.7448337078094482,0.09392474591732025,0.26762956380844116,0.7323707342147827,0.6000000238418579,0.6778377294540405,0.8369960784912109,1.0,0.33980703353881836,0.7320969104766846,0.09366071224212646,0.2581905126571655,0.7418099045753479,0.800000011920929,0.6778377294540405,0.8304756879806519,0.0,2.3024754524230957,4.633799076080322,0.4811566472053528,0.876266360282898,0.12373393028974533,0.6000000238418579,0.0834057554602623,0.8369960784912109,0.0,2.394153594970703,4.720279693603516,0.48983514308929443,0.8745014071464539,0.12549886107444763,0.6000000238418579,0.0834057554602623,0.8304756879806519,0.0,2.445425271987915,4.728506565093994,0.5034773349761963,0.8954636454582214,0.10453668981790543,0.6000000238418579,0.06159108877182007,0.8369960784912109,0.0,2.499488353729248,4.551616191864014,0.5099560022354126,0.8928043842315674,0.10719605535268784,0.800000011920929,0.06159108877182007,0.8304756879806519,0.0,10.157849311828613,16.375152587890625,0.6913301348686218,0.9989567995071411,0.0010432989802211523,0.0,3.3839351090136915e-05,0.8369960784912109
57,0.0,0.4917958676815033,0.45796671509742737,0.10306599736213684,0.38920849561691284,0.6107916235923767,1.0,0.2021900862455368,0.35651177167892456,0.0,1.9827831983566284,3.0598011016845703,0.403157114982605,0.7802040576934814,0.21979621052742004,0.4000000059604645,0.09728983789682388,0.35651177167892456,0.0,2.1590652465820312,1.986759066581726,0.35787490010261536,0.716180682182312,0.28381961584091187,0.4000000059604645,0.013166745193302631,0.5496096611022949,1.0,1.4422085285186768,2.5015616416931152,0.333257794380188,0.7125176191329956,0.28748267889022827,0.4000000059604645,0.11450938135385513,0.35651177167892456,0.0,1.7110368013381958,1.4122096300125122,0.29582202434539795,0.6454848051071167,0.3545154333114624,0.4000000059604645,0.022548234090209007,0.5496096611022949,0.0,1.909328579902649,3.008155345916748,0.4004251956939697,0.7790027856826782,0.22099749743938446,0.4000000059604645,0.08528947830200195,0.35651177167892456,0.0,2.029078245162964,2.033019781112671,0.3554096221923828,0.7050753831863403,0.29492485523223877,0.4000000059604645,0.016794491559267044,0.5496096611022949,1.0,1.9600046873092651,3.0427918434143066,0.3988754153251648,0.7736842036247253,0.2263161987066269,0.4000000059604645,0.10346715897321701,0.35651177167892456,0.0,2.1162707805633545,1.9873638153076172,0.35417652130126953,0.7099077701568604,0.29009249806404114,0.4000000059604645,0.014002753421664238,0.5496096611022949,0.0,4.266419887542725,8.19765567779541,0.6100460290908813,0.9495042562484741,0.05049600079655647,0.20000000298023224,0.019714146852493286,0.35651177167892456
58,1.0,0.6191214323043823,1.4301679134368896,0.18564334511756897,0.48669424653053284,0.5133058428764343,1.0,0.49256423115730286,0.9791461825370789,0.0,3.8158762454986572,10.272828102111816,0.6206843852996826,0.959764838218689,0.04023563489317894,0.20000000298023224,0.019381890073418617,0.9791461825370789,0.0,3.0404484272003174,13.345361709594727,0.5818761587142944,0.9408630132675171,0.05913744121789932,0.20000000298023224,0.019381890073418617,0.49256423115730286,0.0,6.557711601257324,12.804290771484375,0.6823419332504272,0.9941002130508423,0.005899961106479168,0.0,0.0012570770923048258,0.9791461825370789,0.0,5.933073043823242,17.56838607788086,0.6792844533920288,0.9929504990577698,0.007049731444567442,0.0,0.0012570770923048258,0.49256423115730286,0.0,4.590701103210449,11.915613174438477,0.6508404612541199,0.9751690626144409,0.024830972775816917,0.0,0.008971997536718845,0.9791461825370789,0.0,3.9364051818847656,15.365617752075195,0.6338973641395569,0.9671874642372131,0.032812681049108505,0.0,0.008971997536718845,0.49256423115730286,0.0,4.0653862953186035,10.935700416564941,0.6315471529960632,0.9640434384346008,0.035956770181655884,0.20000000298023224,0.01510302722454071,0.9791461825370789,0.0,3.289984941482544,14.106678009033203,0.5994480848312378,0.9506357908248901,0.04936438426375389,0.20000000298023224,0.01510302722454071,0.49256423115730286,1.0,0.22416214644908905,1.9118270874023438,0.07207630574703217,0.19149763882160187,0.8085026741027832,0.20000000298023224,0.8022516369819641,0.9791461825370789
59,1.0,0.001157173071987927,0.001384793664328754,0.00025746741448529065,0.0010120626538991928,0.9989880919456482,0.6000000238418579,0.9977431893348694,0.9980882406234741,0.0,5.392976760864258,10.41048812866211,0.6757983565330505,0.9939689636230469,0.0060312156565487385,0.0,0.004477380309253931,0.9980882406234741,0.0,5.3876519203186035,10.516622543334961,0.6741546392440796,0.9935606718063354,0.006439590360969305,0.20000000298023224,0.004477380309253931,0.9977431893348694,0.0,5.436788082122803,10.872529983520508,0.6754864454269409,0.9938127994537354,0.006187452469021082,0.20000000298023224,0.004275765735656023,0.9980882406234741,0.0,5.431848526000977,11.129122734069824,0.6740021705627441,0.9934676289558411,0.006532822735607624,0.20000000298023224,0.004275765735656023,0.9977431893348694,0.0,4.538208484649658,12.158245086669922,0.6607196927070618,0.9878129363059998,0.01218749862164259,0.20000000298023224,0.010539259761571884,0.9980882406234741,0.0,4.532729148864746,11.534768104553223,0.6589338779449463,0.9872217178344727,0.012778867967426777,0.20000000298023224,0.010539259761571884,0.9977431893348694,0.0,5.481855392456055,10.661369323730469,0.6768976449966431,0.994209349155426,0.0057908883318305016,0.0,0.004096040036529303,0.9980882406234741,0.0,5.476779460906982,10.693284034729004,0.6753784418106079,0.9938973784446716,0.006103064399212599,0.0,0.004096040036529303,0.9977431893348694,0.0,12.161072731018066,16.358163833618164,0.6912678480148315,0.9992769956588745,0.0007231514900922775,0.20000000298023224,5.1208216973464005e-06,0.9980882406234741
60,0.0,0.4181517958641052,0.3984225392341614,0.09216815233230591,0.3530559241771698,0.6469442844390869,0.6000000238418579,0.06812867522239685,0.1055171936750412,0.0,1.7614222764968872,3.471297264099121,0.37428179383277893,0.7202779054641724,0.27972227334976196,0.20000000298023224,0.009393355809152126,0.1055171936750412,0.0,1.3313746452331543,2.3166286945343018,0.30580300092697144,0.650947093963623,0.34905314445495605,0.4000000059604645,0.013667251914739609,0.11232520639896393,0.0,0.7330108880996704,0.6616594791412354,0.14934588968753815,0.4588620364665985,0.5411382913589478,0.6000000238418579,0.08430413901805878,0.1055171936750412,1.0,0.16727972030639648,0.18976309895515442,0.04144490510225296,0.22680756449699402,0.7731928825378418,1.0,0.22916239500045776,0.11232520639896393,0.0,1.9318621158599854,3.2231106758117676,0.3708023428916931,0.7013937830924988,0.2986064851284027,0.20000000298023224,0.0029111080802977085,0.1055171936750412,0.0,1.515906810760498,2.252300500869751,0.3120627701282501,0.6454716920852661,0.35452860593795776,0.4000000059604645,0.0037379369605332613,0.11232520639896393,0.0,1.7964669466018677,3.502432346343994,0.3782995641231537,0.7206937074661255,0.2793063521385193,0.20000000298023224,0.006619177758693695,0.1055171936750412,0.0,1.4241052865982056,2.4732654094696045,0.31850185990333557,0.6586421728134155,0.341357946395874,0.4000000059604645,0.008499193005263805,0.11232520639896393,0.0,5.360415935516357,8.193679809570312,0.6234226822853088,0.955736517906189,0.0442635640501976,0.0,0.00022682198323309422,0.1055171936750412
61,1.0,0.32413727045059204,0.3065437078475952,0.07094685733318329,0.27746033668518066,0.722540020942688,0.6000000238418579,0.1331220418214798,0.16640909016132355,0.0,1.6693837642669678,3.3171539306640625,0.33580127358436584,0.6757535338401794,0.32424670457839966,0.20000000298023224,0.05154037848114967,0.16640909016132355,0.0,1.4801054000854492,3.144618272781372,0.31788796186447144,0.6642365455627441,0.3357636630535126,0.4000000059604645,0.05154037848114967,0.1331220418214798,1.0,0.43286579847335815,0.7588458061218262,0.10475334525108337,0.34120774269104004,0.6587926149368286,0.800000011920929,0.12626317143440247,0.16640909016132355,1.0,0.23311179876327515,0.4968034029006958,0.061923783272504807,0.2424459308385849,0.7575543522834778,0.800000011920929,0.12626317143440247,0.1331220418214798,0.0,1.4624462127685547,2.6685843467712402,0.29760441184043884,0.6391744017601013,0.36082586646080017,0.20000000298023224,0.05426018685102463,0.16640909016132355,0.0,1.2025307416915894,2.4751510620117188,0.2691775858402252,0.5973017811775208,0.40269845724105835,0.6000000238418579,0.05426018685102463,0.1331220418214798,0.0,1.8428406715393066,3.9269328117370605,0.36230194568634033,0.7043131589889526,0.2956870496273041,0.20000000298023224,0.04618440568447113,0.16640909016132355,0.0,1.6364885568618774,3.7665209770202637,0.3432708978652954,0.6889646649360657,0.31103551387786865,0.4000000059604645,0.04618440568447113,0.1331220418214798,0.0,7.623456001281738,9.998455047607422,0.6565701365470886,0.9741268157958984,0.02587323635816574,0.0,3.0441012768278597e-06,0.16640909016132355
62,1.0,0.13315227627754211,0.24027207493782043,0.03818618133664131,0.1470494270324707,0.8529506921768188,0.800000011920929,0.7515969276428223,0.8344903588294983,0.0,5.2875800132751465,6.5996246337890625,0.6234869360923767,0.9489024877548218,0.05109764263033867,0.20000000298023224,0.0022531638387590647,0.8344903588294983,0.0,4.72899055480957,4.9558820724487305,0.5745049715042114,0.9056699275970459,0.09433040022850037,0.0,0.0022531638387590647,0.7515969276428223,0.0,1.5550109148025513,2.800894260406494,0.37091994285583496,0.7748816013336182,0.22511854767799377,0.800000011920929,0.12848000228405,0.8344903588294983,0.0,1.215834617614746,1.6887733936309814,0.2829751968383789,0.6694005131721497,0.3305997848510742,0.800000011920929,0.12848000228405,0.7515969276428223,0.0,3.7596848011016846,6.19944429397583,0.5861929655075073,0.9317525625228882,0.06824754923582077,0.20000000298023224,0.011972770094871521,0.8344903588294983,0.0,3.338271379470825,4.4720458984375,0.5264701843261719,0.8745318055152893,0.12546852231025696,0.20000000298023224,0.011972770094871521,0.7515969276428223,0.0,5.32602071762085,6.713804244995117,0.6248013377189636,0.9493542909622192,0.05064588785171509,0.20000000298023224,0.002167890314012766,0.8344903588294983,0.0,4.764397621154785,5.052006244659424,0.5765848159790039,0.9075319766998291,0.09246838837862015,0.0,0.002167890314012766,0.7515969276428223,0.0,20.71971893310547,11.673444747924805,0.6895549297332764,0.9976203441619873,0.0023797480389475822,0.0,2.0340838735588562e-10,0.8344903588294983
63,1.0,0.056073177605867386,0.06517545878887177,0.014848016202449799,0.13297896087169647,0.8670212030410767,1.0,0.26495012640953064,0.2975887060165405,0.0,3.397101402282715,9.54877758026123,0.5871752500534058,0.9285045862197876,0.07149571180343628,0.0,0.005870340391993523,0.2975887060165405,0.0,3.074028491973877,9.043668746948242,0.5656277537345886,0.9105618596076965,0.08943859487771988,0.0,0.005870340391993523,0.26495012640953064,0.0,6.167726039886475,10.833574295043945,0.6734604239463806,0.9872310757637024,0.01276920735836029,0.0,0.00044767907820641994,0.2975887060165405,0.0,5.819061756134033,10.424511909484863,0.6678367853164673,0.9810506105422974,0.01894976757466793,0.0,0.00044767907820641994,0.26495012640953064,0.0,8.703019142150879,11.02601146697998,0.69005286693573,0.9988504648208618,0.0011498110834509134,0.0,3.525440479279496e-05,0.2975887060165405,0.0,8.319849014282227,10.542243957519531,0.6894906759262085,0.9987656474113464,0.001234744442626834,0.0,3.525440479279496e-05,0.26495012640953064,0.0,5.688882350921631,10.757721900939941,0.6685388684272766,0.9836429953575134,0.016357311978936195,0.0,0.0005964041920378804,0.2975887060165405,0.0,5.336739540100098,10.322957992553711,0.6632264852523804,0.9835447072982788,0.01645558513700962,0.0,0.0005964041920378804,0.26495012640953064,0.0,2.9119679927825928,8.946422576904297,0.5374128818511963,0.8916690945625305,0.10833094269037247,0.0,0.004552594851702452,0.2975887060165405
