eval_idx,layer_idx,big_layer_idx,k_mse,v_mse,k_cos,v_cos,k_mse_identity,v_mse_identity,k_cos_identity,v_cos_identity
0,0,0,0.6524022817611694,0.023758307099342346,0.9999314546585083,0.9252857565879822,5256.09423828125,0.23738832771778107,-0.12579143047332764,-0.00266812602058053
0,1,1,0.3441874086856842,0.03060780093073845,0.9981894493103027,0.8766319155693054,117.42863464355469,0.19890113174915314,-0.015733394771814346,-0.013088761828839779
0,2,3,0.5342323780059814,0.12419082969427109,0.9547376036643982,0.7476837038993835,8.718875885009766,0.5128825306892395,-0.01839960366487503,-0.006321852095425129
0,3,4,0.524986982345581,0.154854416847229,0.9203947186470032,0.7276685237884521,6.625728607177734,0.5327105522155762,-0.03743261843919754,0.01335190050303936
0,4,5,0.6487495303153992,0.2734340727329254,0.8720245361328125,0.6167417168617249,5.8127970695495605,0.6774113178253174,-0.012704398483037949,2.465990837663412e-05
0,5,6,0.495769202709198,0.32105106115341187,0.8903158903121948,0.6551349759101868,5.631042957305908,0.882533073425293,-0.10536272823810577,-0.0037021967582404613
0,6,8,0.8784531950950623,0.19793717563152313,0.8451183438301086,0.696418285369873,5.330435752868652,0.7468523383140564,0.012238288298249245,0.009915320202708244
0,7,9,0.5222613215446472,0.20926710963249207,0.9743055105209351,0.6385155916213989,13.108545303344727,0.6751891374588013,-0.022298047319054604,-0.0002686296356841922
0,8,10,0.7175691723823547,0.25670725107192993,0.8802682757377625,0.6919041275978088,5.599274635314941,0.9419851303100586,0.025553513318300247,-0.0008241782779805362
0,9,12,0.6101633906364441,0.24396780133247375,0.8933566808700562,0.695027232170105,6.053869247436523,0.9092624187469482,-0.01452756579965353,-0.014073126018047333
0,10,13,0.5523954629898071,0.3542729616165161,0.8987550735473633,0.6142129302024841,5.651029586791992,1.0145012140274048,0.06074671447277069,-0.007501301355659962
0,11,14,0.5576795339584351,0.21720406413078308,0.9060570597648621,0.7151029109954834,6.880001544952393,0.8247399926185608,-0.054756149649620056,0.04328079894185066
0,12,16,0.570048987865448,0.2919720709323883,0.8818684816360474,0.7248560190200806,6.200259685516357,1.028120994567871,0.006336237769573927,-0.021239835768938065
0,13,17,0.4986802935600281,0.21652686595916748,0.9150684475898743,0.7514457106590271,5.807182312011719,1.00094473361969,-0.011221656575798988,0.008306390605866909
0,14,18,1.011553406715393,0.3607145845890045,0.8150662183761597,0.711162805557251,8.072619438171387,1.283722162246704,0.2065475732088089,-0.02138141170144081
0,15,19,0.39364105463027954,0.2969478964805603,0.9944013953208923,0.617379367351532,39.094322204589844,1.0950169563293457,0.010165581479668617,-0.003553633810952306
0,16,21,0.42559218406677246,0.2694915533065796,0.9213284254074097,0.7600737810134888,6.251626491546631,1.258320927619934,-0.012940456159412861,0.01769641973078251
0,17,22,0.3984749913215637,0.49843764305114746,0.9173130989074707,0.5897839069366455,4.74616813659668,1.3690366744995117,0.023823928087949753,-1.4421704690903425e-05
0,18,23,0.4253675937652588,0.3026829659938812,0.94330894947052,0.7401849031448364,7.720560073852539,1.2077847719192505,-0.09200732409954071,0.00045014964416623116
0,19,25,0.37413454055786133,0.3817545175552368,0.9332766532897949,0.7129036784172058,5.236938953399658,1.596343755722046,0.005753350909799337,0.009904351085424423
0,20,26,0.41673171520233154,0.5959438681602478,0.9208199977874756,0.6183393597602844,4.688976764678955,1.6855950355529785,0.10483647882938385,0.0018209402915090322
0,21,27,0.3867073059082031,0.4707314372062683,0.9150911569595337,0.7380493879318237,22.040061950683594,1.884840965270996,-0.03311527520418167,0.015397358685731888
0,22,29,0.5568949580192566,0.8074135184288025,0.9051533937454224,0.5385891199111938,7.105763912200928,1.9755427837371826,0.005003707483410835,0.0008503603166900575
0,23,30,0.4055534601211548,0.8757500648498535,0.9233711957931519,0.6985686421394348,4.832710266113281,3.1035561561584473,-0.02547137811779976,-0.0037043627817183733
0,24,31,0.4761393666267395,1.6496623754501343,0.906356930732727,0.609207272529602,5.455577850341797,4.6727752685546875,-0.04700109735131264,-0.004812177270650864
0,25,32,0.44105345010757446,2.4314818382263184,0.9015320539474487,0.6262472867965698,4.367580413818359,9.858222961425781,0.0074769966304302216,-0.015690762549638748
0,26,34,0.5342088937759399,5.9303812980651855,0.8714289665222168,0.3755173087120056,4.350776195526123,8.484012603759766,0.04816749691963196,0.016527250409126282
0,27,35,0.48476293683052063,5.530726909637451,0.8675777316093445,0.4083302915096283,7.30527400970459,8.285137176513672,-0.25940173864364624,-0.005241395905613899
1,0,0,0.6311810612678528,0.022602137178182602,0.9999337196350098,0.9257733821868896,5255.35693359375,0.2285216599702835,-0.12616895139217377,-0.0006295943167060614
1,1,1,0.3322021961212158,0.030295144766569138,0.9982532858848572,0.8750767707824707,117.39788055419922,0.1943313628435135,-0.013866228982806206,0.0007897010073065758
1,2,3,0.5256785154342651,0.11951958388090134,0.9550573825836182,0.7434934377670288,8.56395435333252,0.49475932121276855,-0.0036002411507070065,0.00039484514854848385
1,3,4,0.49814459681510925,0.14536920189857483,0.9234883785247803,0.7323020696640015,6.577413558959961,0.5180516242980957,-0.03570561856031418,0.013194778934121132
1,4,5,0.5951151251792908,0.2709239721298218,0.8785718083381653,0.6109936833381653,5.777309417724609,0.6832901239395142,-0.00805127527564764,-0.018631605431437492
1,5,6,0.46378573775291443,0.31817519664764404,0.8932647705078125,0.6491823196411133,5.657004356384277,0.8814252614974976,-0.11806780099868774,-0.006231059320271015
1,6,8,0.8400149345397949,0.1874048113822937,0.8500368595123291,0.6935059428215027,5.176809310913086,0.7175239324569702,0.03171852231025696,0.003846387378871441
1,7,9,0.4859822392463684,0.20247378945350647,0.9760163426399231,0.62208092212677,12.996596336364746,0.62176913022995,-0.01985101029276848,0.010448724962770939
1,8,10,0.714848518371582,0.2684866487979889,0.8805510997772217,0.6757186055183411,5.747692108154297,0.9238677024841309,0.009567669592797756,0.0006037361454218626
1,9,12,0.6333506107330322,0.2695469856262207,0.8889245986938477,0.6595237851142883,5.998907089233398,0.9215936064720154,-0.0065121096558868885,-0.027065997943282127
1,10,13,0.5768260955810547,0.37856876850128174,0.8953098058700562,0.5673241019248962,5.7788286209106445,0.9927316904067993,0.06466903537511826,-0.007779910694807768
1,11,14,0.5814145803451538,0.2519223392009735,0.9023531675338745,0.6714515686035156,6.95768404006958,0.8532803058624268,-0.05366267263889313,0.038915351033210754
1,12,16,0.6008046865463257,0.32352903485298157,0.8761751651763916,0.6985799074172974,6.387733459472656,1.0200326442718506,0.014425842091441154,0.0038502970710396767
1,13,17,0.5187104344367981,0.2304394245147705,0.9119492769241333,0.7334791421890259,6.0061726570129395,1.0354846715927124,-0.026873944327235222,-0.012726891785860062
1,14,18,1.089957356452942,0.3893226981163025,0.8039246797561646,0.69716477394104,8.023176193237305,1.3034708499908447,0.21988368034362793,-0.025557585060596466
1,15,19,0.42402225732803345,0.3230038583278656,0.9939818382263184,0.5871758460998535,39.641727447509766,1.1463395357131958,-0.00407944992184639,-0.005715205334126949
1,16,21,0.4720911383628845,0.29253876209259033,0.9206419587135315,0.7497758865356445,6.371611595153809,1.4130899906158447,0.041096314787864685,0.0025872038677334785
1,17,22,0.4085935354232788,0.5820291042327881,0.9115498065948486,0.5604120492935181,4.781126499176025,1.497223973274231,0.03719943389296532,0.005440818145871162
1,18,23,0.46871620416641235,0.3391634225845337,0.9400360584259033,0.724240779876709,7.757589340209961,1.2850761413574219,-0.0511392205953598,0.007093190681189299
1,19,25,0.4139789342880249,0.4286448061466217,0.9269312620162964,0.6862211227416992,5.238725662231445,1.7213473320007324,0.02222105860710144,0.01282014325261116
1,20,26,0.4678073823451996,0.6543275117874146,0.9169634580612183,0.5717213153839111,5.006309986114502,1.7361948490142822,0.12130694091320038,0.0008710494730621576
1,21,27,0.3865560293197632,0.47964370250701904,0.9210792779922485,0.7097166776657104,22.156036376953125,1.8219722509384155,-0.00958530604839325,0.01860680803656578
1,22,29,0.5374135971069336,0.74998539686203,0.9077298045158386,0.5424866080284119,7.179173469543457,1.9607059955596924,0.016759328544139862,-0.005789461079984903
1,23,30,0.38864147663116455,0.8629672527313232,0.9255822896957397,0.6995701789855957,4.79396915435791,3.1142616271972656,0.0025159413926303387,-0.006319721695035696
1,24,31,0.46638166904449463,1.6044148206710815,0.9089646935462952,0.6038032174110413,5.780190467834473,4.5581254959106445,-0.07663975656032562,0.0002372597809880972
1,25,32,0.4077257215976715,2.2688562870025635,0.9072656631469727,0.6310632228851318,4.429018974304199,9.709587097167969,-0.010538898408412933,-0.02072053588926792
1,26,34,0.5165301561355591,5.379178047180176,0.8817952871322632,0.3825627565383911,4.4475555419921875,7.6693572998046875,0.07409663498401642,0.0017892976757138968
1,27,35,0.48074960708618164,4.91456413269043,0.8750854730606079,0.41026246547698975,7.135966777801514,7.446511745452881,-0.2273058295249939,0.001077317981980741
2,0,0,0.6841829419136047,0.02265356294810772,0.9999281167984009,0.9224317073822021,5254.55322265625,0.22473710775375366,-0.12574148178100586,0.009096922352910042
2,1,1,0.3575950264930725,0.03187961131334305,0.9981193542480469,0.87346351146698,117.38455200195312,0.20076167583465576,-0.014323366805911064,-0.002833989216014743
2,2,3,0.5650640726089478,0.1284857988357544,0.953100860118866,0.7440734505653381,8.858283996582031,0.5303088426589966,-0.015750426799058914,-0.00524775218218565
2,3,4,0.5472503900527954,0.15651141107082367,0.9185916781425476,0.7273557782173157,6.730591297149658,0.5359294414520264,-0.039456866681575775,0.022543270140886307
2,4,5,0.6223483085632324,0.25933247804641724,0.8775174021720886,0.6202088594436646,5.957135200500488,0.6808974146842957,-0.0165267251431942,-0.022616703063249588
2,5,6,0.49651145935058594,0.3110637068748474,0.8911855220794678,0.6586178541183472,5.787609577178955,0.8840975165367126,-0.10997236520051956,-0.0015801024856045842
2,6,8,0.8956059217453003,0.1935521960258484,0.845561146736145,0.7013291716575623,5.359324932098389,0.7322921752929688,0.027772847563028336,0.007844274863600731
2,7,9,0.5083005428314209,0.20400457084178925,0.974951982498169,0.6441494226455688,13.089621543884277,0.6482988595962524,-0.027713242918252945,0.008231990039348602
2,8,10,0.7222697734832764,0.2617835998535156,0.8824013471603394,0.6974337100982666,5.8056640625,0.9515281915664673,0.014226187951862812,-0.0020923942793160677
2,9,12,0.6128686666488647,0.24688130617141724,0.894989550113678,0.6874998211860657,6.099120140075684,0.8887372016906738,-0.011260895058512688,-0.02388616092503071
2,10,13,0.5643304586410522,0.35629040002822876,0.9016876220703125,0.6089420318603516,5.776744842529297,1.0204567909240723,0.07894064486026764,0.005517304874956608
2,11,14,0.5694451332092285,0.23326411843299866,0.9057786464691162,0.7056372761726379,6.969165325164795,0.84803307056427,-0.042650558054447174,0.04945141822099686
2,12,16,0.6115685701370239,0.3350346088409424,0.8786603212356567,0.7046194076538086,6.539976119995117,1.0455693006515503,0.007143688853830099,-0.011158619076013565
2,13,17,0.5712635517120361,0.23695825040340424,0.9080295562744141,0.7457197904586792,6.143892765045166,1.1137752532958984,-0.020842373371124268,-0.01353839784860611
2,14,18,1.0715471506118774,0.4123452305793762,0.8060128688812256,0.6902893781661987,8.085713386535645,1.3271164894104004,0.21342241764068604,-0.010472483932971954
2,15,19,0.45072248578071594,0.33833181858062744,0.9935975074768066,0.590035617351532,39.743858337402344,1.2024869918823242,-0.010800845921039581,-0.01636630669236183
2,16,21,0.5004044771194458,0.3044975697994232,0.9139043688774109,0.7454188466072083,6.5186991691589355,1.350107192993164,-0.012369032949209213,0.01938600465655327
2,17,22,0.44223642349243164,0.5572166442871094,0.9098737239837646,0.5838069915771484,4.854752063751221,1.503481149673462,0.0423557311296463,0.0059935241006314754
2,18,23,0.4935499429702759,0.35311663150787354,0.9382030367851257,0.7324007749557495,7.852878570556641,1.3191719055175781,-0.06441841274499893,0.011714400723576546
2,19,25,0.4159253239631653,0.42929327487945557,0.9300270676612854,0.6910884380340576,5.209336280822754,1.7136008739471436,0.036962468177080154,0.00804104097187519
2,20,26,0.4829787015914917,0.6021990180015564,0.9168335199356079,0.6035277843475342,5.029842853546143,1.6807281970977783,0.11351608484983444,0.002062682993710041
2,21,27,0.4116017818450928,0.4748291075229645,0.9177809357643127,0.7237451076507568,22.056564331054688,1.7907341718673706,-0.01841038092970848,0.032755643129348755
2,22,29,0.5764334201812744,0.7698666453361511,0.9061514139175415,0.5433779954910278,7.414897441864014,1.9359917640686035,0.005902919452637434,0.007149245589971542
2,23,30,0.4127413034439087,0.8340804576873779,0.9251406192779541,0.7065350413322449,4.919167518615723,3.0709691047668457,-0.007728325203061104,-0.01309787668287754
2,24,31,0.47682830691337585,1.533408761024475,0.9098886251449585,0.6190643906593323,5.791211128234863,4.558126926422119,-0.07503198832273483,0.007167203351855278
2,25,32,0.4074755311012268,2.1997756958007812,0.9125341773033142,0.6539211273193359,4.546623229980469,9.77421760559082,0.0010489732958376408,-0.014321408234536648
2,26,34,0.5275692939758301,5.576206207275391,0.8838406801223755,0.40034377574920654,4.417926788330078,8.050970077514648,0.07891491800546646,0.00931886862963438
2,27,35,0.48250967264175415,4.91776180267334,0.8784887790679932,0.4532541334629059,7.123335838317871,7.83482027053833,-0.22685004770755768,-0.001019904506392777
3,0,0,0.6518956422805786,0.023204520344734192,0.9999315142631531,0.9252371788024902,5256.3466796875,0.2321767657995224,-0.12625469267368317,0.0017642099410295486
3,1,1,0.3374366760253906,0.031130686402320862,0.9982243776321411,0.873340368270874,117.27337646484375,0.19772189855575562,-0.013452267274260521,-0.01055976189672947
3,2,3,0.5160547494888306,0.116853266954422,0.9551026225090027,0.7462323307991028,8.575204849243164,0.497951477766037,-0.01810072734951973,-0.009328708052635193
3,3,4,0.5100822448730469,0.1453210413455963,0.9235215187072754,0.7354882955551147,6.569822788238525,0.5195223689079285,-0.02459568716585636,0.01715932972729206
3,4,5,0.6224538087844849,0.2795596420764923,0.8764603137969971,0.598388135433197,5.868535995483398,0.6805526614189148,-0.01721256971359253,-0.017428047955036163
3,5,6,0.4861953854560852,0.32636135816574097,0.8927539587020874,0.6458756327629089,5.657712936401367,0.871435284614563,-0.10771030187606812,-0.0021639708429574966
3,6,8,0.8359894752502441,0.1834513545036316,0.8544583320617676,0.7069700956344604,5.216855049133301,0.7220336198806763,0.028492655605077744,0.008452681824564934
3,7,9,0.5032633543014526,0.19719678163528442,0.9753803014755249,0.6455948352813721,13.082405090332031,0.6462894678115845,-0.020793626084923744,-0.002891817130148411
3,8,10,0.6613847017288208,0.25289738178253174,0.8886672258377075,0.687376856803894,5.548921585083008,0.9116758704185486,0.028155028820037842,0.0007617822848260403
3,9,12,0.5969430208206177,0.24817025661468506,0.899506688117981,0.6793747544288635,6.214972496032715,0.8947159051895142,-0.020676251500844955,-0.018204746767878532
3,10,13,0.5087296366691589,0.336309552192688,0.9090536832809448,0.5998573303222656,5.877578258514404,0.9500696659088135,0.05548878759145737,0.0038053197786211967
3,11,14,0.5473531484603882,0.22496941685676575,0.9107978343963623,0.7028821110725403,7.048268795013428,0.8213638067245483,-0.04736272618174553,0.049113139510154724
3,12,16,0.5459815859794617,0.29378587007522583,0.8883230090141296,0.7134108543395996,6.379471778869629,1.0077427625656128,0.02280585654079914,-0.0029028584249317646
3,13,17,0.5098074674606323,0.21132858097553253,0.9160067439079285,0.7527230978012085,5.944667816162109,0.9856611490249634,-0.016711998730897903,0.002031948883086443
3,14,18,1.0550652742385864,0.35751137137413025,0.8111382722854614,0.7120242118835449,8.014681816101074,1.2307255268096924,0.22762379050254822,-0.008072048425674438
3,15,19,0.40387099981307983,0.308677077293396,0.9942983388900757,0.5986807346343994,40.132572174072266,1.0767006874084473,-0.017153210937976837,0.00308056827634573
3,16,21,0.43889451026916504,0.27193933725357056,0.9217115640640259,0.7538089752197266,6.256134986877441,1.3344542980194092,0.012501157820224762,-0.001063760370016098
3,17,22,0.3688088059425354,0.5075464248657227,0.9188320636749268,0.5753607153892517,4.541280746459961,1.433997631072998,0.053285226225852966,-0.01913623698055744
3,18,23,0.43609365820884705,0.3231673836708069,0.9437146186828613,0.7251865267753601,7.76988410949707,1.221447467803955,-0.07382810115814209,-0.012816375121474266
3,19,25,0.4109138548374176,0.4140239953994751,0.9291437864303589,0.6908649206161499,5.274796009063721,1.6565287113189697,0.01106457132846117,-0.0008533715736120939
3,20,26,0.4744758903980255,0.6905049085617065,0.9153966903686523,0.58803391456604,4.9712324142456055,1.8037021160125732,0.12048467993736267,0.009124213829636574
3,21,27,0.4167425036430359,0.5057517290115356,0.9160381555557251,0.7213252782821655,22.2158145904541,1.9636001586914062,-0.01430993527173996,-0.0004617965314537287
3,22,29,0.5674351453781128,0.7913883328437805,0.9049254059791565,0.5371061563491821,7.183759689331055,2.120105743408203,0.01676085591316223,-0.011008031666278839
3,23,30,0.41659003496170044,0.9197770357131958,0.9213059544563293,0.6900891065597534,4.950079917907715,3.281759023666382,-0.02200317569077015,-0.004876349121332169
3,24,31,0.4980795979499817,1.730879545211792,0.9063209295272827,0.5941690802574158,5.7593231201171875,4.879959583282471,-0.06671640276908875,0.0035259320866316557
3,25,32,0.4433540403842926,2.432464361190796,0.9036865234375,0.6305898427963257,4.385013580322266,10.495527267456055,-5.625199992209673e-05,-0.01958218589425087
3,26,34,0.5315776467323303,5.701645374298096,0.8754210472106934,0.3747479319572449,4.461744785308838,8.216307640075684,0.06905233860015869,-0.007876024581491947
3,27,35,0.5065113306045532,5.173694133758545,0.8639096021652222,0.4088159203529358,7.413894176483154,7.984633445739746,-0.24887092411518097,-0.008813201449811459
4,0,0,0.679604172706604,0.02440597489476204,0.9999285936355591,0.9227321147918701,5256.42919921875,0.23413068056106567,-0.12627166509628296,0.005705636460334063
4,1,1,0.347093790769577,0.03157813847064972,0.9981744289398193,0.8745758533477783,117.44044494628906,0.201852947473526,-0.014681661501526833,-0.004190691281110048
4,2,3,0.5216014385223389,0.11763834953308105,0.9549058079719543,0.7493830323219299,8.837888717651367,0.5115498304367065,-0.03441481664776802,-0.002827565185725689
4,3,4,0.5071619749069214,0.1462383270263672,0.920632541179657,0.7424870133399963,6.506413459777832,0.5290563106536865,-0.03225806728005409,0.02880404144525528
4,4,5,0.5995907783508301,0.2636566162109375,0.8779767751693726,0.6141902804374695,5.777673721313477,0.6656215786933899,-0.01839287579059601,-0.01269459817558527
4,5,6,0.4487141966819763,0.30155760049819946,0.8988592624664307,0.6659641265869141,5.636875152587891,0.870498538017273,-0.10356322675943375,0.0026205177418887615
4,6,8,0.8367651700973511,0.1844220757484436,0.8524534702301025,0.7064831256866455,5.128542900085449,0.731397271156311,0.03948292136192322,0.010968012735247612
4,7,9,0.4893895089626312,0.19430941343307495,0.9762787818908691,0.658607006072998,13.222452163696289,0.6570366621017456,-0.02285667508840561,0.005529751535505056
4,8,10,0.6662998199462891,0.2588132917881012,0.8911939263343811,0.6999320387840271,5.692917823791504,0.9729526042938232,0.01996808499097824,-0.012961192987859249
4,9,12,0.5909855365753174,0.2481953650712967,0.9003399610519409,0.690506100654602,6.14028263092041,0.8754678964614868,-0.02680870331823826,-0.007735120598226786
4,10,13,0.5381828546524048,0.34928685426712036,0.9047257900238037,0.6052667498588562,5.929258346557617,0.9927672147750854,0.05135396122932434,-0.002591295400634408
4,11,14,0.5480800867080688,0.22554010152816772,0.9084036350250244,0.7131767868995667,6.755409240722656,0.8429375290870667,-0.025692451745271683,0.03574893996119499
4,12,16,0.5498224496841431,0.28924745321273804,0.8887503147125244,0.7338365912437439,6.419145584106445,1.0173612833023071,0.01837022602558136,-0.005493690259754658
4,13,17,0.4934014081954956,0.20784148573875427,0.9192709922790527,0.7669543623924255,6.086857795715332,1.0255755186080933,-0.022348392754793167,-0.007212240714579821
4,14,18,1.0444135665893555,0.35530441999435425,0.8088616132736206,0.7144790887832642,8.225630760192871,1.2459181547164917,0.2046339213848114,-0.016248196363449097
4,15,19,0.3712061047554016,0.2720857262611389,0.9947795867919922,0.6214537620544434,40.02155685424805,1.055763840675354,-0.006725182756781578,0.0007262978469952941
4,16,21,0.4252001643180847,0.2558397352695465,0.9227794408798218,0.7659295797348022,6.333242893218994,1.2701224088668823,-0.02495485171675682,0.004759182222187519
4,17,22,0.3409537971019745,0.4411209225654602,0.9226590394973755,0.615841805934906,4.695249557495117,1.3114821910858154,0.013915535993874073,0.0015123083721846342
4,18,23,0.39800363779067993,0.2794363796710968,0.947789192199707,0.7560657858848572,7.680992126464844,1.1844149827957153,-0.07178647816181183,0.0015881145372986794
4,19,25,0.3621862828731537,0.34087106585502625,0.9332702159881592,0.7346839904785156,4.95457649230957,1.536635160446167,0.02865222841501236,0.01167738251388073
4,20,26,0.4066992402076721,0.5358022451400757,0.9249215126037598,0.6343140602111816,4.83939790725708,1.5855326652526855,0.12297317385673523,0.008047185838222504
4,21,27,0.3459455966949463,0.40111005306243896,0.9284812211990356,0.7507098913192749,22.6099910736084,1.7141077518463135,-0.00965842418372631,0.018834136426448822
4,22,29,0.486117422580719,0.7039629220962524,0.9167670011520386,0.5795013308525085,7.335163593292236,1.8521145582199097,-0.013508398085832596,0.0025506317615509033
4,23,30,0.34529876708984375,0.8216304183006287,0.9346828460693359,0.7222351431846619,4.727441310882568,3.0949575901031494,-0.0033445428125560284,-0.007547327317297459
4,24,31,0.4200036823749542,1.565460443496704,0.9180240631103516,0.6313583850860596,5.491934776306152,4.622490882873535,-0.04837815463542938,-0.0014965236186981201
4,25,32,0.40134814381599426,2.3601746559143066,0.9148921966552734,0.6565717458724976,4.632820129394531,10.293237686157227,-0.037261031568050385,-0.017231881618499756
4,26,34,0.46531569957733154,5.87461519241333,0.8925654888153076,0.39669254422187805,4.240617752075195,8.126763343811035,0.07679364830255508,-0.012699823826551437
4,27,35,0.4459458291530609,5.210996150970459,0.8854602575302124,0.45658791065216064,7.460419178009033,7.8825178146362305,-0.26701807975769043,0.012371963821351528
5,0,0,0.704909086227417,0.026705678552389145,0.9999259114265442,0.9104630947113037,5253.64404296875,0.2368735373020172,-0.12531818449497223,-0.0037182075902819633
5,1,1,0.3840629458427429,0.03461343050003052,0.9979784488677979,0.8604166507720947,117.37582397460938,0.19557321071624756,-0.016390686854720116,0.002886853413656354
5,2,3,0.591755747795105,0.13867886364459991,0.9492170810699463,0.7149348855018616,8.67042064666748,0.5237085819244385,-0.021627511829137802,-0.006920803338289261
5,3,4,0.5656033754348755,0.16826727986335754,0.9114631414413452,0.707783043384552,6.518463134765625,0.5413326025009155,-0.03955773636698723,0.02228185534477234
5,4,5,0.654076099395752,0.29571211338043213,0.8669070601463318,0.5802972316741943,5.790279388427734,0.6878763437271118,-0.013496354222297668,-0.009767630137503147
5,5,6,0.5226733684539795,0.33392423391342163,0.8823572397232056,0.6409053802490234,5.511950492858887,0.8800868391990662,-0.09616421163082123,0.0014247777871787548
5,6,8,0.9326902627944946,0.21803919970989227,0.8367719650268555,0.6889917254447937,5.288527965545654,0.7879507541656494,0.022442234680056572,0.007989080622792244
5,7,9,0.542151927947998,0.2173793911933899,0.973542332649231,0.6249199509620667,13.124011993408203,0.6616631150245667,-0.02796587534248829,0.010004711337387562
5,8,10,0.7330210208892822,0.2703676223754883,0.8778246641159058,0.6983431577682495,5.694269180297852,0.9907540678977966,0.015962805598974228,-0.0014407720882445574
5,9,12,0.6044360995292664,0.24861079454421997,0.8963038921356201,0.6959753632545471,6.064701080322266,0.9222134351730347,-0.009079348295927048,-0.00579849723726511
5,10,13,0.555988609790802,0.34267163276672363,0.8996657133102417,0.6061452627182007,5.851071834564209,0.9892337322235107,0.0554971918463707,-0.005520558450371027
5,11,14,0.5549564957618713,0.22378399968147278,0.9061586856842041,0.7135488986968994,6.77018928527832,0.8394343256950378,-0.03386949747800827,0.04779161512851715
5,12,16,0.5750646591186523,0.3032018542289734,0.8843460083007812,0.7359538674354553,6.38192081451416,1.0486640930175781,0.010103164240717888,-0.0048276279121637344
5,13,17,0.5126928687095642,0.2154397815465927,0.9160254597663879,0.7746118307113647,5.9109625816345215,1.074983835220337,-0.00538219790905714,-0.011306865140795708
5,14,18,1.024399995803833,0.3723981976509094,0.8144623637199402,0.7186922430992126,8.035987854003906,1.2864482402801514,0.2156183123588562,-0.0012403839500620961
5,15,19,0.3891987204551697,0.29156190156936646,0.9944851398468018,0.6193066835403442,39.14006423950195,1.1327641010284424,0.015035838820040226,0.0039975582621991634
5,16,21,0.4194316864013672,0.264656126499176,0.924069344997406,0.7705079317092896,6.405717849731445,1.319312334060669,-0.02258864976465702,0.004328516777604818
5,17,22,0.36698371171951294,0.47949662804603577,0.9178773164749146,0.6041452884674072,4.698768615722656,1.3964695930480957,0.025478705763816833,-0.005935876630246639
5,18,23,0.4205705225467682,0.2907717525959015,0.9445163011550903,0.7585142850875854,7.528069496154785,1.2342010736465454,-0.06283710896968842,-0.0018946196651086211
5,19,25,0.355457603931427,0.36411088705062866,0.9351315498352051,0.7141096591949463,4.91697883605957,1.539015769958496,0.01863960549235344,0.006846193224191666
5,20,26,0.41075456142425537,0.5956078171730042,0.9239685535430908,0.6118450164794922,4.7609357833862305,1.649522066116333,0.11045071482658386,0.007480345666408539
5,21,27,0.3694571852684021,0.4379463195800781,0.9213405251502991,0.7478857040405273,22.240970611572266,1.8038127422332764,-0.05395098775625229,0.019306696951389313
5,22,29,0.5168373584747314,0.8293905258178711,0.9122762084007263,0.5386515855789185,7.273758411407471,1.980673909187317,-0.01650468446314335,-0.006833354011178017
5,23,30,0.38739895820617676,0.9557962417602539,0.9288172721862793,0.6964312791824341,4.827388763427734,3.276402473449707,-0.020287908613681793,-0.01270169485360384
5,24,31,0.4556092619895935,1.8095402717590332,0.9100714921951294,0.6203435063362122,5.440936088562012,5.182913780212402,-0.0504385381937027,0.0034152655862271786
5,25,32,0.45747458934783936,2.6564440727233887,0.9032984972000122,0.6501888632774353,4.531902313232422,11.508646965026855,-0.0019446793012320995,-0.014773130416870117
5,26,34,0.5439609885215759,7.137117385864258,0.8765759468078613,0.3677947521209717,4.386456489562988,9.706714630126953,0.06100716441869736,-0.00065574049949646
5,27,35,0.5155931711196899,6.230415344238281,0.870112419128418,0.4431091547012329,7.267303466796875,9.404449462890625,-0.23931100964546204,0.007622207514941692
6,0,0,0.6667532324790955,0.024650461971759796,0.9999300241470337,0.9190115928649902,5256.2431640625,0.2267400324344635,-0.1260252445936203,0.0022889687679708004
6,1,1,0.3515312075614929,0.032839085906744,0.9981499910354614,0.8670257329940796,117.28069305419922,0.19813060760498047,-0.014405504800379276,0.0010932940058410168
6,2,3,0.5541503429412842,0.12818211317062378,0.9525306224822998,0.7324385046958923,8.688763618469238,0.5153241157531738,-0.01972772181034088,-0.008919215761125088
6,3,4,0.5375397205352783,0.1573183834552765,0.916635274887085,0.7238470911979675,6.6108269691467285,0.5464441776275635,-0.04298139363527298,0.006019535940140486
6,4,5,0.6268343925476074,0.27182120084762573,0.8699319958686829,0.6036133766174316,5.700544357299805,0.6640866994857788,-0.011043822392821312,0.0010454383445903659
6,5,6,0.5014879703521729,0.31439894437789917,0.8860836029052734,0.6540839076042175,5.530675888061523,0.8717802166938782,-0.10098367929458618,-0.0007180236279964447
6,6,8,0.887710452079773,0.1986391693353653,0.845179557800293,0.6994713544845581,5.215267181396484,0.754880964756012,0.03645367920398712,0.005579398013651371
6,7,9,0.5237036347389221,0.2088618129491806,0.974319577217102,0.6359120607376099,13.010526657104492,0.6555668115615845,-0.018431425094604492,0.004518601112067699
6,8,10,0.7040489912033081,0.2659469246864319,0.8823161125183105,0.6922188997268677,5.647993087768555,0.9575871825218201,0.012430732138454914,0.0005821327213197947
6,9,12,0.5944055318832397,0.24813693761825562,0.8963794708251953,0.6885412931442261,5.889394760131836,0.8941956162452698,-0.007556210272014141,-0.0035125352442264557
6,10,13,0.5355503559112549,0.35622626543045044,0.9001318216323853,0.59599769115448,5.80811071395874,0.9979512095451355,0.04191570729017258,-0.007227702997624874
6,11,14,0.5513338446617126,0.232980415225029,0.9057116508483887,0.6991080641746521,6.721290588378906,0.8627047538757324,-0.03195740282535553,0.03460152819752693
6,12,16,0.5783997774124146,0.2966001629829407,0.8810021877288818,0.7190621495246887,6.344196796417236,1.0113126039505005,0.006056596525013447,-0.00158038386143744
6,13,17,0.5025739669799805,0.2200835943222046,0.9154548645019531,0.7526333332061768,5.865299224853516,1.0272375345230103,-0.013295881450176239,0.003516698256134987
6,14,18,1.0311825275421143,0.37688320875167847,0.8076776266098022,0.7013570070266724,8.162015914916992,1.2848265171051025,0.20770233869552612,-0.008693106472492218
6,15,19,0.39362603425979614,0.31351253390312195,0.9944267868995667,0.5829423666000366,39.431793212890625,1.1194534301757812,0.008178692311048508,0.0013149105943739414
6,16,21,0.4433930516242981,0.2798367440700531,0.918043851852417,0.7475661039352417,6.249157905578613,1.3238794803619385,-0.00931116659194231,0.004804648458957672
6,17,22,0.37015730142593384,0.5466781854629517,0.9159900546073914,0.5759029984474182,4.667111396789551,1.4354685544967651,0.019121233373880386,0.00998242013156414
6,18,23,0.420204222202301,0.3117346167564392,0.9439915418624878,0.7367923259735107,7.560454368591309,1.224773645401001,-0.08357633650302887,-0.002737285103648901
6,19,25,0.35554298758506775,0.3704076409339905,0.9344996213912964,0.7188167572021484,5.014406681060791,1.597697377204895,0.007326564751565456,0.017231978476047516
6,20,26,0.4103736877441406,0.6085934638977051,0.9231395125389099,0.6052544713020325,4.7225470542907715,1.6684391498565674,0.1176886111497879,0.00490923784673214
6,21,27,0.35826969146728516,0.452157199382782,0.9239499568939209,0.7268353700637817,22.553434371948242,1.7681349515914917,-0.02967812679708004,0.017367450520396233
6,22,29,0.502491295337677,0.7494215369224548,0.9131012558937073,0.5445906519889832,7.237729072570801,1.9052457809448242,-0.004714676644653082,-0.007960446178913116
6,23,30,0.37967395782470703,0.8511067628860474,0.9281318783760071,0.7004504203796387,4.794191360473633,3.0340378284454346,-0.022163143381476402,-0.00010951526928693056
6,24,31,0.4338507652282715,1.5772031545639038,0.9137836694717407,0.6162155866622925,5.399065971374512,4.592433929443359,-0.050369907170534134,-0.003035948844626546
6,25,32,0.4044400751590729,2.3193039894104004,0.9095661640167236,0.648176372051239,4.364398002624512,10.080495834350586,-0.014241404831409454,-0.017799735069274902
6,26,34,0.47155842185020447,5.803393363952637,0.8854155540466309,0.37950003147125244,4.178889274597168,8.098340034484863,0.060453202575445175,0.0008703129133209586
6,27,35,0.44557321071624756,5.01896858215332,0.8820439577102661,0.42589837312698364,7.233975410461426,7.666410446166992,-0.26182445883750916,-0.00013955228496342897
7,0,0,0.6829017400741577,0.02643413096666336,0.9999282360076904,0.9148116111755371,5255.0615234375,0.24063408374786377,-0.12545445561408997,-1.7983373254537582e-05
7,1,1,0.3680892586708069,0.03327840194106102,0.9980636835098267,0.8651502132415771,117.34879302978516,0.1952700912952423,-0.015056328848004341,-0.00041899236384779215
7,2,3,0.5543732643127441,0.12911707162857056,0.9522030353546143,0.7395216226577759,8.605762481689453,0.530231237411499,-0.01673286221921444,-0.023444825783371925
7,3,4,0.538238525390625,0.15395021438598633,0.9151533842086792,0.7200230360031128,6.440364837646484,0.5260950326919556,-0.02499408647418022,0.025755876675248146
7,4,5,0.6401260495185852,0.26955270767211914,0.8704103231430054,0.6017754077911377,5.774153232574463,0.6730473041534424,0.009785512462258339,-0.005326143465936184
7,5,6,0.5158122777938843,0.32938194274902344,0.8839988708496094,0.6479390859603882,5.602195739746094,0.9073989391326904,-0.09400579333305359,-0.006796345580369234
7,6,8,0.9516095519065857,0.21766993403434753,0.837496817111969,0.6779481768608093,5.330204010009766,0.7865031957626343,0.04120848700404167,0.00670958124101162
7,7,9,0.553688645362854,0.2212478518486023,0.9727495312690735,0.6293917894363403,13.044986724853516,0.6885982751846313,-0.018168844282627106,0.013559099286794662
7,8,10,0.7650824785232544,0.2838960886001587,0.8762123584747314,0.6913528442382812,5.978610038757324,0.9973887205123901,-0.01102826464921236,0.013570357114076614
7,9,12,0.6011341214179993,0.2632497549057007,0.8946219086647034,0.6737374663352966,5.981480598449707,0.9221343994140625,-0.002692179987207055,-0.024088578298687935
7,10,13,0.5932220220565796,0.35632604360580444,0.896467387676239,0.6005262136459351,5.902960300445557,1.0014320611953735,0.06561729311943054,0.012475035153329372
7,11,14,0.5828948616981506,0.24596357345581055,0.9048235416412354,0.7068206071853638,7.175493240356445,0.9242883324623108,-0.045541197061538696,0.025322329252958298
7,12,16,0.6236209869384766,0.3363465964794159,0.870025634765625,0.7073220610618591,6.353010177612305,1.080283522605896,0.01621611975133419,-0.0039754691533744335
7,13,17,0.5652803182601929,0.24676522612571716,0.9089272022247314,0.7495769262313843,6.23851203918457,1.1099050045013428,-0.01974659040570259,-0.0040053389966487885
7,14,18,1.1560500860214233,0.4168325662612915,0.799430251121521,0.6948403120040894,8.209772109985352,1.3901002407073975,0.20454666018486023,-0.022639241069555283
7,15,19,0.4384515881538391,0.33331987261772156,0.993867814540863,0.5960561037063599,39.370304107666016,1.2204992771148682,0.021998237818479538,0.0047377049922943115
7,16,21,0.501158595085144,0.2978699207305908,0.9124068021774292,0.7534793615341187,6.703615665435791,1.4068294763565063,-0.07653360068798065,0.01819225400686264
7,17,22,0.42273247241973877,0.5246979594230652,0.9105489253997803,0.5877554416656494,4.636001110076904,1.4744784832000732,0.049142539501190186,0.00803610123693943
7,18,23,0.4848710894584656,0.3415079116821289,0.9377778172492981,0.7299861311912537,7.670344829559326,1.323609709739685,-0.05561542138457298,0.00032493670005351305
7,19,25,0.4400781989097595,0.4367067217826843,0.925617516040802,0.6815906763076782,5.187213897705078,1.6888223886489868,0.0238945409655571,0.010683203116059303
7,20,26,0.5018779039382935,0.6074509024620056,0.908091127872467,0.6064707636833191,4.9320526123046875,1.7390503883361816,0.10203655809164047,0.004728563129901886
7,21,27,0.4085456132888794,0.48061704635620117,0.9169477224349976,0.7227354645729065,22.10284996032715,1.9338874816894531,-0.0023769999388605356,-0.0012201853096485138
7,22,29,0.5895777940750122,0.8768590688705444,0.9014796018600464,0.5265843868255615,7.425410270690918,2.120603561401367,-0.02475345879793167,0.0045204926282167435
7,23,30,0.44578808546066284,0.9974915981292725,0.9144577980041504,0.6897200345993042,4.8119120597839355,3.383821964263916,-0.029614567756652832,-0.000718927476555109
7,24,31,0.496440589427948,1.9008281230926514,0.897292971611023,0.616910457611084,5.317447662353516,5.492744445800781,-0.061297457665205,-0.001309567247517407
7,25,32,0.47867536544799805,2.775629997253418,0.8932904005050659,0.6382426023483276,4.34574031829834,12.076574325561523,-0.003872290952131152,-0.025287404656410217
7,26,34,0.5860577821731567,7.140702247619629,0.8609275817871094,0.37086910009384155,4.322674751281738,9.680678367614746,0.07119277119636536,0.0145374471321702
7,27,35,0.5652399063110352,6.336493968963623,0.8460280895233154,0.4336669147014618,7.351797103881836,9.346339225769043,-0.2686751186847687,-0.0010375798447057605
8,0,0,0.6560293436050415,0.02395138517022133,0.9999310970306396,0.9237571954727173,5255.8779296875,0.24519604444503784,-0.12557381391525269,-0.002424696460366249
8,1,1,0.3784227967262268,0.03252873942255974,0.9980087280273438,0.8717750310897827,117.26902770996094,0.20286758244037628,-0.014784114435315132,-0.006249184254556894
8,2,3,0.5593709349632263,0.1276271641254425,0.9518561363220215,0.7514963746070862,8.60795783996582,0.5196614265441895,-0.014712868258357048,-0.004828901961445808
8,3,4,0.5208595991134644,0.1472136527299881,0.9181404113769531,0.7324599623680115,6.466190338134766,0.5218995809555054,-0.03108726628124714,0.023070313036441803
8,4,5,0.6246496438980103,0.2649419605731964,0.8721094727516174,0.6202657222747803,5.688656806945801,0.6844659447669983,-0.002393969101831317,-0.015940004959702492
8,5,6,0.49758100509643555,0.32129642367362976,0.8861467242240906,0.6623576283454895,5.458496570587158,0.8915256261825562,-0.08471547067165375,-0.004902425222098827
8,6,8,0.8907159566879272,0.20390312373638153,0.8412585258483887,0.6935195326805115,5.225833892822266,0.7672437429428101,0.027755603194236755,0.003533263225108385
8,7,9,0.5435847043991089,0.21576137840747833,0.973176121711731,0.6369224786758423,12.997305870056152,0.681268572807312,-0.016844939440488815,0.006977008190006018
8,8,10,0.7243216037750244,0.2628798484802246,0.8781366944313049,0.7030500173568726,5.780965805053711,0.9727672338485718,-0.002062123967334628,0.012932905927300453
8,9,12,0.5940889120101929,0.24024882912635803,0.8953388929367065,0.6884751915931702,5.959586143493652,0.9248018264770508,0.003885634709149599,-0.01501833088696003
8,10,13,0.5450916886329651,0.3420107066631317,0.9017801880836487,0.6060314178466797,5.921682357788086,0.9931873083114624,0.04505779594182968,0.0028889335226267576
8,11,14,0.5538557767868042,0.2295837253332138,0.9074290990829468,0.710395097732544,6.992814540863037,0.8863055109977722,-0.04377410188317299,0.02073144167661667
8,12,16,0.5877242684364319,0.3130496144294739,0.8785459995269775,0.708579421043396,6.273616790771484,1.014269471168518,0.01497986726462841,-0.0039453967474401
8,13,17,0.514930009841919,0.22213852405548096,0.9134547710418701,0.7585818767547607,6.070245265960693,1.016526460647583,-0.02956012450158596,0.00421889079734683
8,14,18,1.0620243549346924,0.3592049479484558,0.8129392266273499,0.7135113477706909,8.15578556060791,1.2914224863052368,0.21663442254066467,-0.020865565165877342
8,15,19,0.3807920217514038,0.280961275100708,0.9946527481079102,0.6244195103645325,39.9461555480957,1.1179559230804443,-0.002407968044281006,-0.006613337900489569
8,16,21,0.42199599742889404,0.25077641010284424,0.922431468963623,0.7689351439476013,6.323936939239502,1.2260559797286987,-0.03945344686508179,0.02752702496945858
8,17,22,0.35664916038513184,0.43790528178215027,0.9204938411712646,0.5902419686317444,4.575736999511719,1.2705843448638916,0.03765098378062248,-0.002662160200998187
8,18,23,0.41277071833610535,0.28795987367630005,0.9451080560684204,0.7453033328056335,7.703591346740723,1.1674034595489502,-0.07694093883037567,0.00033169100061059
8,19,25,0.38876450061798096,0.36864012479782104,0.9307460784912109,0.7148977518081665,5.023947715759277,1.4817216396331787,0.023894265294075012,0.022399894893169403
8,20,26,0.4112711548805237,0.5613806843757629,0.9227063655853271,0.6309959888458252,4.713083267211914,1.634214162826538,0.11612124741077423,0.002080479171127081
8,21,27,0.361819326877594,0.46481382846832275,0.9236997961997986,0.7369679808616638,22.328989028930664,1.881043791770935,-0.00027207552921026945,0.017463354393839836
8,22,29,0.5569712519645691,0.813619077205658,0.9067966938018799,0.5417429208755493,7.361028671264648,1.9784178733825684,-0.013694250956177711,0.0007770690135657787
8,23,30,0.4230901598930359,0.9033056497573853,0.9221590757369995,0.6934643983840942,4.939076900482178,3.127880334854126,-0.03171583637595177,0.0011164986062794924
8,24,31,0.46851906180381775,1.7153902053833008,0.9068688154220581,0.6289231777191162,5.563277721405029,4.928562641143799,-0.06585998088121414,-0.001791894668713212
8,25,32,0.46284860372543335,2.520386219024658,0.89898681640625,0.6472737789154053,4.618505477905273,10.661226272583008,-0.023226574063301086,-0.017321182414889336
8,26,34,0.5450472831726074,6.2901153564453125,0.8724356293678284,0.4073382318019867,4.216136932373047,8.958853721618652,0.07816250622272491,0.01149551197886467
8,27,35,0.5085793137550354,5.767867088317871,0.8631047606468201,0.42750513553619385,7.4331865310668945,8.609823226928711,-0.286651074886322,0.004558332730084658
9,0,0,0.6232205629348755,0.019462941214442253,0.9999345541000366,0.940650463104248,5259.1171875,0.2405090630054474,-0.12637051939964294,0.006031121127307415
9,1,1,0.3582700788974762,0.02974025532603264,0.9981131553649902,0.8822022080421448,116.99122619628906,0.20503872632980347,-0.013720085844397545,-0.012611467391252518
9,2,3,0.5320330262184143,0.11191818863153458,0.9553253054618835,0.7735880613327026,8.944341659545898,0.5136479735374451,-0.02251671440899372,-0.008854311890900135
9,3,4,0.4932192265987396,0.13187551498413086,0.9263201355934143,0.7647917866706848,6.708686828613281,0.525849461555481,-0.026210017502307892,0.020943855866789818
9,4,5,0.6226429343223572,0.25149431824684143,0.8815939426422119,0.65301913022995,6.122901916503906,0.6971144080162048,-0.018869981169700623,-0.010290312580764294
9,5,6,0.4831906259059906,0.31165146827697754,0.8943493366241455,0.675257682800293,5.646851539611816,0.8903411626815796,-0.08529926091432571,0.0009614547016099095
9,6,8,0.867615818977356,0.1943739801645279,0.8483899235725403,0.7078903913497925,5.2549638748168945,0.7524847388267517,0.045261286199092865,-0.00384704302996397
9,7,9,0.4854316711425781,0.1962784230709076,0.9761200547218323,0.666093111038208,12.992018699645996,0.680866539478302,-0.006564469076693058,0.013066450133919716
9,8,10,0.7353315949440002,0.2656894326210022,0.8810617923736572,0.7098017930984497,6.058674335479736,0.9801021814346313,-0.015101661905646324,0.018726598471403122
9,9,12,0.585580587387085,0.25517600774765015,0.9012941122055054,0.6899639368057251,6.135711669921875,0.9413528442382812,0.017471250146627426,-0.0068014562129974365
9,10,13,0.5639275312423706,0.3569837808609009,0.9052376747131348,0.6117205023765564,6.386069297790527,1.0063540935516357,0.02227666601538658,0.0016883532516658306
9,11,14,0.588986337184906,0.24388521909713745,0.9049047231674194,0.7087355256080627,7.058967590332031,0.9174467325210571,-0.03337336331605911,0.00841593649238348
9,12,16,0.6030151844024658,0.3220774531364441,0.8778426647186279,0.7120822072029114,6.648717403411865,1.0465774536132812,0.0022220017854124308,-0.005417280830442905
9,13,17,0.5167853832244873,0.22498932480812073,0.9164469242095947,0.757209062576294,6.274998664855957,1.0547571182250977,-0.01550176739692688,0.005917469970881939
9,14,18,1.1500332355499268,0.3875908851623535,0.8052067756652832,0.7108545899391174,8.280891418457031,1.3552151918411255,0.21375751495361328,-0.02457239478826523
9,15,19,0.4037955403327942,0.29537874460220337,0.9943361282348633,0.6340258121490479,40.0091667175293,1.135034203529358,-0.0005729628610424697,0.013822851702570915
9,16,21,0.4937153458595276,0.27275288105010986,0.9216502904891968,0.767684817314148,6.826127052307129,1.353859782218933,-0.05124635249376297,0.0005688670789822936
9,17,22,0.3928050100803375,0.4898141920566559,0.9188238978385925,0.5948795080184937,4.835657596588135,1.3650306463241577,0.027587421238422394,0.004532244522124529
9,18,23,0.44916418194770813,0.3001127541065216,0.9429688453674316,0.7439091205596924,7.873605728149414,1.2414661645889282,-0.07185277342796326,-0.02802218310534954
9,19,25,0.4176538586616516,0.36852431297302246,0.9298818707466125,0.7202125787734985,5.322103977203369,1.5640432834625244,0.02065262943506241,0.012280268594622612
9,20,26,0.47092682123184204,0.546912431716919,0.9199185371398926,0.6650407314300537,4.93815803527832,1.6836256980895996,0.14087042212486267,0.01565662771463394
9,21,27,0.4044066071510315,0.454670250415802,0.9230186343193054,0.7575101256370544,22.94292640686035,2.0252137184143066,0.009020315483212471,-0.0071139223873615265
9,22,29,0.5622605085372925,0.7833048105239868,0.9117056727409363,0.5742323994636536,7.862819194793701,2.0641140937805176,-0.044880159199237823,0.0156166460365057
9,23,30,0.44064074754714966,0.8340028524398804,0.9226506352424622,0.7126418352127075,5.163139820098877,3.0631637573242188,-0.039737116545438766,0.027367839589715004
9,24,31,0.466072678565979,1.6012108325958252,0.9138311147689819,0.6665533781051636,5.722143650054932,4.999502658843994,-0.05151735991239548,-0.004041437990963459
9,25,32,0.4535684585571289,2.347975730895996,0.9061477184295654,0.677363395690918,4.780562400817871,10.80691146850586,-0.020562153309583664,-0.027351312339305878
9,26,34,0.569536030292511,5.909438610076904,0.8743705749511719,0.43459251523017883,4.434642791748047,8.573125839233398,0.07476989924907684,0.024051368236541748
9,27,35,0.5370848774909973,5.593317985534668,0.8620873689651489,0.43945229053497314,7.6701273918151855,8.493285179138184,-0.29580992460250854,-0.006296374835073948
10,0,0,0.6476682424545288,0.02036076970398426,0.9999319911003113,0.9360755681991577,5258.1494140625,0.2385173887014389,-0.12633243203163147,0.003956844098865986
10,1,1,0.3528311550617218,0.02989208698272705,0.9981428980827332,0.8816365599632263,117.03150939941406,0.2046445906162262,-0.012375695630908012,-0.010309649631381035
10,2,3,0.5510619878768921,0.11887368559837341,0.9524226188659668,0.7619956135749817,8.592954635620117,0.5182549357414246,-0.0062504056841135025,-0.008944360539317131
10,3,4,0.5076097249984741,0.14024533331394196,0.9171336889266968,0.746692419052124,6.5211405754089355,0.5256624221801758,-0.029481228440999985,0.019400998950004578
10,4,5,0.6220262050628662,0.25295290350914,0.8722909092903137,0.6335197687149048,5.790981769561768,0.6825329661369324,-0.00594317726790905,-0.013074839487671852
10,5,6,0.49519166350364685,0.3270445168018341,0.8836990594863892,0.6571868658065796,5.486457824707031,0.9091942310333252,-0.08245895057916641,-0.011172164231538773
10,6,8,0.866519570350647,0.20140555500984192,0.8442593812942505,0.7046456336975098,5.250421524047852,0.7677912712097168,0.033458344638347626,-0.002501152688637376
10,7,9,0.5381551384925842,0.21855318546295166,0.9736179113388062,0.6408016681671143,12.98804759979248,0.6956995725631714,-0.006237245164811611,0.012396734207868576
10,8,10,0.7009971737861633,0.2609609067440033,0.8764306306838989,0.7042704820632935,5.847965240478516,0.9919703006744385,-0.01134636253118515,0.01839713752269745
10,9,12,0.5998692512512207,0.2470097690820694,0.8948925733566284,0.6890572309494019,6.07951545715332,0.9584802389144897,0.017956696450710297,-0.016308292746543884
10,10,13,0.5413858890533447,0.3295137286186218,0.9010196924209595,0.6272341012954712,6.119646072387695,1.0078415870666504,0.03346693515777588,-0.005176503676921129
10,11,14,0.5686590671539307,0.23622377216815948,0.9071165919303894,0.715583324432373,7.2332916259765625,0.9337589740753174,-0.0380813404917717,0.003786523826420307
10,12,16,0.592349648475647,0.30531516671180725,0.8731484413146973,0.7086088061332703,6.415194511413574,1.0018491744995117,0.011941102333366871,0.007360728457570076
10,13,17,0.5151375532150269,0.21471886336803436,0.91127610206604,0.7600795030593872,6.238153457641602,1.0179212093353271,-0.03319723904132843,-0.0019100665813311934
10,14,18,1.0714229345321655,0.3553698658943176,0.8081175088882446,0.713080644607544,8.364832878112793,1.2871845960617065,0.20538440346717834,-0.019316647201776505
10,15,19,0.39991554617881775,0.26339834928512573,0.99435955286026,0.6452984809875488,39.43265914916992,1.080754041671753,0.013228947296738625,-0.005238139070570469
10,16,21,0.4362349808216095,0.24135886132717133,0.9176717400550842,0.775214672088623,6.78048038482666,1.2144200801849365,-0.06467556953430176,0.03932030498981476
10,17,22,0.35843148827552795,0.4229542016983032,0.9169072508811951,0.604602575302124,4.698010444641113,1.2545409202575684,0.029659774154424667,0.007996239699423313
10,18,23,0.42138001322746277,0.2813457250595093,0.9437399506568909,0.7452520728111267,7.689511299133301,1.1548888683319092,-0.07366693019866943,-0.0054496824741363525
10,19,25,0.3837553560733795,0.35106390714645386,0.926645815372467,0.7276231050491333,5.2522382736206055,1.4713845252990723,-0.00302056479267776,0.018735792487859726
10,20,26,0.4183064103126526,0.5507671236991882,0.9198929071426392,0.6547790765762329,4.8802571296691895,1.6802235841751099,0.12321720272302628,-0.003974282182753086
10,21,27,0.3729650378227234,0.44049227237701416,0.9181443452835083,0.7582802772521973,21.95912742614746,1.9536648988723755,-0.0013863940257579088,0.004941730294376612
10,22,29,0.5303825736045837,0.7580716609954834,0.9072117805480957,0.5800054669380188,7.543417930603027,1.9788329601287842,-0.04399733245372772,0.009656673297286034
10,23,30,0.4178526997566223,0.8277397155761719,0.914578914642334,0.7176085114479065,4.8840837478637695,3.103747606277466,-0.03412266820669174,0.0179375559091568
10,24,31,0.4460987150669098,1.5779387950897217,0.9097064733505249,0.6606509685516357,5.643401145935059,4.901620388031006,-0.07428641617298126,-0.011111114174127579
10,25,32,0.44543805718421936,2.3151755332946777,0.9001146554946899,0.6775091886520386,4.484933376312256,10.577688217163086,-0.003914691973477602,-0.017805732786655426
10,26,34,0.5698397159576416,5.96126651763916,0.8640440702438354,0.43814316391944885,4.192612171173096,8.705181121826172,0.08333411812782288,0.013908958993852139
10,27,35,0.5289507508277893,5.454067230224609,0.8606631755828857,0.4498800039291382,7.610804080963135,8.496122360229492,-0.29975825548171997,-0.004085510037839413
11,0,0,0.6861199140548706,0.02382967434823513,0.9999279379844666,0.9239183664321899,5256.7724609375,0.2359718680381775,-0.12659123539924622,0.005737711675465107
11,1,1,0.36341729760169983,0.03279346972703934,0.9980887174606323,0.870848536491394,117.34110260009766,0.20413264632225037,-0.01415681280195713,-0.007166673429310322
11,2,3,0.5403275489807129,0.12745198607444763,0.9527533054351807,0.7384394407272339,8.542863845825195,0.5110039114952087,-0.010339124128222466,-0.0030968987848609686
11,3,4,0.5329242944717407,0.15015646815299988,0.9149282574653625,0.7337086796760559,6.434825420379639,0.5387511849403381,-0.035200297832489014,0.022431809455156326
11,4,5,0.6160339117050171,0.26849669218063354,0.8699969053268433,0.6143519878387451,5.729848384857178,0.6857113838195801,-0.014794477261602879,-0.016603857278823853
11,5,6,0.4748276174068451,0.3121582567691803,0.8890907764434814,0.667094349861145,5.373677730560303,0.9008787274360657,-0.07756085693836212,-0.0071368529461324215
11,6,8,0.8834846019744873,0.19278845191001892,0.8449176549911499,0.7083603739738464,5.231568813323975,0.764798641204834,0.03548208996653557,0.0012409451883286238
11,7,9,0.5050250291824341,0.20733478665351868,0.9755169749259949,0.6551351547241211,13.052067756652832,0.6674966812133789,-0.011625679209828377,0.01950872875750065
11,8,10,0.6718077659606934,0.24906158447265625,0.8844678997993469,0.7164002060890198,5.7284088134765625,0.966415524482727,-0.015208674594759941,0.004828618839383125
11,9,12,0.5711469650268555,0.23752501606941223,0.8952511548995972,0.695220947265625,5.70408821105957,0.9299885630607605,0.005163147579878569,-0.016821416094899178
11,10,13,0.5240082740783691,0.3208281993865967,0.900428295135498,0.6311838626861572,5.795431137084961,0.9741570353507996,0.03333459049463272,0.008809404447674751
11,11,14,0.5449655055999756,0.2289249747991562,0.9051500558853149,0.7206957340240479,6.71682596206665,0.9311733245849609,-0.03819810599088669,-0.008057281374931335
11,12,16,0.5553930997848511,0.27870991826057434,0.8827168941497803,0.732020378112793,6.326479911804199,0.9886866807937622,-0.00876622274518013,-0.005664684809744358
11,13,17,0.4812527298927307,0.20636722445487976,0.918758749961853,0.771027684211731,5.8845415115356445,1.0104910135269165,-0.015266376547515392,-0.007481150329113007
11,14,18,1.0378694534301758,0.3368415832519531,0.8102802038192749,0.7226805090904236,8.040467262268066,1.2476184368133545,0.22883275151252747,-0.009636111557483673
11,15,19,0.3652723431587219,0.27341240644454956,0.9948385953903198,0.6373095512390137,39.48122787475586,1.0739004611968994,0.005826973356306553,0.009827093221247196
11,16,21,0.3910549581050873,0.22925586998462677,0.9277602434158325,0.7796775102615356,6.3463287353515625,1.2153483629226685,-0.048037655651569366,0.0017732426058501005
11,17,22,0.33338233828544617,0.4269987940788269,0.9216431379318237,0.6197360754013062,4.371187210083008,1.3062819242477417,0.04669938236474991,0.013111056759953499
11,18,23,0.3808749318122864,0.26231592893600464,0.948152482509613,0.7673726081848145,7.340472221374512,1.1501479148864746,-0.06588523089885712,-0.005812277086079121
11,19,25,0.34367191791534424,0.33510395884513855,0.9368104934692383,0.7402780652046204,4.991215705871582,1.5318187475204468,0.020513184368610382,0.004114776849746704
11,20,26,0.38055840134620667,0.5110688209533691,0.9277312159538269,0.6735331416130066,4.547181129455566,1.6117303371429443,0.14583644270896912,0.00622969027608633
11,21,27,0.3331717848777771,0.4025583863258362,0.9287068247795105,0.7683970928192139,23.075010299682617,1.7900205850601196,-0.043122299015522,0.017978187650442123
11,22,29,0.48827028274536133,0.7462754845619202,0.9142074584960938,0.5858719348907471,7.280505180358887,2.0009217262268066,-0.022787444293498993,-0.006996354088187218
11,23,30,0.3573415279388428,0.8227188587188721,0.9298756122589111,0.7255302667617798,4.709745407104492,3.159492015838623,-0.026964306831359863,0.017255183309316635
11,24,31,0.43454015254974365,1.6104726791381836,0.9125566482543945,0.6688225269317627,5.4402265548706055,5.095928192138672,-0.05592767521739006,-0.007677357643842697
11,25,32,0.41811323165893555,2.3367607593536377,0.9076648354530334,0.691832423210144,4.445250511169434,11.399155616760254,-0.0202561616897583,-0.017404703423380852
11,26,34,0.4915101230144501,6.318733215332031,0.8806959390640259,0.4235869348049164,4.105016708374023,8.980569839477539,0.08267871290445328,0.004020850174129009
11,27,35,0.4749568700790405,5.45736026763916,0.8717827796936035,0.46594375371932983,7.489522933959961,8.831241607666016,-0.27581000328063965,-0.0073389108292758465
12,0,0,0.6364762187004089,0.020704537630081177,0.9999331831932068,0.9362574815750122,5257.529296875,0.24063090980052948,-0.12635409832000732,0.00865854974836111
12,1,1,0.3540631830692291,0.03070002608001232,0.9981381893157959,0.8810061812400818,117.15483093261719,0.2054629921913147,-0.011639418080449104,-0.010902728885412216
12,2,3,0.5222339630126953,0.11837704479694366,0.95563805103302,0.7697888612747192,8.840202331542969,0.5205060839653015,-0.02067488431930542,-0.00893181562423706
12,3,4,0.48785200715065,0.13842996954917908,0.9239723086357117,0.7537726163864136,6.517558574676514,0.5289497971534729,-0.03559625893831253,0.014146236702799797
12,4,5,0.602182924747467,0.24186114966869354,0.8787159323692322,0.6463539600372314,5.8928632736206055,0.6771628856658936,-0.015890490263700485,-0.02132430672645569
12,5,6,0.47110265493392944,0.30409133434295654,0.8932802081108093,0.6715503931045532,5.504861831665039,0.88625168800354,-0.0806378424167633,-0.006475280039012432
12,6,8,0.8308223485946655,0.18182209134101868,0.8552906513214111,0.7197962999343872,5.193304061889648,0.7498949766159058,0.048402510583400726,-0.0037994033191353083
12,7,9,0.5035735368728638,0.20691968500614166,0.9757301211357117,0.6576827168464661,13.115490913391113,0.6774760484695435,-0.00837540440261364,0.012710342183709145
12,8,10,0.6974829435348511,0.2652311623096466,0.8850070238113403,0.7085758447647095,5.803060531616211,0.9705862402915955,0.009490960277616978,0.008921188302338123
12,9,12,0.5871388912200928,0.24815064668655396,0.8971854448318481,0.6845104694366455,5.958159446716309,0.929152250289917,-0.0017831437289714813,-0.018355173990130424
12,10,13,0.5169709920883179,0.3358796536922455,0.9053431749343872,0.6193301677703857,5.990159034729004,0.9903363585472107,0.03769158199429512,0.003495020791888237
12,11,14,0.5413828492164612,0.23301973938941956,0.9083197116851807,0.7054564952850342,7.01393461227417,0.90786212682724,-0.04940390586853027,-0.010731223970651627
12,12,16,0.558234453201294,0.2791571617126465,0.8854572772979736,0.7239601016044617,6.498774528503418,0.9766348600387573,-0.005669207312166691,0.0017806421965360641
12,13,17,0.4883536696434021,0.21047112345695496,0.9182504415512085,0.7584028244018555,6.065520286560059,0.9866276979446411,-0.02485157921910286,0.007769454270601273
12,14,18,1.0741137266159058,0.3560991585254669,0.8157250881195068,0.7123222351074219,8.550424575805664,1.2637473344802856,0.18785519897937775,-0.014347495511174202
12,15,19,0.36801695823669434,0.28397223353385925,0.9947954416275024,0.6297292709350586,39.656517028808594,1.0890270471572876,-0.0003783560823649168,-0.0015812671044841409
12,16,21,0.4125100374221802,0.24300050735473633,0.9267987012863159,0.766933798789978,6.540297031402588,1.2072725296020508,-0.03383117914199829,0.016382504254579544
12,17,22,0.34457477927207947,0.4292658865451813,0.9206973314285278,0.613493800163269,4.625233173370361,1.3120477199554443,0.03297692537307739,-0.003000838216394186
12,18,23,0.38084837794303894,0.27546918392181396,0.95005863904953,0.7565246820449829,7.681140899658203,1.1853253841400146,-0.07770669460296631,-0.02428046427667141
12,19,25,0.36005115509033203,0.3398762047290802,0.9356470704078674,0.7339575290679932,5.283707618713379,1.5448946952819824,-0.004384037107229233,0.0006930502131581306
12,20,26,0.39648643136024475,0.5233038663864136,0.9288986921310425,0.6710665225982666,4.800340175628662,1.670461893081665,0.14618642628192902,0.0058334385976195335
12,21,27,0.3497702479362488,0.421322762966156,0.9287593364715576,0.7619043588638306,22.965576171875,1.905341386795044,-0.018673986196517944,-0.005250925663858652
12,22,29,0.510745644569397,0.7134732007980347,0.914138674736023,0.604948878288269,7.650876045227051,1.9904990196228027,-0.03666041046380997,0.008767694234848022
12,23,30,0.368956983089447,0.7753065824508667,0.9318048357963562,0.7349053025245667,4.9472551345825195,3.1087162494659424,-0.01861158199608326,0.018028201535344124
12,24,31,0.4270634055137634,1.457619071006775,0.919482946395874,0.6808496713638306,5.755221366882324,4.868593215942383,-0.05529571697115898,-0.007657560519874096
12,25,32,0.4113556146621704,2.139965295791626,0.9110938310623169,0.6976553201675415,4.775722503662109,10.645357131958008,-0.03946561738848686,-0.00953416433185339
12,26,34,0.491646409034729,5.335380554199219,0.8879892826080322,0.44536370038986206,4.261699676513672,8.097929954528809,0.09991025924682617,-0.0006652196170762181
12,27,35,0.466665655374527,4.889429092407227,0.8777070045471191,0.46564531326293945,7.741572856903076,7.952855587005615,-0.3055010139942169,-0.020364342257380486
13,0,0,0.6620745658874512,0.024289701133966446,0.9999304413795471,0.9252884387969971,5257.1123046875,0.2367357462644577,-0.12638220191001892,0.0167726818472147
13,1,1,0.3613094985485077,0.0319666713476181,0.9980989694595337,0.8753291964530945,117.35833740234375,0.2062877118587494,-0.014209623448550701,-0.010191855020821095
13,2,3,0.5499464869499207,0.12169317901134491,0.9533901214599609,0.7498267889022827,8.852048873901367,0.5220765471458435,-0.022238684818148613,-0.012999409809708595
13,3,4,0.505247175693512,0.14532531797885895,0.92341148853302,0.7420747876167297,6.614789962768555,0.5293616056442261,-0.03657817095518112,0.022315483540296555
13,4,5,0.6050229072570801,0.2577899992465973,0.8786017894744873,0.620790958404541,5.868239879608154,0.67715984582901,-0.015572135336697102,-0.0165364071726799
13,5,6,0.46324217319488525,0.31164002418518066,0.8961976766586304,0.6679171323776245,5.603167533874512,0.9032377004623413,-0.09371761232614517,-0.011521605774760246
13,6,8,0.850563108921051,0.19496971368789673,0.8513559103012085,0.7120060920715332,5.2686920166015625,0.7653682231903076,0.03834934160113335,-0.0013753934763371944
13,7,9,0.4971822500228882,0.20195814967155457,0.9758603572845459,0.6746496558189392,13.136844635009766,0.6865702867507935,-0.01096988283097744,0.006663305684924126
13,8,10,0.7024113535881042,0.2588300108909607,0.885783851146698,0.7214690446853638,5.922302722930908,0.9889078736305237,-0.0031631942838430405,0.011081399396061897
13,9,12,0.5733153820037842,0.23482398688793182,0.9037560224533081,0.7082610130310059,6.244213104248047,0.9374902248382568,-0.005667158402502537,-0.019668590277433395
13,10,13,0.5123512744903564,0.31520456075668335,0.910233736038208,0.6349987387657166,6.006893634796143,0.9813365340232849,0.04799828305840492,-0.0004709218628704548
13,11,14,0.5228815078735352,0.21676991879940033,0.915831983089447,0.7407793402671814,7.010639190673828,0.9241740703582764,-0.03260788321495056,-0.0020249991212040186
13,12,16,0.5194277763366699,0.2683509588241577,0.8953337669372559,0.746627688407898,6.41168212890625,1.0150814056396484,0.021120479330420494,-0.009896209463477135
13,13,17,0.4935477674007416,0.2044326514005661,0.9213560223579407,0.7762851119041443,6.136684417724609,1.0098156929016113,-0.01891796663403511,0.008452612906694412
13,14,18,1.0502514839172363,0.3395923376083374,0.8151626586914062,0.7346835732460022,8.268207550048828,1.2703661918640137,0.21258510649204254,-0.0035039556678384542
13,15,19,0.3551104664802551,0.2637637257575989,0.9950003623962402,0.6635434627532959,40.24884796142578,1.1197726726531982,-0.019077982753515244,-0.0019259178079664707
13,16,21,0.4117714464664459,0.23225843906402588,0.931591272354126,0.7931416034698486,6.844077110290527,1.28278386592865,-0.03828216344118118,0.019433416426181793
13,17,22,0.33608365058898926,0.4333364963531494,0.927050769329071,0.6238294839859009,4.810007095336914,1.3396358489990234,0.03790871053934097,0.0018092066748067737
13,18,23,0.37338685989379883,0.27018576860427856,0.9518089294433594,0.7701404094696045,7.692688941955566,1.202308177947998,-0.06826765835285187,-0.010874214582145214
13,19,25,0.355732798576355,0.34177571535110474,0.9384021759033203,0.7398017644882202,5.169436454772949,1.5522631406784058,0.02000945433974266,0.0025015040300786495
13,20,26,0.3806192874908447,0.5332981944084167,0.9339715838432312,0.6778645515441895,5.030799865722656,1.7096384763717651,0.11536131799221039,0.013799084350466728
13,21,27,0.347101092338562,0.41784557700157166,0.9345355033874512,0.7734889984130859,23.096040725708008,1.965821623802185,-0.03296204283833504,-0.0058453683741390705
13,22,29,0.4991496801376343,0.7153539657592773,0.919376790523529,0.5971620082855225,7.670975208282471,2.0058069229125977,-0.03366662561893463,0.001925356686115265
13,23,30,0.3681448996067047,0.816490888595581,0.9350451231002808,0.7264060974121094,5.013293743133545,3.108983039855957,-0.01486644521355629,0.011994963511824608
13,24,31,0.43171706795692444,1.582204818725586,0.9209637641906738,0.6557352542877197,5.84929084777832,4.8985819816589355,-0.05348391830921173,-0.005184831563383341
13,25,32,0.41512125730514526,2.285719156265259,0.9128374457359314,0.6786599159240723,4.708650588989258,10.492263793945312,-0.017123758792877197,-0.015260379761457443
13,26,34,0.5089951753616333,5.800670146942139,0.8878811597824097,0.4107401967048645,4.423860549926758,8.091559410095215,0.07508426904678345,0.0073225125670433044
13,27,35,0.47858279943466187,5.218817710876465,0.8820488452911377,0.44881224632263184,7.742321014404297,8.102689743041992,-0.2876487374305725,-0.011263426393270493
14,0,0,0.6845018863677979,0.02521614357829094,0.9999281167984009,0.9225707054138184,5256.45458984375,0.2388826608657837,-0.1265467405319214,0.013903955928981304
14,1,1,0.3487781882286072,0.03287911042571068,0.9981652498245239,0.8701068758964539,117.28516387939453,0.20090794563293457,-0.013388320803642273,-0.00631278520449996
14,2,3,0.5392801761627197,0.12231609225273132,0.9540479779243469,0.7482978701591492,8.865697860717773,0.514380156993866,-0.02243892475962639,-0.011652834713459015
14,3,4,0.4973801374435425,0.14161020517349243,0.9259042143821716,0.7403579950332642,6.767803192138672,0.5154162049293518,-0.04136359691619873,0.0203692764043808
14,4,5,0.6089314222335815,0.2673841118812561,0.8795341849327087,0.6098337769508362,5.903100967407227,0.675449013710022,-0.01769344136118889,-0.02403702773153782
14,5,6,0.46619388461112976,0.32057714462280273,0.895541787147522,0.6521435976028442,5.580178260803223,0.8863583207130432,-0.09007538855075836,-0.0010328399948775768
14,6,8,0.8507410883903503,0.19069814682006836,0.8510308861732483,0.7093974351882935,5.230618476867676,0.7377252578735352,0.04267158731818199,0.003999108448624611
14,7,9,0.485687792301178,0.19919782876968384,0.9766104221343994,0.6640037894248962,13.2586669921875,0.6778925657272339,-0.015879178419709206,0.007421514950692654
14,8,10,0.6826374530792236,0.25897830724716187,0.8863642811775208,0.7136911153793335,5.85917329788208,0.985466718673706,-0.007748378906399012,0.008904494345188141
14,9,12,0.5899730920791626,0.24635156989097595,0.8980482816696167,0.6954697370529175,6.056777000427246,0.93119215965271,-0.009565239772200584,-0.01291683316230774
14,10,13,0.5291216373443604,0.3313829302787781,0.903079628944397,0.6197230815887451,5.939750671386719,0.9743819236755371,0.038199082016944885,0.006302529014647007
14,11,14,0.5439937710762024,0.23704364895820618,0.9080778360366821,0.7149224281311035,6.85983419418335,0.9212604761123657,-0.03800905868411064,0.0064826952293515205
14,12,16,0.5415675640106201,0.2814471423625946,0.8897227048873901,0.7355300784111023,6.460918426513672,1.0179142951965332,0.010321466252207756,-0.003926125355064869
14,13,17,0.49284860491752625,0.21258462965488434,0.9210273027420044,0.7591655254364014,6.017039775848389,1.0133575201034546,-0.00515464972704649,0.005649935454130173
14,14,18,1.0887774229049683,0.3658157289028168,0.808536171913147,0.7107700109481812,8.375263214111328,1.2621231079101562,0.20409008860588074,-0.0017489303136244416
14,15,19,0.3779080808162689,0.31350934505462646,0.9946516156196594,0.6155935525894165,39.750526428222656,1.1548378467559814,-0.0014697430888190866,0.002009528921917081
14,16,21,0.4638204574584961,0.26351386308670044,0.9195531010627747,0.764054536819458,6.733912467956543,1.3434312343597412,-0.03710956871509552,0.0010232934728264809
14,17,22,0.35234305262565613,0.465795636177063,0.9191918969154358,0.5995518565177917,4.676559925079346,1.3917615413665771,0.025517284870147705,-0.008297665044665337
14,18,23,0.3951352536678314,0.2860119938850403,0.9484407901763916,0.7496877312660217,7.595227241516113,1.1978294849395752,-0.06867653876543045,-0.0162485521286726
14,19,25,0.3532331585884094,0.3600061237812042,0.9358102083206177,0.7244057655334473,5.150014400482178,1.555518388748169,-0.000339917722158134,-0.004154091700911522
14,20,26,0.4028064012527466,0.5570502281188965,0.9245395660400391,0.6620908975601196,4.807640075683594,1.7326604127883911,0.11658771336078644,0.0031287679448723793
14,21,27,0.37037765979766846,0.42510396242141724,0.9244505167007446,0.766088604927063,23.114885330200195,1.9302716255187988,-0.05118878185749054,-0.00859924964606762
14,22,29,0.48679065704345703,0.6710183024406433,0.9148063659667969,0.5992022156715393,7.393002986907959,1.9153435230255127,-0.039900802075862885,0.00452655041590333
14,23,30,0.3601507842540741,0.7720785140991211,0.9301164150238037,0.7317311763763428,4.78380823135376,3.002838611602783,-0.0305887833237648,0.00597964646294713
14,24,31,0.41868308186531067,1.4973684549331665,0.9192813634872437,0.6521527767181396,5.533114910125732,4.613517761230469,-0.05235190689563751,-0.010178610682487488
14,25,32,0.3868482708930969,2.1202497482299805,0.9137226939201355,0.6817657947540283,4.385004043579102,9.714065551757812,-0.017436059191823006,-0.01136603020131588
14,26,34,0.48925697803497314,5.42043924331665,0.881306529045105,0.39312246441841125,4.141207695007324,7.569352149963379,0.07570812106132507,-0.004867558367550373
14,27,35,0.45580586791038513,5.011785507202148,0.8784434795379639,0.44436389207839966,7.509593486785889,7.55799674987793,-0.2866920828819275,-0.004484903067350388
15,0,0,0.6436907052993774,0.019927073270082474,0.9999324083328247,0.9364949464797974,5256.94921875,0.23499594628810883,-0.12577983736991882,0.00788874551653862
15,1,1,0.38287633657455444,0.03217291831970215,0.9979856014251709,0.8739508390426636,117.15071105957031,0.20550914108753204,-0.01312149316072464,-0.014208577573299408
15,2,3,0.5744980573654175,0.12597835063934326,0.9512489438056946,0.7524155974388123,8.81627368927002,0.5129890441894531,-0.01790071278810501,-0.0013114899629727006
15,3,4,0.5310686826705933,0.1428144872188568,0.9139975309371948,0.745547890663147,6.4773736000061035,0.5289937257766724,-0.033496350049972534,0.025058167055249214
15,4,5,0.6252216100692749,0.2537451982498169,0.8729342818260193,0.6292623281478882,5.944572448730469,0.6797498464584351,-0.015465300530195236,-0.017532402649521828
15,5,6,0.4898144602775574,0.3159387707710266,0.8861344456672668,0.6632128953933716,5.499190807342529,0.9153110980987549,-0.07886730134487152,-0.008424771949648857
15,6,8,0.8551478385925293,0.18821769952774048,0.8453741073608398,0.7151710987091064,5.205302715301514,0.7628994584083557,0.03973091021180153,-0.00326119689270854
15,7,9,0.5170310139656067,0.20696640014648438,0.9746232628822327,0.6603778600692749,12.91390609741211,0.6752030849456787,-0.004166674334555864,0.020667046308517456
15,8,10,0.7372283935546875,0.26510506868362427,0.8731250762939453,0.7113693952560425,5.93595027923584,0.9710173010826111,-0.011205336079001427,0.02844127267599106
15,9,12,0.5858540534973145,0.2446707785129547,0.8955780267715454,0.6849992275238037,6.013978004455566,0.9287309646606445,0.0015664519742131233,-0.01544325053691864
15,10,13,0.5485267639160156,0.3203796148300171,0.8972181081771851,0.6295993328094482,5.989192008972168,0.9839205741882324,0.03630751371383667,0.004552651196718216
15,11,14,0.5634014010429382,0.22910398244857788,0.9003828167915344,0.7135517001152039,6.850910186767578,0.9118067026138306,-0.040766313672065735,-0.002787267789244652
15,12,16,0.5947041511535645,0.29418420791625977,0.8728255033493042,0.7226005792617798,6.600775718688965,1.0162439346313477,-0.01497202180325985,-0.003746550064533949
15,13,17,0.5224025249481201,0.21879714727401733,0.9086184501647949,0.755569577217102,6.202523231506348,1.0323209762573242,-0.024795446544885635,0.0010759658180177212
15,14,18,1.1240720748901367,0.36416131258010864,0.802225649356842,0.7138047218322754,8.387019157409668,1.3148000240325928,0.2070850431919098,-0.010632007382810116
15,15,19,0.4099433422088623,0.2886602282524109,0.9942060708999634,0.6350950002670288,39.68921661376953,1.1201809644699097,0.0030537766870111227,0.004322465509176254
15,16,21,0.46972590684890747,0.2488854080438614,0.9113420248031616,0.7655730247497559,6.737700939178467,1.2563964128494263,-0.07085806131362915,0.010288738645613194
15,17,22,0.3712350130081177,0.4297142028808594,0.9105020761489868,0.6134045124053955,4.62186336517334,1.3378124237060547,0.030300898477435112,0.00044523971155285835
15,18,23,0.4279428720474243,0.29066789150238037,0.9426865577697754,0.744808554649353,7.667470932006836,1.2101200819015503,-0.07533478736877441,-0.015907537192106247
15,19,25,0.4160163402557373,0.35495811700820923,0.9217848777770996,0.7222708463668823,5.312604904174805,1.5326296091079712,-0.0014737381134182215,0.0052336943335831165
15,20,26,0.4471511244773865,0.5392578840255737,0.9155340194702148,0.6639835238456726,4.787501811981201,1.6665301322937012,0.1445450782775879,0.017381498590111732
15,21,27,0.39301180839538574,0.4467197060585022,0.9150360822677612,0.7577984929084778,22.597660064697266,1.9757331609725952,-0.00035396101884543896,-0.004791613668203354
15,22,29,0.5554596185684204,0.767173171043396,0.9069290161132812,0.5793395042419434,7.7004570960998535,2.057671070098877,-0.05148483067750931,0.0030751863960176706
15,23,30,0.44372567534446716,0.8327876925468445,0.9156558513641357,0.7155737280845642,5.0634002685546875,3.096761703491211,-0.02371062897145748,0.03550202399492264
15,24,31,0.4770071804523468,1.599252700805664,0.9096879959106445,0.6688276529312134,5.688053131103516,5.063394546508789,-0.04976361617445946,-0.0036509374622255564
15,25,32,0.46895474195480347,2.3269777297973633,0.9018632173538208,0.6864219307899475,4.704353332519531,10.98332405090332,-0.01950247585773468,-0.01596473716199398
15,26,34,0.5517212152481079,6.203614711761475,0.8783911466598511,0.4257092773914337,4.363516330718994,8.982812881469727,0.0888243019580841,0.009601718746125698
15,27,35,0.5053974390029907,5.570490837097168,0.8720465898513794,0.45016878843307495,7.837202548980713,8.809844970703125,-0.30943214893341064,-0.011371473781764507
16,0,0,0.7130715847015381,0.02709159255027771,0.9999251365661621,0.9156633615493774,5256.31103515625,0.2397301197052002,-0.1263343095779419,0.009712060913443565
16,1,1,0.36984172463417053,0.03403327614068985,0.9980539083480835,0.8639281392097473,117.25738525390625,0.2008509635925293,-0.014160135760903358,-0.014772712253034115
16,2,3,0.5535202026367188,0.1273222267627716,0.952738344669342,0.7313796281814575,8.777166366577148,0.5042279958724976,-0.0219111405313015,-0.017726004123687744
16,3,4,0.5200920701026917,0.14840257167816162,0.9197192788124084,0.7331565618515015,6.588402271270752,0.5217115879058838,-0.03859502449631691,0.028567735105752945
16,4,5,0.6100024580955505,0.27448171377182007,0.8770558834075928,0.6089565753936768,5.94010066986084,0.6923540830612183,-0.0210733562707901,-0.01676817610859871
16,5,6,0.4806426465511322,0.32392221689224243,0.8930041790008545,0.6650863885879517,5.451846122741699,0.9163274168968201,-0.07255081087350845,0.0011978130787611008
16,6,8,0.9212182760238647,0.20558200776576996,0.841630220413208,0.7092084884643555,5.345486640930176,0.7905005216598511,0.03163222596049309,-0.002028207527473569
16,7,9,0.5249758958816528,0.2186611294746399,0.974177360534668,0.6534514427185059,12.914456367492676,0.699087381362915,-0.006099182181060314,0.019336655735969543
16,8,10,0.709626317024231,0.2714000940322876,0.8821594715118408,0.7106895446777344,5.917872905731201,0.9931967258453369,-0.01162737887352705,0.015664711594581604
16,9,12,0.5903223752975464,0.24310970306396484,0.8987307548522949,0.7011836171150208,6.125706672668457,0.9559588432312012,-0.001745383720844984,-0.011241016909480095
16,10,13,0.537125825881958,0.3326210379600525,0.9071625471115112,0.6373528242111206,6.009028434753418,0.9967651963233948,0.05846540257334709,0.012971784919500351
16,11,14,0.5667275190353394,0.23239831626415253,0.9076892137527466,0.7304849624633789,6.936899185180664,0.943986713886261,-0.031569041311740875,0.004600607790052891
16,12,16,0.5860645771026611,0.3051551580429077,0.8824461698532104,0.7388420104980469,6.428064346313477,1.0664342641830444,0.03452639281749725,0.0008493218338117003
16,13,17,0.5073919296264648,0.2171400785446167,0.918525218963623,0.7719529867172241,6.158743858337402,1.0890860557556152,-0.006588623858988285,0.0011633276008069515
16,14,18,1.1390019655227661,0.38403668999671936,0.8062080144882202,0.7287627458572388,8.040287017822266,1.380537748336792,0.22248712182044983,-0.015204865485429764
16,15,19,0.38561350107192993,0.28706327080726624,0.9945906400680542,0.6510989665985107,40.39141082763672,1.207798957824707,-0.02141512557864189,0.002998881507664919
16,16,21,0.40382832288742065,0.23810580372810364,0.930513858795166,0.7983099818229675,6.736209869384766,1.360975742340088,-0.04187973588705063,0.013981243595480919
16,17,22,0.35423970222473145,0.4622337520122528,0.9208011627197266,0.6272811889648438,4.860622406005859,1.449158787727356,0.021622460335493088,-0.0051766992546617985
16,18,23,0.39901331067085266,0.2710060775279999,0.9472489356994629,0.7805850505828857,7.4570817947387695,1.2722103595733643,-0.04659922793507576,-0.004860008601099253
16,19,25,0.3782322108745575,0.3598628044128418,0.9345377683639526,0.7378708124160767,5.138538360595703,1.6205101013183594,0.037347033619880676,0.0018399808323010802
16,20,26,0.38654088973999023,0.5425065755844116,0.9284102320671082,0.6621251106262207,4.963825225830078,1.648768663406372,0.08682546019554138,0.015731820836663246
16,21,27,0.345136821269989,0.4177722930908203,0.9283939003944397,0.7801507711410522,22.613876342773438,1.966679334640503,-0.05679073929786682,0.0003508995287120342
16,22,29,0.5113335251808167,0.7977774143218994,0.9155687689781189,0.5791007280349731,7.43040657043457,2.037247896194458,-0.0321749672293663,0.014068642631173134
16,23,30,0.39050400257110596,0.8705737590789795,0.9275931119918823,0.7180204391479492,4.910604000091553,3.2539782524108887,-0.025144662708044052,0.013535669073462486
16,24,31,0.44998699426651,1.7023574113845825,0.9130005836486816,0.6615799069404602,5.645175933837891,5.412883758544922,-0.04237993806600571,-0.006722854450345039
16,25,32,0.4409363269805908,2.4472804069519043,0.9058724641799927,0.6896405220031738,4.528692245483398,11.804662704467773,0.012335356324911118,-0.01643345132470131
16,26,34,0.5706182718276978,6.759513854980469,0.8701646327972412,0.3874441981315613,4.2509765625,9.325569152832031,0.09731810539960861,-0.003479151986539364
16,27,35,0.5567024946212769,5.961638927459717,0.8575031757354736,0.45876115560531616,7.503249168395996,9.391937255859375,-0.26337361335754395,-0.009833240881562233
17,0,0,0.6805704832077026,0.022511161863803864,0.9999285340309143,0.9284678101539612,5256.41943359375,0.2337481528520584,-0.1260424554347992,0.009545804001390934
17,1,1,0.36532026529312134,0.03216615691781044,0.9980779886245728,0.8719137907028198,117.23792266845703,0.20340114831924438,-0.01393628679215908,-0.009588243439793587
17,2,3,0.5429737567901611,0.12694469094276428,0.9530916213989258,0.7432076334953308,8.637371063232422,0.5189467072486877,-0.020040158182382584,-0.0065430025570094585
17,3,4,0.5012958645820618,0.1454605758190155,0.9219322800636292,0.7435929775238037,6.461519241333008,0.5311228632926941,-0.03170435130596161,0.027332322672009468
17,4,5,0.6186141967773438,0.26356250047683716,0.874854564666748,0.6183906197547913,5.887233257293701,0.6815707683563232,-0.018093951046466827,-0.009863890707492828
17,5,6,0.468722939491272,0.31203731894493103,0.8945136070251465,0.6700597405433655,5.4774088859558105,0.8966721296310425,-0.08733414113521576,-0.005392055027186871
17,6,8,0.8870707750320435,0.1935386210680008,0.8463507890701294,0.7152727842330933,5.20436429977417,0.7722146511077881,0.041931554675102234,-0.009330163709819317
17,7,9,0.5023772716522217,0.20391806960105896,0.9752325415611267,0.6608875393867493,12.888883590698242,0.6778539419174194,-0.0069773029536008835,0.006934801582247019
17,8,10,0.7102004289627075,0.2593589425086975,0.8806881904602051,0.7134885787963867,5.832303047180176,0.9722612500190735,-0.014737065881490707,0.010892163962125778
17,9,12,0.571914553642273,0.24137428402900696,0.8995633125305176,0.6980412602424622,5.8714704513549805,0.9098544716835022,0.0019073830917477608,-0.008081448264420033
17,10,13,0.5211389064788818,0.321694016456604,0.9059232473373413,0.629663348197937,5.928357124328613,0.9784367084503174,0.036339156329631805,-0.0023903450928628445
17,11,14,0.5392815470695496,0.224421888589859,0.9108781814575195,0.7278424501419067,6.816430568695068,0.922271192073822,-0.0290500707924366,0.003648906946182251
17,12,16,0.5821967720985413,0.29667234420776367,0.8794047832489014,0.730075478553772,6.333734512329102,1.0374799966812134,0.006372843403369188,-0.0021482331212610006
17,13,17,0.49494680762290955,0.21057598292827606,0.9187791347503662,0.7703123092651367,6.191621780395508,1.031494379043579,-0.03110305778682232,-0.004230172373354435
17,14,18,1.0861129760742188,0.3521170914173126,0.8086044788360596,0.7231815457344055,8.17234992980957,1.3115297555923462,0.21688023209571838,-0.019906390458345413
17,15,19,0.3748113512992859,0.27167367935180664,0.9947502017021179,0.6444375514984131,39.66795349121094,1.0998408794403076,0.009149547666311264,0.006658556405454874
17,16,21,0.4367530345916748,0.24109070003032684,0.9233379364013672,0.775335431098938,6.643601417541504,1.242043137550354,-0.067698173224926,0.021626504138112068
17,17,22,0.3565095067024231,0.4527987241744995,0.9223558902740479,0.6174466609954834,4.642261505126953,1.3778958320617676,0.03426852822303772,0.004529207944869995
17,18,23,0.40214717388153076,0.28433218598365784,0.9470415115356445,0.760532021522522,7.557882308959961,1.2173340320587158,-0.07155190408229828,-0.008919604122638702
17,19,25,0.3684874475002289,0.3595864474773407,0.9343879222869873,0.7266556024551392,5.1501383781433105,1.5803519487380981,0.013314155861735344,-0.003706177696585655
17,20,26,0.41560056805610657,0.5252231359481812,0.9258140325546265,0.6692016124725342,4.762120246887207,1.6323468685150146,0.1357683539390564,0.015453184954822063
17,21,27,0.3520580530166626,0.43954938650131226,0.930016815662384,0.7530772089958191,22.783597946166992,1.8889559507369995,0.003308115294203162,0.0015796442748978734
17,22,29,0.5226114392280579,0.7617126703262329,0.9132523536682129,0.5853054523468018,7.5389885902404785,2.0404767990112305,-0.028062021359801292,0.00016522890655323863
17,23,30,0.3937036693096161,0.8440061807632446,0.9291092753410339,0.7211953401565552,4.974513053894043,3.1673731803894043,-0.01843627169728279,0.01773460954427719
17,24,31,0.45464032888412476,1.6439335346221924,0.9133120179176331,0.6609649062156677,5.667488098144531,5.205218315124512,-0.0669284239411354,-0.015850823372602463
17,25,32,0.42320913076400757,2.3309569358825684,0.9113847017288208,0.6923552751541138,4.623924255371094,11.28004264831543,-0.014966588467359543,-0.021229788661003113
17,26,34,0.5247051119804382,6.593372344970703,0.8844103217124939,0.4140932559967041,4.426729202270508,9.23151683807373,0.07742702960968018,0.011887992732226849
17,27,35,0.5055762529373169,5.922933578491211,0.8742203116416931,0.4518128037452698,7.695589542388916,9.227778434753418,-0.28888317942619324,-0.0018205603118985891
18,0,0,0.6544647812843323,0.023001518100500107,0.9999312162399292,0.9298595190048218,5256.75439453125,0.23730002343654633,-0.12636393308639526,0.010918807238340378
18,1,1,0.3636844754219055,0.0312994122505188,0.9980860948562622,0.8772083520889282,117.14738464355469,0.20346850156784058,-0.013268277049064636,-0.0006305675487965345
18,2,3,0.5268443822860718,0.1218644380569458,0.9555374383926392,0.7583671808242798,8.736412048339844,0.5246955156326294,-0.010656043887138367,-0.007730853743851185
18,3,4,0.4997536838054657,0.1434476673603058,0.924196720123291,0.7503777146339417,6.640638828277588,0.5284631252288818,-0.03332287073135376,0.030074192211031914
18,4,5,0.6131758093833923,0.254777193069458,0.879771888256073,0.6289408206939697,5.945228576660156,0.674383282661438,-0.011766742914915085,-0.009237635880708694
18,5,6,0.46835315227508545,0.30688902735710144,0.895253598690033,0.6715851426124573,5.578824996948242,0.8967489004135132,-0.08783572912216187,-0.005030022468417883
18,6,8,0.8700500130653381,0.1834949254989624,0.84996497631073,0.7176446318626404,5.239086151123047,0.746039628982544,0.04698838293552399,-0.0023197149857878685
18,7,9,0.5017483234405518,0.19715669751167297,0.9750518798828125,0.6681879162788391,12.809986114501953,0.6673295497894287,-0.00601744931191206,0.016368860378861427
18,8,10,0.7045652866363525,0.2550135552883148,0.886157214641571,0.7169160842895508,6.016440391540527,0.969585657119751,-0.020271651446819305,0.01424301229417324
18,9,12,0.5703134536743164,0.24638715386390686,0.9016904830932617,0.6946030855178833,5.974954605102539,0.93296879529953,0.007842679508030415,-0.011801240034401417
18,10,13,0.5381079912185669,0.32786116003990173,0.906063437461853,0.632125198841095,6.135097503662109,0.9986201524734497,0.034492745995521545,0.007003305479884148
18,11,14,0.5437173843383789,0.22770032286643982,0.9084944725036621,0.7321305274963379,6.867890357971191,0.9150973558425903,-0.027363011613488197,0.008306295610964298
18,12,16,0.587982177734375,0.31313759088516235,0.8799800276756287,0.727940022945404,6.429323196411133,1.0460950136184692,0.02614695578813553,0.005298325791954994
18,13,17,0.5163644552230835,0.21809883415699005,0.9175773859024048,0.7684689164161682,6.235483646392822,1.0499870777130127,-0.017190493643283844,0.004975073039531708
18,14,18,1.1112406253814697,0.37798982858657837,0.807309091091156,0.7222903966903687,8.101090431213379,1.34425950050354,0.22466057538986206,-0.014076759107410908
18,15,19,0.39220529794692993,0.2905488908290863,0.9945088624954224,0.6432105302810669,40.169498443603516,1.1377757787704468,-0.005204498302191496,0.01710635796189308
18,16,21,0.46287059783935547,0.26420336961746216,0.9232317805290222,0.7816842794418335,6.576752662658691,1.400127649307251,-0.034409049898386,-0.0114740040153265
18,17,22,0.3672637343406677,0.4515003561973572,0.921133816242218,0.6181740760803223,4.58113431930542,1.3357996940612793,0.03430696949362755,0.018994756042957306
18,18,23,0.42402660846710205,0.30556410551071167,0.9456982612609863,0.7560766339302063,7.632828712463379,1.2511391639709473,-0.06403297930955887,-0.003508041612803936
18,19,25,0.4031694233417511,0.37343811988830566,0.9310257434844971,0.7224549055099487,5.1466779708862305,1.5950952768325806,0.025787964463233948,0.005244615953415632
18,20,26,0.4523729085922241,0.5487014055252075,0.9170923829078674,0.6630257964134216,4.868120193481445,1.6834473609924316,0.11592461168766022,0.012440640479326248
18,21,27,0.3839671015739441,0.4441435933113098,0.920654833316803,0.7590424418449402,22.401268005371094,1.9373555183410645,0.013763315975666046,0.0031136602628976107
18,22,29,0.5220634937286377,0.7632032632827759,0.9133312702178955,0.5790912508964539,7.392155170440674,2.0320515632629395,-0.02037922292947769,0.009138796478509903
18,23,30,0.4025537967681885,0.8361647129058838,0.9258648157119751,0.7206778526306152,4.875236511230469,3.094923257827759,-0.017525164410471916,0.017215222120285034
18,24,31,0.4420417845249176,1.5768074989318848,0.9157723188400269,0.6612801551818848,5.716991424560547,4.908199787139893,-0.09198887646198273,-0.010658713057637215
18,25,32,0.42901885509490967,2.3098831176757812,0.9075565338134766,0.6797836422920227,4.429564476013184,10.500802993774414,-0.008618283085525036,-0.012219871394336224
18,26,34,0.5391090512275696,5.990443706512451,0.8769190311431885,0.4201825261116028,4.348574638366699,8.365785598754883,0.06254959851503372,0.02017619088292122
18,27,35,0.5066222548484802,5.274840354919434,0.861805260181427,0.4513087272644043,7.35573148727417,8.161564826965332,-0.28360024094581604,-0.014437902718782425
19,0,0,0.6649633646011353,0.02245979942381382,0.9999301433563232,0.9296838641166687,5256.72900390625,0.23622041940689087,-0.12603233754634857,0.007354866247624159
19,1,1,0.373831182718277,0.03240694850683212,0.9980307221412659,0.8738039135932922,116.96186065673828,0.2059011161327362,-0.012695599347352982,-0.006491085048764944
19,2,3,0.5512039661407471,0.12733668088912964,0.9531427025794983,0.7491861581802368,8.758186340332031,0.5199742913246155,-0.01795625500380993,-0.007126094773411751
19,3,4,0.49904632568359375,0.14527978003025055,0.9228717088699341,0.7453027963638306,6.556317329406738,0.5296704173088074,-0.03563737869262695,0.025424491614103317
19,4,5,0.6277865171432495,0.2558314800262451,0.8740560412406921,0.6283783316612244,5.907918930053711,0.6833575963973999,-0.012053301557898521,-0.017747269943356514
19,5,6,0.4926707148551941,0.30847451090812683,0.887328028678894,0.6619526147842407,5.531813621520996,0.8771982192993164,-0.08963470160961151,-0.004902438260614872
19,6,8,0.9221891164779663,0.2069358229637146,0.8402818441390991,0.6956092119216919,5.252388000488281,0.7738775014877319,0.042508725076913834,-0.010112104937434196
19,7,9,0.5058866739273071,0.21348132193088531,0.9749650359153748,0.6454041004180908,12.804244995117188,0.6718461513519287,-0.0023797391913831234,0.0192901361733675
19,8,10,0.7293891906738281,0.263916015625,0.8765519857406616,0.7098320722579956,5.874332427978516,0.9820144176483154,-0.01599094830453396,0.010838868096470833
19,9,12,0.5696791410446167,0.24969595670700073,0.8975113034248352,0.6894013285636902,5.916909217834473,0.9316200017929077,0.0069936951622366905,-0.009232405573129654
19,10,13,0.5407592058181763,0.31997543573379517,0.9004327058792114,0.632601261138916,6.08732795715332,0.9858977198600769,0.018670156598091125,-0.0022420231252908707
19,11,14,0.5468711853027344,0.23441174626350403,0.9071496725082397,0.7173068523406982,6.832223415374756,0.9182063937187195,-0.028614170849323273,0.007704467512667179
19,12,16,0.6097723841667175,0.31053394079208374,0.8771992325782776,0.7196246385574341,6.5861029624938965,1.027846097946167,0.0017141202697530389,0.005189318209886551
19,13,17,0.5077369809150696,0.21944697201251984,0.9154903888702393,0.7587147355079651,6.195454120635986,1.0206453800201416,-0.027625326067209244,0.005877228919416666
19,14,18,1.0973281860351562,0.3666731119155884,0.8063688278198242,0.7133329510688782,8.219762802124023,1.2914514541625977,0.2111847698688507,-0.0038300559390336275
19,15,19,0.37212175130844116,0.28349244594573975,0.9947477579116821,0.6310479640960693,39.691551208496094,1.1162135601043701,-0.00022460095351561904,-0.004921559244394302
19,16,21,0.4179796576499939,0.25095951557159424,0.9253718852996826,0.767829179763794,6.603880882263184,1.2210371494293213,-0.05782049894332886,0.028895549476146698
19,17,22,0.3540470004081726,0.42754924297332764,0.9228408932685852,0.6093108654022217,4.690965175628662,1.3006510734558105,0.03368960693478584,0.012114662677049637
19,18,23,0.39843466877937317,0.2850158214569092,0.9471096992492676,0.7525664567947388,7.717663764953613,1.18837571144104,-0.07757480442523956,-0.00968941394239664
19,19,25,0.3756415843963623,0.3482125997543335,0.9333617687225342,0.7303400635719299,5.14301872253418,1.5071945190429688,0.01515224575996399,0.010813800618052483
19,20,26,0.4066902697086334,0.5330192446708679,0.9264603853225708,0.6646757125854492,4.743376731872559,1.6587225198745728,0.1482616662979126,0.01809864118695259
19,21,27,0.35698264837265015,0.4385629892349243,0.9251917004585266,0.7616099119186401,22.688810348510742,1.9345836639404297,0.0017230864614248276,0.012087389826774597
19,22,29,0.5223726630210876,0.7884746193885803,0.9112854599952698,0.57213294506073,7.500103950500488,2.0657334327697754,-0.033210329711437225,0.006470507942140102
19,23,30,0.40929117798805237,0.8566188216209412,0.9247555732727051,0.7091401815414429,4.963715553283691,3.112584114074707,-0.027410995215177536,0.01744731143116951
19,24,31,0.44579416513442993,1.6461460590362549,0.9138695001602173,0.6617528796195984,5.782496929168701,5.115478515625,-0.07537227123975754,-0.0059180958196520805
19,25,32,0.433928906917572,2.3537769317626953,0.9068900942802429,0.6851508617401123,4.628889083862305,10.963726043701172,-0.007612938527017832,-0.014517903327941895
19,26,34,0.5388202667236328,6.33804988861084,0.8766942024230957,0.41231265664100647,4.32219123840332,8.950359344482422,0.0777440220117569,0.021969657391309738
19,27,35,0.5099483132362366,5.682031631469727,0.8691522479057312,0.45154237747192383,7.596471786499023,8.841474533081055,-0.2914334535598755,-0.013822667300701141
20,0,0,0.6803367733955383,0.02462097257375717,0.9999284744262695,0.9246954917907715,5256.6025390625,0.241641566157341,-0.1260962188243866,0.007105974014848471
20,1,1,0.3600665330886841,0.03227795660495758,0.9981045722961426,0.8721386790275574,117.06907653808594,0.20206885039806366,-0.01283271238207817,-0.001136866514571011
20,2,3,0.5443593263626099,0.12443257868289948,0.9531011581420898,0.7529198527336121,8.6312837600708,0.5202620029449463,-0.017877263948321342,-0.006154051516205072
20,3,4,0.5057547092437744,0.1471228003501892,0.9215372204780579,0.7411761283874512,6.454893589019775,0.5307643413543701,-0.028195520862936974,0.026919575408101082
20,4,5,0.6217117309570312,0.27330052852630615,0.8742125034332275,0.609734296798706,5.754922866821289,0.6860564947128296,-0.009708006866276264,-0.014513928443193436
20,5,6,0.4830244183540344,0.31593382358551025,0.889634370803833,0.6620127558708191,5.447511672973633,0.8804797530174255,-0.08635848760604858,-0.004294745158404112
20,6,8,0.8794070482254028,0.20134712755680084,0.8459473252296448,0.6956561803817749,5.147520065307617,0.7501370906829834,0.04164939373731613,-0.004547205287963152
20,7,9,0.5040373802185059,0.2035805583000183,0.9753962159156799,0.6513732671737671,12.973273277282715,0.661024808883667,-0.006783938501030207,0.007964656688272953
20,8,10,0.6998288631439209,0.2584482729434967,0.8820505738258362,0.7087146043777466,5.762328147888184,0.9678843021392822,-0.007070309482514858,0.019066467881202698
20,9,12,0.5863259434700012,0.2504040002822876,0.8960825204849243,0.6935354471206665,5.931183815002441,0.9358327388763428,0.005407188553363085,-0.01694081351161003
20,10,13,0.5376913547515869,0.33483052253723145,0.9016213417053223,0.6188534498214722,6.080096244812012,0.995214581489563,0.017306771129369736,0.0004790215753018856
20,11,14,0.5565715432167053,0.23550784587860107,0.905841588973999,0.716819703578949,6.819370269775391,0.9344502687454224,-0.0263392124325037,-0.0009796962840482593
20,12,16,0.5649874210357666,0.2934061586856842,0.8799065351486206,0.7242023944854736,6.292935848236084,1.0178577899932861,0.01024945080280304,0.0075261835008859634
20,13,17,0.4909522831439972,0.21235516667366028,0.9181169271469116,0.76825350522995,6.071738243103027,1.0267462730407715,-0.033193834125995636,-0.006746963132172823
20,14,18,1.0492925643920898,0.35377681255340576,0.808598518371582,0.7195621728897095,8.155942916870117,1.2864372730255127,0.20875203609466553,-0.015233071520924568
20,15,19,0.36897575855255127,0.28342628479003906,0.9947873950004578,0.6367580890655518,39.3529167175293,1.103482723236084,0.012019867077469826,7.303198799490929e-05
20,16,21,0.41616812348365784,0.23954424262046814,0.9225891828536987,0.7701971530914307,6.49889612197876,1.21230149269104,-0.06792763620615005,0.03051612339913845
20,17,22,0.3293192386627197,0.4246101379394531,0.923324704170227,0.6229841709136963,4.554725170135498,1.3006060123443604,0.023085851222276688,0.013794093392789364
20,18,23,0.3840842843055725,0.27560096979141235,0.9483345150947571,0.7565906047821045,7.517644882202148,1.1666905879974365,-0.07153014093637466,-0.011736633256077766
20,19,25,0.36404773592948914,0.34886884689331055,0.9330386519432068,0.7329297661781311,5.123828887939453,1.5306888818740845,-0.0045202733017504215,0.010602418333292007
20,20,26,0.3916633427143097,0.5554901361465454,0.9239966869354248,0.6608411073684692,4.570505142211914,1.7188735008239746,0.1357724815607071,0.0011237191502004862
20,21,27,0.36100852489471436,0.455622136592865,0.9242790341377258,0.7531414031982422,22.95098114013672,1.9193439483642578,-0.013025805354118347,0.005038403905928135
20,22,29,0.5021963119506836,0.7677849531173706,0.9119324684143066,0.580051600933075,7.439384460449219,2.029801845550537,-0.035991303622722626,0.011633258312940598
20,23,30,0.39758050441741943,0.8719685077667236,0.9243196845054626,0.7071504592895508,4.85513162612915,3.153951644897461,-0.02581579051911831,0.00949909258633852
20,24,31,0.44393354654312134,1.6678224802017212,0.9121240377426147,0.6478550434112549,5.588688373565674,5.045994281768799,-0.07267545163631439,-0.00605723075568676
20,25,32,0.4411478042602539,2.4156670570373535,0.9007288813591003,0.666704535484314,4.480111122131348,10.951616287231445,-0.02880125679075718,-0.012830419465899467
20,26,34,0.515304446220398,6.2549591064453125,0.8745195269584656,0.4089757204055786,4.210290431976318,8.697538375854492,0.07266660034656525,0.011289073154330254
20,27,35,0.4643150269985199,5.440914154052734,0.869238555431366,0.4448639750480652,7.416876792907715,8.404062271118164,-0.299390971660614,-0.0035631812643259764
21,0,0,0.6698521971702576,0.023142710328102112,0.999929666519165,0.929187536239624,5256.52685546875,0.24328990280628204,-0.12605422735214233,0.006731565110385418
21,1,1,0.3649146556854248,0.03023020550608635,0.9980802536010742,0.8815348148345947,117.14795684814453,0.20264527201652527,-0.012762961909174919,-0.0073040686547756195
21,2,3,0.5378720760345459,0.12122485041618347,0.9544150233268738,0.7624152898788452,8.767508506774902,0.5239800214767456,-0.012166321277618408,-0.010619995184242725
21,3,4,0.4929858446121216,0.14226600527763367,0.9241559505462646,0.7538465261459351,6.517762660980225,0.5362246632575989,-0.025251522660255432,0.01811031997203827
21,4,5,0.6248366832733154,0.25780701637268066,0.8762130737304688,0.6343027949333191,5.871044158935547,0.6895983219146729,-0.006280108354985714,-0.01727544143795967
21,5,6,0.4741021394729614,0.31700563430786133,0.8924375772476196,0.6704993844032288,5.516054153442383,0.9046183824539185,-0.08829931914806366,-0.007448023185133934
21,6,8,0.8614282608032227,0.1839875876903534,0.8502607345581055,0.7193419933319092,5.237279891967773,0.7502856254577637,0.03981320932507515,-0.0014895464992150664
21,7,9,0.49411821365356445,0.197160542011261,0.9757993221282959,0.662895679473877,12.959540367126465,0.6711813807487488,-0.003860096912831068,0.012645094655454159
21,8,10,0.7181491851806641,0.2526933550834656,0.8809173107147217,0.7153142094612122,5.884572982788086,0.9719898700714111,-0.013992090709507465,0.007055997848510742
21,9,12,0.5868513584136963,0.2477240413427353,0.8983376026153564,0.695854663848877,5.972628593444824,0.9485267996788025,0.005801274441182613,-0.008159642107784748
21,10,13,0.5526570081710815,0.3463897705078125,0.9010137915611267,0.6284580826759338,6.165400505065918,1.0174071788787842,0.02408108115196228,-0.0012915049446746707
21,11,14,0.5558770895004272,0.22997990250587463,0.9076711535453796,0.7209312915802002,6.922863483428955,0.9162103533744812,-0.032464295625686646,0.0023758485913276672
21,12,16,0.5627503395080566,0.2932339906692505,0.8817176222801208,0.7289305925369263,6.483919143676758,1.022432565689087,-0.000690776389092207,0.006501144729554653
21,13,17,0.5057852268218994,0.21403583884239197,0.9171772003173828,0.7659732103347778,6.212423801422119,1.0370365381240845,-0.029062502086162567,0.0025786645710468292
21,14,18,1.0902986526489258,0.3688807487487793,0.8072447776794434,0.7135593295097351,8.337223052978516,1.2998393774032593,0.20556527376174927,-0.011268794536590576
21,15,19,0.38442328572273254,0.30002695322036743,0.9946094155311584,0.6339071989059448,39.8278923034668,1.1342140436172485,0.005020884331315756,0.008260121569037437
21,16,21,0.44724029302597046,0.25669625401496887,0.9208917617797852,0.7712507247924805,6.559972286224365,1.2899961471557617,-0.07036431133747101,0.023524653166532516
21,17,22,0.353446900844574,0.4489038288593292,0.9191502332687378,0.6012784242630005,4.579158306121826,1.3019660711288452,0.015486250631511211,0.011304216459393501
21,18,23,0.40444862842559814,0.28768593072891235,0.9461572170257568,0.7473882436752319,7.562672138214111,1.1740522384643555,-0.06672024726867676,-0.004752052947878838
21,19,25,0.376493901014328,0.3605957627296448,0.9308027625083923,0.721382737159729,5.1044511795043945,1.5074524879455566,-0.007692757062613964,0.0082293301820755
21,20,26,0.41589677333831787,0.5631377696990967,0.921283483505249,0.6541283130645752,4.622031211853027,1.7340887784957886,0.1383863389492035,-0.011972879990935326
21,21,27,0.3693139851093292,0.4494570791721344,0.9223607778549194,0.7539899945259094,22.472332000732422,1.891695499420166,0.003443149384111166,0.016301751136779785
21,22,29,0.5044763088226318,0.7430670261383057,0.9133081436157227,0.5852477550506592,7.465930938720703,2.018197536468506,-0.035050809383392334,0.006418336182832718
21,23,30,0.39506155252456665,0.8350288271903992,0.9252806901931763,0.7189208269119263,4.7946014404296875,3.1074938774108887,-0.01684645377099514,0.013941524550318718
21,24,31,0.44344568252563477,1.585824728012085,0.9137199521064758,0.6733660697937012,5.6617889404296875,5.060352325439453,-0.07720804214477539,-0.0061390395276248455
21,25,32,0.42879271507263184,2.2771494388580322,0.9055184125900269,0.6936525106430054,4.455282688140869,10.935270309448242,-0.013372564688324928,-0.02240937575697899
21,26,34,0.49490848183631897,6.074230194091797,0.8806400299072266,0.43104085326194763,4.243019104003906,8.614267349243164,0.07304206490516663,0.01856212690472603
21,27,35,0.4624888300895691,5.255478858947754,0.8729383945465088,0.4666582942008972,7.46237325668335,8.263761520385742,-0.2991713285446167,0.00034786644391715527
22,0,0,0.6483320593833923,0.019399477168917656,0.9999318718910217,0.9384176731109619,5256.8232421875,0.23403573036193848,-0.12622269988059998,0.005124473944306374
22,1,1,0.3439885377883911,0.028856055811047554,0.998190701007843,0.8847085237503052,117.20439910888672,0.20040899515151978,-0.012895407155156136,-0.0002531514037400484
22,2,3,0.520121693611145,0.1118624359369278,0.955535888671875,0.774192750453949,8.734976768493652,0.5064262747764587,-0.022166382521390915,-0.003250249195843935
22,3,4,0.5028437972068787,0.14106979966163635,0.9230936765670776,0.7441695928573608,6.55210018157959,0.5188429951667786,-0.025982335209846497,0.016507431864738464
22,4,5,0.5968321561813354,0.24214300513267517,0.8807612657546997,0.6372201442718506,5.875589847564697,0.6647893190383911,-0.007265519350767136,-0.01904899626970291
22,5,6,0.47476041316986084,0.29908543825149536,0.8946473002433777,0.6713684797286987,5.629400253295898,0.8765665292739868,-0.08669999241828918,-0.00848753284662962
22,6,8,0.8684670329093933,0.18040433526039124,0.8526483774185181,0.7087424397468567,5.244362831115723,0.7133834362030029,0.04763897508382797,0.0056564947590231895
22,7,9,0.49987590312957764,0.1896611452102661,0.9754269123077393,0.6562544107437134,12.954336166381836,0.6498708724975586,-0.01012888178229332,0.005549266003072262
22,8,10,0.7136883735656738,0.25216054916381836,0.8832437992095947,0.7037045359611511,5.757330894470215,0.9475289583206177,0.02055419608950615,0.007578870747238398
22,9,12,0.5891274213790894,0.2435169517993927,0.8936237692832947,0.6829795837402344,5.762681007385254,0.8547655940055847,0.0019282778957858682,0.009840958751738071
22,10,13,0.5537501573562622,0.3378450274467468,0.8980023860931396,0.617265522480011,5.953495979309082,1.000549077987671,0.030827859416604042,0.0016303216107189655
22,11,14,0.5424991250038147,0.2240474969148636,0.9056443572044373,0.7102519273757935,6.737513542175293,0.8618826866149902,-0.032118018716573715,0.020522821694612503
22,12,16,0.5764957070350647,0.3026403486728668,0.8839194178581238,0.7095047831535339,6.540185451507568,1.0178847312927246,0.0013509002747014165,-0.0025891284458339214
22,13,17,0.5071962475776672,0.22271254658699036,0.9153445959091187,0.7517166137695312,6.17142391204834,1.0544817447662354,-0.03953927755355835,-0.013777477666735649
22,14,18,1.0787968635559082,0.39817172288894653,0.8070154190063477,0.6905704736709595,8.354143142700195,1.3131145238876343,0.20063774287700653,-0.030491109937429428
22,15,19,0.4293746054172516,0.31805700063705444,0.9939765930175781,0.6029179096221924,40.098812103271484,1.1453059911727905,-0.002008596668019891,-0.005998521111905575
22,16,21,0.5051989555358887,0.2943744957447052,0.9075316190719604,0.7395389676094055,6.357475757598877,1.3228330612182617,-0.031086374074220657,0.005220077931880951
22,17,22,0.4098860025405884,0.494394987821579,0.9123109579086304,0.5919288396835327,4.759995460510254,1.3980913162231445,0.027094103395938873,0.00328341918066144
22,18,23,0.46723872423171997,0.3364871144294739,0.9395143985748291,0.7213304042816162,7.734298229217529,1.2605113983154297,-0.06872880458831787,0.0007809916278347373
22,19,25,0.41207247972488403,0.41736504435539246,0.9278811812400818,0.7006779909133911,5.275529861450195,1.6423497200012207,0.009374276734888554,0.00957136508077383
22,20,26,0.49120432138442993,0.6041487455368042,0.9119241237640381,0.6183778047561646,4.876519203186035,1.7089722156524658,0.13277976214885712,0.0036269850097596645
22,21,27,0.41988301277160645,0.48443639278411865,0.9151926636695862,0.7276377081871033,21.8923282623291,1.935502052307129,0.051857877522706985,-0.012557853944599628
22,22,29,0.5821558833122253,0.7646707892417908,0.9037845730781555,0.5636471509933472,7.485203742980957,1.9957036972045898,-0.014334149658679962,0.01582224853336811
22,23,30,0.45935916900634766,0.8202768564224243,0.9178280830383301,0.7221930027008057,5.044952392578125,3.17852783203125,-0.011651366949081421,0.010384904220700264
22,24,31,0.4784661531448364,1.552685022354126,0.9096848964691162,0.6412968039512634,5.707437515258789,4.821490287780762,-0.0683671087026596,0.002258653286844492
22,25,32,0.4478968381881714,2.2663049697875977,0.9081171751022339,0.66715407371521,4.743169784545898,10.720388412475586,-0.024660788476467133,-0.02468542568385601
22,26,34,0.5206592082977295,5.40456485748291,0.8840325474739075,0.4492470920085907,4.409897804260254,8.182342529296875,0.08901049196720123,0.0009890208020806313
22,27,35,0.478401780128479,4.843231201171875,0.8789099454879761,0.4621446132659912,7.437745094299316,7.817755699157715,-0.27246028184890747,-0.0029801339842379093
23,0,0,0.7064681053161621,0.023078124970197678,0.9999257922172546,0.9256688356399536,5257.2138671875,0.2312541902065277,-0.12628936767578125,0.012303571216762066
23,1,1,0.34583571553230286,0.03189363330602646,0.9981793165206909,0.8701494932174683,117.23606872558594,0.19377587735652924,-0.015060054138302803,-0.005366277880966663
23,2,3,0.5463487505912781,0.12976214289665222,0.9545940160751343,0.7371528148651123,8.982626914978027,0.5004759430885315,-0.03776553273200989,-0.011665090918540955
23,3,4,0.5294003486633301,0.14833608269691467,0.9205966591835022,0.727893054485321,6.71580696105957,0.5176773071289062,-0.04015760123729706,0.021689172834157944
23,4,5,0.6160160899162292,0.26023155450820923,0.8772021532058716,0.604994535446167,6.044204235076904,0.6662607192993164,-0.023804418742656708,-0.01911335624754429
23,5,6,0.4970739185810089,0.29789644479751587,0.8897669315338135,0.6620562672615051,5.633421897888184,0.8678041100502014,-0.09075021743774414,0.0015268970746546984
23,6,8,0.9368447661399841,0.19259676337242126,0.845613956451416,0.699431300163269,5.325017929077148,0.7250039577484131,0.049924757331609726,-0.0017709808889776468
23,7,9,0.5248919725418091,0.2094871699810028,0.9740756154060364,0.6347261667251587,12.898239135742188,0.6401494741439819,-0.007190288510173559,0.029855798929929733
23,8,10,0.7708020210266113,0.28018730878829956,0.8836275339126587,0.6901049017906189,5.926286697387695,0.9478499889373779,0.03207369148731232,0.009792868047952652
23,9,12,0.6190717220306396,0.25979986786842346,0.8960062861442566,0.6631461977958679,6.2376227378845215,0.8421362042427063,-0.028895588591694832,0.02426639012992382
23,10,13,0.6088284254074097,0.3790668845176697,0.8944128751754761,0.5875380039215088,6.064974784851074,1.0650153160095215,0.05324213206768036,-0.00919153168797493
23,11,14,0.6065018177032471,0.2500847578048706,0.895727276802063,0.6828532814979553,6.7792463302612305,0.8514352440834045,-0.03817819431424141,0.040577806532382965
23,12,16,0.7094594240188599,0.35857996344566345,0.8649228811264038,0.6850519180297852,6.6105194091796875,1.0669195652008057,0.043939705938100815,-0.008566943928599358
23,13,17,0.5825544595718384,0.26031294465065,0.9076592922210693,0.7289539575576782,6.5610737800598145,1.112304449081421,-0.04265349358320236,-0.007730427198112011
23,14,18,1.2903633117675781,0.44392290711402893,0.7808201313018799,0.6756120324134827,8.435630798339844,1.3687033653259277,0.19938108325004578,-0.02102213352918625
23,15,19,0.48303669691085815,0.3623432517051697,0.9931802749633789,0.5585600137710571,40.45567321777344,1.2269102334976196,-0.019185397773981094,-0.0041976021602749825
23,16,21,0.6226406097412109,0.3321743309497833,0.8946943879127502,0.7139179706573486,7.17252779006958,1.3990216255187988,-0.06132917478680611,0.0019704485312104225
23,17,22,0.44186097383499146,0.539065420627594,0.9069485664367676,0.5713145732879639,4.925807952880859,1.515448808670044,0.038197267800569534,-0.0034013681579381227
23,18,23,0.5054057240486145,0.3511302173137665,0.9348559379577637,0.7153643369674683,7.944108963012695,1.2952908277511597,-0.08656008541584015,-0.004745118785649538
23,19,25,0.45326435565948486,0.4072551131248474,0.9235250353813171,0.6955256462097168,5.408522129058838,1.6687757968902588,0.01587069407105446,-0.013680457137525082
23,20,26,0.526123046875,0.6457748413085938,0.9053186178207397,0.5955379009246826,4.9705657958984375,1.7600030899047852,0.1280551254749298,0.012219512835144997
23,21,27,0.46424829959869385,0.5359342694282532,0.9068611860275269,0.7053839564323425,22.107858657836914,1.9731566905975342,0.032176896929740906,-0.0075087770819664
23,22,29,0.6093045473098755,0.8567377328872681,0.9002617597579956,0.5429204702377319,7.406989574432373,2.084742784500122,-0.01708981581032276,0.01980685442686081
23,23,30,0.48640525341033936,0.894606351852417,0.9139378070831299,0.6995164155960083,4.980518341064453,3.186645269393921,-0.012457625940442085,0.02412502095103264
23,24,31,0.47543710470199585,1.6876026391983032,0.9083114862442017,0.6361309289932251,5.722926139831543,5.269393444061279,-0.06680165231227875,-0.01401924341917038
23,25,32,0.4546807110309601,2.4002678394317627,0.903469443321228,0.6794039607048035,4.577937126159668,11.773897171020508,0.001744111068546772,-0.011897595599293709
23,26,34,0.5317487120628357,6.1301493644714355,0.8780157566070557,0.42078137397766113,4.285737991333008,8.767245292663574,0.09953117370605469,-1.3877172023057938e-05
23,27,35,0.4918229877948761,5.50012731552124,0.8740932941436768,0.4640084505081177,7.308424949645996,8.556493759155273,-0.27072516083717346,0.0020791529677808285
24,0,0,0.6010854840278625,0.01680557057261467,0.9999368190765381,0.9462118148803711,5257.787109375,0.22741299867630005,-0.12670296430587769,0.008879413828253746
24,1,1,0.33649224042892456,0.02935945987701416,0.9982293844223022,0.8836271166801453,117.24059295654297,0.20211151242256165,-0.013339118100702763,-0.008697372861206532
24,2,3,0.5248590111732483,0.11310030519962311,0.9547806978225708,0.7710254192352295,8.637815475463867,0.5157638788223267,-0.025779683142900467,-0.006722374353557825
24,3,4,0.4928017556667328,0.13511362671852112,0.9218909740447998,0.7504741549491882,6.353570461273193,0.5096150636672974,-0.03384191915392876,0.022607572376728058
24,4,5,0.5937902927398682,0.24514850974082947,0.875017523765564,0.6415473222732544,5.671441078186035,0.6822085380554199,-0.001214352436363697,-0.013047142885625362
24,5,6,0.4783904552459717,0.30176055431365967,0.8891907930374146,0.6707125902175903,5.473227500915527,0.8782774806022644,-0.09395771473646164,0.0019226348958909512
24,6,8,0.8592241406440735,0.1834314465522766,0.850551426410675,0.7099912166595459,5.19547700881958,0.7277005314826965,0.03640357777476311,0.006025208160281181
24,7,9,0.5021945834159851,0.1876559853553772,0.9751047492027283,0.6637290716171265,12.843999862670898,0.6261104345321655,-0.01806611567735672,0.008457445539534092
24,8,10,0.6745493412017822,0.250005304813385,0.888137698173523,0.7112356424331665,5.601724147796631,0.932174563407898,0.013542473316192627,0.0034195343032479286
24,9,12,0.5804989337921143,0.23416949808597565,0.8935707807540894,0.6959457397460938,5.657428741455078,0.8559064269065857,-0.0026775815058499575,0.003932593390345573
24,10,13,0.5397300124168396,0.33041077852249146,0.8966739177703857,0.618821382522583,5.760514259338379,0.9809616208076477,0.034200411289930344,-0.0004640760598704219
24,11,14,0.5425022840499878,0.2189132273197174,0.9031786322593689,0.7160276770591736,6.537652969360352,0.8698227405548096,-0.02001228556036949,0.014251268468797207
24,12,16,0.5881869196891785,0.30174458026885986,0.878278374671936,0.7203998565673828,6.284087181091309,1.048470139503479,0.017448022961616516,-0.023203901946544647
24,13,17,0.5192026495933533,0.21658112108707428,0.9102234840393066,0.7622056603431702,5.884519577026367,1.0394775867462158,-0.01712794601917267,0.0007538413628935814
24,14,18,1.081984519958496,0.37001991271972656,0.8061730861663818,0.7102531790733337,8.263583183288574,1.2906930446624756,0.19945397973060608,-0.02029483951628208
24,15,19,0.41297489404678345,0.3023873269557953,0.9941496849060059,0.5909850597381592,38.64625549316406,1.107703447341919,0.031484317034482956,-0.0004451440181583166
24,16,21,0.4428331255912781,0.26148197054862976,0.9123936891555786,0.740495502948761,5.987630844116211,1.1951870918273926,-0.028964191675186157,0.0098563302308321
24,17,22,0.36387497186660767,0.48177629709243774,0.9166696071624756,0.5979874134063721,4.361661434173584,1.3940757513046265,0.0637829452753067,-0.0010920348577201366
24,18,23,0.4281129837036133,0.30772867798805237,0.9429396390914917,0.7371662855148315,7.597184181213379,1.2212265729904175,-0.0939122810959816,-0.0020026355050504208
24,19,25,0.40115344524383545,0.36915165185928345,0.9267023801803589,0.7213335037231445,5.221871376037598,1.6185001134872437,-0.017330627888441086,0.011395913548767567
24,20,26,0.4353718161582947,0.5627226233482361,0.9176855087280273,0.629268229007721,4.557426452636719,1.619449257850647,0.1377071738243103,0.0018778828671202064
24,21,27,0.3732141852378845,0.4411724805831909,0.9181104898452759,0.7410503029823303,22.108436584472656,1.8402338027954102,0.01738022267818451,-0.010915539227426052
24,22,29,0.5537060499191284,0.7151792049407959,0.9036232233047485,0.5818224549293518,7.2719621658325195,1.955141305923462,-0.026166412979364395,0.00179115473292768
24,23,30,0.41058409214019775,0.7728427052497864,0.9202297925949097,0.7322880625724792,4.739944934844971,3.1586735248565674,-0.024951498955488205,0.0037399993743747473
24,24,31,0.4374878704547882,1.475938320159912,0.9087594747543335,0.6514781713485718,5.366598129272461,4.784041404724121,-0.06473594903945923,-0.01117323711514473
24,25,32,0.4236568510532379,2.1153762340545654,0.9037485718727112,0.6908971071243286,4.352565765380859,10.731669425964355,-0.0019683740101754665,-0.03518129512667656
24,26,34,0.4560043513774872,5.244524955749512,0.8854748010635376,0.44953763484954834,4.2504048347473145,8.005987167358398,0.06628184020519257,-0.002467947546392679
24,27,35,0.4156413674354553,4.595413684844971,0.8833736181259155,0.47895100712776184,7.171282768249512,7.45780086517334,-0.27430814504623413,-0.005801986437290907
25,0,0,0.6252444982528687,0.015246957540512085,0.9999343156814575,0.9514114260673523,5258.1708984375,0.2272900640964508,-0.12628456950187683,0.013924708589911461
25,1,1,0.3405941128730774,0.02578347735106945,0.9982075691223145,0.8974438905715942,116.94944763183594,0.1997772753238678,-0.012059196829795837,0.0010214357171207666
25,2,3,0.5264596343040466,0.10761338472366333,0.956212043762207,0.790835976600647,8.967592239379883,0.5207240581512451,-0.023283807560801506,-0.013474104925990105
25,3,4,0.5238038301467896,0.12617948651313782,0.9186506867408752,0.7597469091415405,6.684229373931885,0.5088306665420532,-0.03030826523900032,0.01865570805966854
25,4,5,0.597247838973999,0.21820445358753204,0.8805673122406006,0.6661337614059448,5.9715070724487305,0.6705152988433838,-0.0020669172517955303,-0.02696138061583042
25,5,6,0.49213650822639465,0.2745765745639801,0.8876773715019226,0.6966753602027893,5.622921943664551,0.8842092752456665,-0.08569841086864471,-0.0013165365671738982
25,6,8,0.8813947439193726,0.17377923429012299,0.8494909405708313,0.7252883911132812,5.344663619995117,0.704351007938385,0.041637543588876724,-0.004973491653800011
25,7,9,0.49950864911079407,0.1798965334892273,0.97508305311203,0.6784896850585938,12.776208877563477,0.6517752408981323,-0.008125578984618187,0.01884068176150322
25,8,10,0.7785153388977051,0.2619749903678894,0.8761299848556519,0.7096630930900574,5.910085201263428,0.9507530331611633,0.02901560626924038,0.017828848212957382
25,9,12,0.6045999526977539,0.24377189576625824,0.891215443611145,0.6818014979362488,5.694811820983887,0.8155678510665894,0.006017201114445925,0.02177424728870392
25,10,13,0.5559322834014893,0.3153972625732422,0.8976047039031982,0.6316789388656616,5.976613998413086,1.003258228302002,0.03222151845693588,0.007185469847172499
25,11,14,0.5624574422836304,0.21807339787483215,0.8978258371353149,0.7195620536804199,6.559566497802734,0.8381255269050598,-0.02569938451051712,0.04095703363418579
25,12,16,0.6449501514434814,0.3241431713104248,0.868800699710846,0.7104784846305847,6.539065361022949,1.0490643978118896,0.009253663942217827,-0.022766975685954094
25,13,17,0.5733040571212769,0.23158124089241028,0.9017684459686279,0.751768946647644,6.119393348693848,1.0960514545440674,-0.017368899658322334,-0.0022679371759295464
25,14,18,1.1911826133728027,0.39886370301246643,0.7865117192268372,0.6985138654708862,8.46533489227295,1.3534114360809326,0.19099918007850647,-0.027671385556459427
25,15,19,0.4936332404613495,0.3413580358028412,0.993024468421936,0.5900402069091797,39.903076171875,1.2375808954238892,-0.003843886312097311,0.0005050314357504249
25,16,21,0.5830498337745667,0.3124687075614929,0.8907337188720703,0.7309075593948364,6.52541446685791,1.3727116584777832,-0.036070700734853745,-0.0055724699050188065
25,17,22,0.44545960426330566,0.4897419214248657,0.9002238512039185,0.6033214926719666,4.713686943054199,1.4362009763717651,0.04373007267713547,0.008618650957942009
25,18,23,0.5199797749519348,0.3317534029483795,0.9312591552734375,0.7359565496444702,7.688763618469238,1.3232700824737549,-0.07447181642055511,-0.004152148030698299
25,19,25,0.4648903012275696,0.37818899750709534,0.9161325693130493,0.713618278503418,5.284626007080078,1.6509613990783691,0.01525650080293417,0.0038665947504341602
25,20,26,0.5243340730667114,0.5981740951538086,0.9003850817680359,0.6134549379348755,4.783738136291504,1.6975111961364746,0.1319761574268341,0.016133815050125122
25,21,27,0.44810062646865845,0.4723455011844635,0.9034030437469482,0.7219672799110413,22.167667388916016,1.8824365139007568,0.032614462077617645,0.0009584635263308883
25,22,29,0.6184852123260498,0.7543392181396484,0.8990428447723389,0.5792027115821838,7.531424522399902,1.9668967723846436,-0.024371616542339325,0.02743334323167801
25,23,30,0.4930145740509033,0.7725974321365356,0.9107786417007446,0.7370889186859131,5.159254550933838,3.090458869934082,-0.01935257762670517,0.02591894194483757
25,24,31,0.469329297542572,1.4324579238891602,0.9090996384620667,0.679178774356842,5.619235992431641,4.978559494018555,-0.04319344088435173,-0.005542537197470665
25,25,32,0.44814443588256836,2.0143821239471436,0.9064825773239136,0.7097312808036804,4.7588605880737305,11.045570373535156,0.00392063707113266,-0.032356150448322296
25,26,34,0.5064511299133301,4.700691223144531,0.8864983916282654,0.5027318000793457,4.540462493896484,7.872466564178467,0.07052461802959442,-0.0016250682529062033
25,27,35,0.47265034914016724,4.3933305740356445,0.8820639252662659,0.494723916053772,7.463070869445801,7.3676652908325195,-0.2762635350227356,-0.0014629213837906718
26,0,0,0.6769623160362244,0.01970868743956089,0.9999288320541382,0.9360328912734985,5256.76416015625,0.2289089858531952,-0.12633852660655975,0.007663046475499868
26,1,1,0.3659268021583557,0.03058609925210476,0.9980722069740295,0.8780745267868042,116.95457458496094,0.20050951838493347,-0.01301786582916975,-0.0034371502697467804
26,2,3,0.537378191947937,0.1188955008983612,0.954475998878479,0.7631688117980957,8.80543327331543,0.5150244235992432,-0.024742763489484787,-0.010351201519370079
26,3,4,0.5185289978981018,0.1377541422843933,0.9215618371963501,0.746362566947937,6.681636333465576,0.5166881084442139,-0.03751057758927345,0.02159590646624565
26,4,5,0.5997738242149353,0.2469376027584076,0.8806048631668091,0.6330751180648804,5.94555139541626,0.6770782470703125,-0.015024092979729176,-0.02199157141149044
26,5,6,0.47688958048820496,0.28370535373687744,0.8937889933586121,0.6838737726211548,5.646137714385986,0.8534479141235352,-0.09709428995847702,0.009850861504673958
26,6,8,0.9254559874534607,0.18415547907352448,0.848930299282074,0.7141928672790527,5.4029741287231445,0.717410683631897,0.04413199424743652,-0.0046830978244543076
26,7,9,0.5018471479415894,0.18929657340049744,0.9751428365707397,0.6783154606819153,12.907408714294434,0.6621497869491577,-0.011265195906162262,0.02633735164999962
26,8,10,0.7279317378997803,0.2544427812099457,0.8861005306243896,0.7137643098831177,5.853910446166992,0.9419823884963989,0.02523268572986126,0.01114879734814167
26,9,12,0.5878393650054932,0.2519088685512543,0.897580623626709,0.6876204013824463,5.9899187088012695,0.8396339416503906,-0.01051621325314045,0.017356660217046738
26,10,13,0.5508036613464355,0.31454211473464966,0.9033928513526917,0.6326234340667725,6.172560691833496,1.0060094594955444,0.03762529045343399,0.00421862443909049
26,11,14,0.5355052947998047,0.21878203749656677,0.9074118733406067,0.7085326910018921,6.709938049316406,0.8220105171203613,-0.020829062908887863,0.03747633844614029
26,12,16,0.6319938898086548,0.34205570816993713,0.8754581212997437,0.7034640312194824,6.784151077270508,1.0711281299591064,0.0023048047441989183,-0.01039519440382719
26,13,17,0.5332380533218384,0.22988015413284302,0.914168119430542,0.7446045279502869,6.343920707702637,1.0573111772537231,-0.03437013179063797,-0.0055495696142315865
26,14,18,1.172911286354065,0.4014556109905243,0.7940592765808105,0.6940416097640991,8.40827751159668,1.3136775493621826,0.19965404272079468,-0.01843022182583809
26,15,19,0.45510241389274597,0.3496876358985901,0.9935786724090576,0.5852138996124268,39.82128143310547,1.2183480262756348,0.0016875385772436857,0.0002053837524726987
26,16,21,0.5810989737510681,0.3189672827720642,0.8955756425857544,0.7303696870803833,6.366823196411133,1.379577875137329,-0.02275909297168255,-0.0034487061202526093
26,17,22,0.4227733016014099,0.5111707448959351,0.9070455431938171,0.5862922668457031,4.722572326660156,1.460610270500183,0.0221870057284832,0.001975248334929347
26,18,23,0.505488932132721,0.3335506319999695,0.9347755908966064,0.7279733419418335,7.731416702270508,1.2922433614730835,-0.06904920190572739,-0.010822281241416931
26,19,25,0.4334655702114105,0.38779714703559875,0.9246931076049805,0.7067341804504395,5.311620712280273,1.629737377166748,0.0012351659825071692,0.006510045379400253
26,20,26,0.5456485152244568,0.5982868075370789,0.8992111682891846,0.6311987638473511,4.78671932220459,1.725058913230896,0.13306263089179993,0.01588287763297558
26,21,27,0.45772531628608704,0.4657694101333618,0.903607964515686,0.7265267372131348,22.136837005615234,1.8438119888305664,0.024529755115509033,0.0006423364393413067
26,22,29,0.5968822836875916,0.7928907871246338,0.8986151814460754,0.5681486129760742,7.450223445892334,2.0486936569213867,-0.03232468664646149,0.008314483799040318
26,23,30,0.47084981203079224,0.8520172834396362,0.9123413562774658,0.7250182628631592,4.80330228805542,3.198376417160034,-0.009745210409164429,0.01679460145533085
26,24,31,0.4765813946723938,1.6016095876693726,0.9060221910476685,0.6655519604682922,5.451892852783203,5.276826858520508,-0.05143529176712036,-0.01653989776968956
26,25,32,0.4498339295387268,2.2330098152160645,0.9037100672721863,0.6968312859535217,4.5250468254089355,11.387371063232422,-0.0036163104232400656,-0.021383965387940407
26,26,34,0.5154314041137695,5.981669902801514,0.8766093850135803,0.4501901865005493,4.286532402038574,8.799993515014648,0.08160580694675446,-0.004671674221754074
26,27,35,0.4807473421096802,5.1317219734191895,0.8711840510368347,0.4901279807090759,7.312064170837402,8.481786727905273,-0.28599631786346436,0.006641245447099209
27,0,0,0.7289984226226807,0.026822999119758606,0.9999234080314636,0.9140533804893494,5256.2255859375,0.2374860942363739,-0.1259777545928955,0.005315785296261311
27,1,1,0.38339078426361084,0.03400292992591858,0.9979844689369202,0.8648470640182495,117.17367553710938,0.19554951786994934,-0.012525455094873905,0.005099584814161062
27,2,3,0.5658144950866699,0.13065050542354584,0.9515175223350525,0.7279231548309326,8.403600692749023,0.5023483037948608,0.008524850010871887,-0.00947647076100111
27,3,4,0.534555196762085,0.14450997114181519,0.9161829352378845,0.7198486328125,6.492835521697998,0.5176224708557129,-0.03147752583026886,0.008812129497528076
27,4,5,0.6316920518875122,0.27393385767936707,0.868473470211029,0.5917125344276428,5.689547538757324,0.6780804395675659,0.004353096708655357,-0.01867774873971939
27,5,6,0.5021860003471375,0.3448951840400696,0.8856767416000366,0.6417495012283325,5.582429885864258,0.9109202027320862,-0.10258862376213074,-0.006978067569434643
27,6,8,0.9675643444061279,0.2176232635974884,0.8343693017959595,0.6815658807754517,5.34370231628418,0.7690074443817139,0.0262775681912899,-0.0009294617921113968
27,7,9,0.5699796676635742,0.22696048021316528,0.9720786809921265,0.6044129133224487,12.939098358154297,0.6791377067565918,-0.009679647162556648,0.013210898265242577
27,8,10,0.7672514915466309,0.2737453579902649,0.8723914623260498,0.6932263970375061,5.7983551025390625,1.0035480260849,0.005264364182949066,0.005707874428480864
27,9,12,0.6233000159263611,0.2649674415588379,0.8894704580307007,0.6666777729988098,5.957295894622803,0.9208102226257324,-0.008880620822310448,-0.016769077628850937
27,10,13,0.5959949493408203,0.35381293296813965,0.8928542137145996,0.5804121494293213,6.067641258239746,0.9975780248641968,0.028095390647649765,0.00532403914257884
27,11,14,0.5932337045669556,0.24348728358745575,0.8984102606773376,0.6939279437065125,6.817222595214844,0.8951520919799805,-0.02545403502881527,0.02204970270395279
27,12,16,0.616187572479248,0.32582324743270874,0.8696438074111938,0.6994574069976807,6.346697807312012,1.0070565938949585,-0.0008988982299342752,-0.0019411962712183595
27,13,17,0.5340108871459961,0.23352329432964325,0.9086970090866089,0.7493350505828857,5.952353000640869,1.0383368730545044,-0.027221139520406723,0.011818669736385345
27,14,18,1.1199455261230469,0.39383652806282043,0.7983523607254028,0.6913463473320007,8.230274200439453,1.3045676946640015,0.20579713582992554,-0.02096342295408249
27,15,19,0.4565882086753845,0.3131934702396393,0.9935596585273743,0.6009345650672913,39.134300231933594,1.147491455078125,0.019477082416415215,-0.008034073747694492
27,16,21,0.5027400851249695,0.27953433990478516,0.9035861492156982,0.7290483713150024,6.5240888595581055,1.214224934577942,-0.07323656976222992,0.01603977382183075
27,17,22,0.4107179045677185,0.4755631387233734,0.907760500907898,0.5936297178268433,4.657171249389648,1.365760087966919,0.029406055808067322,-0.003480655839666724
27,18,23,0.46508893370628357,0.3178487718105316,0.9370550513267517,0.737227737903595,7.546394348144531,1.226487636566162,-0.06859847903251648,0.012363651767373085
27,19,25,0.3920971751213074,0.3828608989715576,0.9287993311882019,0.7045369148254395,4.987490177154541,1.577147126197815,0.017674507573246956,0.004192544147372246
27,20,26,0.44259417057037354,0.5259634852409363,0.9143383502960205,0.6224449872970581,4.6637163162231445,1.5433979034423828,0.1081257164478302,0.0023350222036242485
27,21,27,0.38469505310058594,0.4675038158893585,0.9190177917480469,0.7268571853637695,22.59972381591797,1.8596380949020386,-0.041279006749391556,-0.012460876256227493
27,22,29,0.5524953603744507,0.7958998680114746,0.9034847021102905,0.5522018671035767,7.212216854095459,1.9374275207519531,-0.016503997147083282,0.018467556685209274
27,23,30,0.42260318994522095,0.8911685943603516,0.9188938140869141,0.7076636552810669,4.8138017654418945,3.12552547454834,-0.035623714327812195,0.00465857470408082
27,24,31,0.4495236873626709,1.719312310218811,0.9063750505447388,0.6372638940811157,5.40618896484375,5.1161909103393555,-0.06054668128490448,1.3696495443582535e-05
27,25,32,0.45086047053337097,2.536015510559082,0.9028667211532593,0.664592444896698,4.591818809509277,11.734606742858887,-0.005274340510368347,-0.028188850730657578
27,26,34,0.5494547486305237,6.545238494873047,0.8702188730239868,0.3856969475746155,4.102031230926514,9.12498664855957,0.0897781103849411,-0.00416736351326108
27,27,35,0.5222874879837036,5.735012054443359,0.8604581356048584,0.4774724841117859,7.049348831176758,8.94289779663086,-0.2605404853820801,0.0020845092367380857
28,0,0,0.722031831741333,0.028220728039741516,0.9999241232872009,0.9093784093856812,5254.5625,0.24027711153030396,-0.12604400515556335,0.0006660388316959143
28,1,1,0.37039339542388916,0.03408566862344742,0.9980522394180298,0.867145299911499,117.4049301147461,0.1977052390575409,-0.014429990202188492,0.0064942981116473675
28,2,3,0.5428630709648132,0.12793484330177307,0.9537651538848877,0.7318196892738342,8.457340240478516,0.5101324319839478,0.015418795868754387,-0.006671776529401541
28,3,4,0.5200337171554565,0.13977155089378357,0.921044111251831,0.7412475943565369,6.627898693084717,0.5328905582427979,-0.02705981768667698,0.020698070526123047
28,4,5,0.616958737373352,0.2807876467704773,0.8774337768554688,0.5976519584655762,5.771833419799805,0.69122713804245,0.0012108436785638332,-0.009889847598969936
28,5,6,0.47364673018455505,0.32344919443130493,0.8980558514595032,0.6625741720199585,5.8583984375,0.9040178656578064,-0.11002776771783829,0.002265086630359292
28,6,8,0.8895179629325867,0.1964312642812729,0.8494216203689575,0.7083448171615601,5.503787517547607,0.7599248886108398,0.018770214170217514,0.010610712692141533
28,7,9,0.516482949256897,0.21744467318058014,0.9749586582183838,0.6280714273452759,13.203115463256836,0.6736085414886475,-0.012497048825025558,0.0076296632178127766
28,8,10,0.7247615456581116,0.2650979161262512,0.8833878040313721,0.706903338432312,6.084053039550781,1.0273594856262207,-0.014456304721534252,0.0015175577718764544
28,9,12,0.6046920418739319,0.2591850161552429,0.8980790972709656,0.6878105401992798,6.031880855560303,0.9527729749679565,0.0024190873373299837,-0.012804456055164337
28,10,13,0.5762664079666138,0.35070493817329407,0.9013755321502686,0.6079022884368896,6.238520622253418,1.0134811401367188,0.03077086992561817,0.004018870182335377
28,11,14,0.5549134016036987,0.23874926567077637,0.9073308706283569,0.7261049747467041,6.872531890869141,0.9373102188110352,-0.023663029074668884,0.022090090438723564
28,12,16,0.5380029678344727,0.2968032956123352,0.8892608880996704,0.7270982265472412,6.508038520812988,1.0294711589813232,-0.004484440665692091,-0.012021996080875397
28,13,17,0.5110117197036743,0.21578049659729004,0.917580246925354,0.7529666423797607,5.99835205078125,1.0200203657150269,-0.01951143518090248,-0.005732919555157423
28,14,18,1.008479356765747,0.35113200545310974,0.811781644821167,0.7031950950622559,8.18515396118164,1.2622801065444946,0.22440369427204132,-0.022218912839889526
28,15,19,0.40218478441238403,0.30104050040245056,0.99432373046875,0.6239949464797974,39.13595962524414,1.0926883220672607,0.020412158221006393,-0.007445001974701881
28,16,21,0.42248284816741943,0.2565753757953644,0.9219956398010254,0.7513579726219177,6.458146095275879,1.2298338413238525,-0.05756325647234917,0.0021525640040636063
28,17,22,0.3462259769439697,0.4899132549762726,0.9222630858421326,0.6040068864822388,4.535749435424805,1.3981095552444458,0.03269536793231964,-0.007198069244623184
28,18,23,0.4048835039138794,0.2922709286212921,0.9460667371749878,0.7491843700408936,7.614771366119385,1.1730201244354248,-0.06815718859434128,0.012213384732604027
28,19,25,0.3452157974243164,0.3461226224899292,0.9372812509536743,0.7224719524383545,5.059497833251953,1.5184999704360962,0.01288328506052494,0.007838607765734196
28,20,26,0.3915136158466339,0.5246597528457642,0.9287346601486206,0.6575665473937988,4.740841388702393,1.6164281368255615,0.1420263648033142,-0.007540167309343815
28,21,27,0.3452921509742737,0.4262760281562805,0.9328017830848694,0.7497804164886475,23.24013328552246,1.7903034687042236,-0.0676339715719223,-0.0030956179834902287
28,22,29,0.47582587599754333,0.6837771534919739,0.9176810383796692,0.5836808681488037,7.449730396270752,1.8416380882263184,-0.02339106611907482,0.016557663679122925
28,23,30,0.34366273880004883,0.827032208442688,0.9359848499298096,0.7175480127334595,4.852866172790527,2.9580373764038086,-0.016662487760186195,0.00981181114912033
28,24,31,0.40250164270401,1.5963345766067505,0.9219877123832703,0.6396525502204895,5.664539813995361,4.681234836578369,-0.07827642560005188,-0.0030109372455626726
28,25,32,0.37808018922805786,2.250687599182129,0.9199233055114746,0.6783163547515869,4.638521194458008,10.568321228027344,-0.015241114422678947,-0.019517041742801666
28,26,34,0.5083207488059998,5.644350051879883,0.8860262632369995,0.4002419114112854,4.351160049438477,7.845852375030518,0.07602518796920776,-0.017090212553739548
28,27,35,0.4654322564601898,4.871667385101318,0.8825092315673828,0.48396238684654236,7.282161235809326,7.614518165588379,-0.2595377564430237,0.0056509156711399555
29,0,0,0.722628116607666,0.02708575129508972,0.9999241232872009,0.9100542664527893,5252.8203125,0.22833509743213654,-0.12524712085723877,0.011574679054319859
29,1,1,0.38021641969680786,0.03479008376598358,0.997999906539917,0.8583581447601318,117.25214385986328,0.19375404715538025,-0.01345440000295639,-4.8915157094597816e-05
29,2,3,0.5590831637382507,0.12808838486671448,0.9509357213973999,0.7241445779800415,8.189013481140137,0.5026788711547852,0.018176071345806122,-0.010993745177984238
29,3,4,0.5350093841552734,0.14819711446762085,0.9127655029296875,0.7221736907958984,6.324160575866699,0.5285685062408447,-0.029086170718073845,0.009358982555568218
29,4,5,0.6137933731079102,0.28479865193367004,0.8692578077316284,0.5872600674629211,5.613100051879883,0.6840550303459167,0.005730846431106329,-0.008672092109918594
29,5,6,0.4986717998981476,0.3253117799758911,0.8856382966041565,0.6488256454467773,5.581974983215332,0.8840066194534302,-0.11207468807697296,-0.00195411778986454
29,6,8,0.9472150802612305,0.21450075507164001,0.8352748155593872,0.6893042922019958,5.311370849609375,0.7714662551879883,0.02614600583910942,0.004590519703924656
29,7,9,0.5610643029212952,0.23191368579864502,0.972322404384613,0.6161282062530518,12.96491813659668,0.6849759221076965,-0.019235754385590553,0.0037979925982654095
29,8,10,0.7473115921020508,0.2774864435195923,0.8771364688873291,0.6896854639053345,5.875627040863037,1.0051287412643433,-0.006169674918055534,0.006348580587655306
29,9,12,0.6383349895477295,0.27467915415763855,0.8877393007278442,0.6632471084594727,5.918212413787842,0.9532796144485474,-0.00277308514341712,-0.026791663840413094
29,10,13,0.5996988415718079,0.37958717346191406,0.8931096792221069,0.5656201243400574,6.047268867492676,1.0185675621032715,0.033462587743997574,0.004970932845026255
29,11,14,0.6165176033973694,0.25899696350097656,0.8939491510391235,0.6882091164588928,6.785543918609619,0.9166445732116699,-0.032271608710289,0.032840028405189514
29,12,16,0.6140168905258179,0.33299291133880615,0.8690803050994873,0.6959697008132935,6.334249496459961,1.038909673690796,0.003421521745622158,-0.0032255847472697496
29,13,17,0.5534057021141052,0.23271751403808594,0.9050559997558594,0.7449275255203247,5.834178447723389,1.0407905578613281,-0.022781740874052048,-0.0015720974188297987
29,14,18,1.1302194595336914,0.4017457365989685,0.7938625812530518,0.6911295652389526,7.963212013244629,1.3054654598236084,0.22369889914989471,-0.005416732281446457
29,15,19,0.454207181930542,0.32863056659698486,0.9935788512229919,0.5901470184326172,39.10175323486328,1.1818922758102417,0.014798629097640514,-0.005482205655425787
29,16,21,0.5047719478607178,0.2939557433128357,0.9012457132339478,0.7218091487884521,6.249041557312012,1.2512853145599365,-0.02820267714560032,0.010166363790631294
29,17,22,0.4054279625415802,0.508156418800354,0.9072693586349487,0.5645629167556763,4.43452787399292,1.4026966094970703,0.039235927164554596,-0.00931907631456852
29,18,23,0.4687812328338623,0.3269159495830536,0.9353325366973877,0.7276079058647156,7.2843017578125,1.2361067533493042,-0.0659160241484642,0.01187423150986433
29,19,25,0.40177375078201294,0.39111021161079407,0.9263846278190613,0.6946679353713989,5.085999965667725,1.5699282884597778,0.001384916016831994,0.0029177048709243536
29,20,26,0.47035813331604004,0.6127451658248901,0.9074650406837463,0.5987637042999268,4.615516185760498,1.6368927955627441,0.09645374864339828,0.0013719401322305202
29,21,27,0.408881813287735,0.4970815181732178,0.9093856811523438,0.718140721321106,22.073162078857422,1.8966667652130127,-0.06570051610469818,-0.010680695995688438
29,22,29,0.5587241649627686,0.79472815990448,0.8994448781013489,0.5531512498855591,7.043849945068359,1.990269660949707,-0.01593608781695366,0.011449776589870453
29,23,30,0.4103165566921234,0.9335514903068542,0.9178129434585571,0.7064192295074463,4.632815837860107,3.257863759994507,-0.0345870740711689,0.0016947882249951363
29,24,31,0.48498794436454773,1.8557167053222656,0.8988025188446045,0.628713846206665,5.336108207702637,5.326167583465576,-0.07152751088142395,-0.011934654787182808
29,25,32,0.4583146870136261,2.6068687438964844,0.8975176811218262,0.6662673950195312,4.257193565368652,11.546100616455078,0.02305743657052517,-0.01842561736702919
29,26,34,0.598027765750885,6.923742294311523,0.8514567017555237,0.3630542755126953,4.105202674865723,9.379013061523438,0.08026459068059921,-0.0015928095672279596
29,27,35,0.5444246530532837,6.092645645141602,0.8475731015205383,0.4479482173919678,6.796850204467773,9.306026458740234,-0.22830477356910706,-0.0061604613438248634
30,0,0,0.7084240913391113,0.027308989316225052,0.9999256134033203,0.9116633534431458,5254.51416015625,0.22825801372528076,-0.12582992017269135,0.01168120838701725
30,1,1,0.35357171297073364,0.03418649733066559,0.9981391429901123,0.8616311550140381,117.09284210205078,0.19316978752613068,-0.012081088498234749,0.0017131548374891281
30,2,3,0.5457006692886353,0.12882286310195923,0.9527357220649719,0.7232125997543335,8.416885375976562,0.5104489326477051,0.003880308009684086,-0.011995282024145126
30,3,4,0.5192248821258545,0.14926233887672424,0.9190240502357483,0.7197510600090027,6.490296363830566,0.5251370668411255,-0.03650786355137825,0.009682303294539452
30,4,5,0.6136435270309448,0.2947486340999603,0.8742400407791138,0.5689123868942261,5.735805511474609,0.6788825988769531,-0.011411990970373154,-0.01043211854994297
30,5,6,0.4912422001361847,0.3416362404823303,0.8875908255577087,0.6289401054382324,5.608649253845215,0.8892673254013062,-0.12154925614595413,-0.00682506849989295
30,6,8,0.8999013900756836,0.21523557603359222,0.8396447896957397,0.6834577918052673,5.240706920623779,0.7594744563102722,0.025021463632583618,-0.00426904484629631
30,7,9,0.5581424236297607,0.2331480234861374,0.9728695750236511,0.6084665060043335,13.10918140411377,0.6821789145469666,-0.020094899460673332,0.016691163182258606
30,8,10,0.7412553429603577,0.28440096974372864,0.8737614750862122,0.6808233261108398,5.767728805541992,0.9956389665603638,-0.009500633925199509,0.008976946584880352
30,9,12,0.6348884701728821,0.2847667336463928,0.8900586366653442,0.662529706954956,6.057620048522949,0.991452693939209,-0.012490427121520042,-0.027404548600316048
30,10,13,0.605476975440979,0.38718873262405396,0.8896672129631042,0.5626644492149353,6.101144790649414,1.0052244663238525,0.018131302669644356,0.0038524498231709003
30,11,14,0.6029788255691528,0.26907336711883545,0.8991438150405884,0.6982263922691345,6.839725971221924,0.9542269110679626,-0.0289418064057827,0.02482704445719719
30,12,16,0.5760166645050049,0.31602057814598083,0.879318356513977,0.715630292892456,6.188939094543457,1.070698857307434,0.02458895370364189,-0.0026466241106390953
30,13,17,0.5484691858291626,0.23879487812519073,0.9088170528411865,0.7410891056060791,5.8933539390563965,1.041784644126892,-0.019496120512485504,0.013595610857009888
30,14,18,1.0924315452575684,0.39394411444664,0.8014919757843018,0.6892458200454712,8.159942626953125,1.2729134559631348,0.21648254990577698,0.000904507003724575
30,15,19,0.4229428768157959,0.3285621404647827,0.9939940571784973,0.5920459032058716,39.12089538574219,1.1449995040893555,0.007605153135955334,-0.014439523220062256
30,16,21,0.47694897651672363,0.28421878814697266,0.9110344052314758,0.7290042042732239,6.431898593902588,1.2888593673706055,-0.043288152664899826,-0.008347375318408012
30,17,22,0.36471325159072876,0.5050343871116638,0.9135003089904785,0.5785670280456543,4.561895847320557,1.4051682949066162,0.025431310757994652,-0.0022135861217975616
30,18,23,0.43293991684913635,0.30697882175445557,0.9416629076004028,0.7392922043800354,7.420236587524414,1.20561683177948,-0.0630740076303482,0.002306484617292881
30,19,25,0.37876543402671814,0.37038540840148926,0.9290354251861572,0.7064475417137146,4.9399895668029785,1.5729235410690308,-0.011907234787940979,-0.003435799153521657
30,20,26,0.4448122978210449,0.5780238509178162,0.9160477519035339,0.6131278872489929,4.7098469734191895,1.6376641988754272,0.10816144943237305,0.008183627389371395
30,21,27,0.38278913497924805,0.4509393274784088,0.9209350943565369,0.7378041744232178,23.28818702697754,1.8506700992584229,-0.08964769542217255,-0.018155517056584358
30,22,29,0.49135783314704895,0.6965618133544922,0.9115775227546692,0.5772929787635803,7.288426399230957,1.8673094511032104,-0.03492213040590286,0.012663986533880234
30,23,30,0.35568106174468994,0.8569149374961853,0.9301685690879822,0.7112197875976562,4.621059417724609,3.054767608642578,-0.01914132758975029,-0.0033037234097719193
30,24,31,0.4264056086540222,1.6678309440612793,0.913439154624939,0.6149047613143921,5.330323696136475,4.770603179931641,-0.059056542813777924,-0.010620309971272945
30,25,32,0.4095037579536438,2.4005603790283203,0.9086431264877319,0.658094584941864,4.354018688201904,10.331419944763184,-0.003884362755343318,-0.015740660950541496
30,26,34,0.4946783781051636,5.974499702453613,0.880024790763855,0.36085397005081177,4.212518692016602,8.049283981323242,0.07142472267150879,-0.0018968218937516212
30,27,35,0.4968317747116089,5.291103363037109,0.8702077269554138,0.4506794214248657,7.076546669006348,8.201108932495117,-0.24924951791763306,-0.0024869577027857304
31,0,0,0.7329788208007812,0.02906472608447075,0.9999229907989502,0.906943678855896,5254.16259765625,0.2351485788822174,-0.12559285759925842,0.008412113413214684
31,1,1,0.3696798086166382,0.0337480828166008,0.9980548620223999,0.8639329671859741,117.18746948242188,0.1906384378671646,-0.013186117634177208,0.0016228288877755404
31,2,3,0.552491307258606,0.12574048340320587,0.9519441723823547,0.7301031947135925,8.276411056518555,0.4983299970626831,0.013892820104956627,-0.015440371818840504
31,3,4,0.5186326503753662,0.14540378749370575,0.9164893627166748,0.7210173606872559,6.415238380432129,0.5176154971122742,-0.039832115173339844,0.019527286291122437
31,4,5,0.6204999685287476,0.2884044647216797,0.8691331148147583,0.5803864598274231,5.7145676612854,0.678540050983429,-0.00926201045513153,-0.013116233050823212
31,5,6,0.4876217842102051,0.3418157994747162,0.8873463869094849,0.6343445777893066,5.508676528930664,0.8870433568954468,-0.10768944025039673,-0.003875096794217825
31,6,8,0.9343882203102112,0.21833348274230957,0.8360819816589355,0.6851761341094971,5.1918745040893555,0.761886477470398,0.033948808908462524,-0.0010534155881032348
31,7,9,0.5599538087844849,0.23485681414604187,0.9729223251342773,0.6056142449378967,13.081183433532715,0.6835900545120239,-0.010795719921588898,0.02496122568845749
31,8,10,0.756382167339325,0.2950998544692993,0.8734272122383118,0.684923529624939,5.786909103393555,1.0508599281311035,-0.007515306118875742,0.006567748263478279
31,9,12,0.6435718536376953,0.27374890446662903,0.8894051313400269,0.6574487686157227,5.942679405212402,0.9650814533233643,-0.016238655894994736,-0.037681080400943756
31,10,13,0.5995053052902222,0.3691118061542511,0.890587568283081,0.5535156726837158,6.095590591430664,0.9798567891120911,0.0006302642868831754,0.012756218202412128
31,11,14,0.6009377241134644,0.27497583627700806,0.893568217754364,0.6785291433334351,6.523861885070801,0.9378471970558167,-0.02371605485677719,0.011307687498629093
31,12,16,0.5983723998069763,0.33110255002975464,0.8724905252456665,0.6933077573776245,6.3504438400268555,1.0446701049804688,-0.009446336887776852,-0.006196499336510897
31,13,17,0.5457906126976013,0.24333538115024567,0.908017635345459,0.730339765548706,5.806646347045898,1.050431251525879,-0.018567465245723724,-0.0033696091268211603
31,14,18,1.1290364265441895,0.409188836812973,0.7956686615943909,0.6777610182762146,8.416197776794434,1.2915171384811401,0.19855839014053345,0.002245375420898199
31,15,19,0.41844409704208374,0.35360562801361084,0.9940564632415771,0.5687999725341797,39.38605880737305,1.1835325956344604,0.0035820514895021915,0.003928926307708025
31,16,21,0.49718624353408813,0.30414706468582153,0.9018768072128296,0.7124424576759338,6.188450336456299,1.292694091796875,-0.041770853102207184,-0.015226026065647602
31,17,22,0.3890475630760193,0.4953199326992035,0.9094498157501221,0.5741750001907349,4.501380443572998,1.3829553127288818,0.03577636927366257,-0.003976485691964626
31,18,23,0.4510853886604309,0.3266605734825134,0.9385951161384583,0.7164000868797302,7.481612682342529,1.2081093788146973,-0.07435409724712372,-0.008213352411985397
31,19,25,0.3956286907196045,0.408932089805603,0.9253243207931519,0.6844466328620911,5.043912887573242,1.5506541728973389,-0.011885086074471474,0.011459500528872013
31,20,26,0.4461034834384918,0.5827134847640991,0.9098157286643982,0.5995549559593201,4.569300651550293,1.6156916618347168,0.10913814604282379,0.011079352349042892
31,21,27,0.3948981761932373,0.5001012086868286,0.9133387804031372,0.7234492897987366,23.028718948364258,1.9170478582382202,-0.07380267232656479,-0.012558063492178917
31,22,29,0.5345656275749207,0.804775595664978,0.902746856212616,0.5527293086051941,7.196087837219238,1.9827162027359009,-0.03459136560559273,0.008876482956111431
31,23,30,0.4107208251953125,0.9400430917739868,0.9177959561347961,0.7002172470092773,4.621490001678467,3.1810901165008545,-0.02657286450266838,0.003813088173046708
31,24,31,0.4655492305755615,1.875533103942871,0.9023982286453247,0.6178793907165527,5.276288032531738,5.312834739685059,-0.05481515824794769,-0.012133867479860783
31,25,32,0.4662773609161377,2.746018409729004,0.8952289819717407,0.6471683979034424,4.423410415649414,11.650083541870117,-0.007948582991957664,-0.021818039938807487
31,26,34,0.5836158990859985,7.160828590393066,0.8543148636817932,0.34617769718170166,4.029547214508057,9.615571975708008,0.09356114268302917,-0.007116860710084438
31,27,35,0.5643273591995239,6.400389194488525,0.8437373638153076,0.4399983584880829,7.008662223815918,9.842010498046875,-0.2542404532432556,-0.005726507864892483
32,0,0,0.7104233503341675,0.02859591692686081,0.9999253749847412,0.910099983215332,5255.75634765625,0.23235005140304565,-0.12614664435386658,0.008767183870077133
32,1,1,0.3499601185321808,0.03314541280269623,0.99815833568573,0.8680269718170166,117.31353759765625,0.19407911598682404,-0.014741232618689537,-0.0008393619209527969
32,2,3,0.5471150875091553,0.12548863887786865,0.9531320333480835,0.7335119247436523,8.436582565307617,0.5066266655921936,0.006294000893831253,-0.01380957942456007
32,3,4,0.5236269235610962,0.1528206765651703,0.9192124605178833,0.7170772552490234,6.544979572296143,0.5269612073898315,-0.0332806333899498,0.018435515463352203
32,4,5,0.616477370262146,0.2899528741836548,0.8735119104385376,0.582406759262085,5.800214767456055,0.6877301335334778,-0.0076408046297729015,-0.007178559899330139
32,5,6,0.5008254051208496,0.34326162934303284,0.8875796794891357,0.6372195482254028,5.696439743041992,0.8996163606643677,-0.11939635872840881,0.0041734324768185616
32,6,8,0.9322864413261414,0.21668365597724915,0.8384007215499878,0.6856417059898376,5.32025146484375,0.777177095413208,0.02756403759121895,-0.0031825576443225145
32,7,9,0.5407337546348572,0.2259504646062851,0.9735086560249329,0.606703519821167,12.994611740112305,0.675652265548706,-0.015142258256673813,0.017646607011556625
32,8,10,0.7624905109405518,0.2927974462509155,0.8719798922538757,0.6902070641517639,5.736456394195557,1.052107810974121,0.006460059899836779,-0.008877520449459553
32,9,12,0.6186575889587402,0.2603108286857605,0.8922797441482544,0.6774649620056152,6.022290229797363,0.9438786506652832,-0.015241064131259918,-0.03309250995516777
32,10,13,0.61874920129776,0.3762606382369995,0.8867241740226746,0.5670519471168518,6.0945515632629395,0.998910129070282,0.013458192348480225,0.01721946895122528
32,11,14,0.605160117149353,0.2644420862197876,0.8924027681350708,0.6976214647293091,6.553746223449707,0.9735249280929565,-0.017201397567987442,-0.005368281155824661
32,12,16,0.611905574798584,0.32201331853866577,0.8703535199165344,0.704749584197998,6.313002109527588,1.0495895147323608,0.010078918188810349,7.568765431642532e-05
32,13,17,0.5323781967163086,0.2328648716211319,0.9106382131576538,0.7431501150131226,5.795375823974609,1.0675266981124878,-0.010664567351341248,0.007548755034804344
32,14,18,1.0801386833190918,0.39153188467025757,0.7970315217971802,0.6969850659370422,8.10022258758545,1.3125330209732056,0.21783307194709778,-0.00028269062750041485
32,15,19,0.4115234911441803,0.3220739960670471,0.9941940307617188,0.5917154550552368,39.58902359008789,1.1767354011535645,0.002840263769030571,-0.0016098746564239264
32,16,21,0.5030519962310791,0.29643988609313965,0.9012555480003357,0.7246412038803101,6.373878479003906,1.3245247602462769,-0.05157521367073059,-0.003668419551104307
32,17,22,0.38916513323783875,0.4986470341682434,0.9044744372367859,0.5643777847290039,4.408548355102539,1.3809810876846313,0.031133629381656647,-0.004312735982239246
32,18,23,0.44626644253730774,0.3049532175064087,0.9394160509109497,0.7282131314277649,7.3595991134643555,1.1820340156555176,-0.05921898037195206,-0.004656720906496048
32,19,25,0.3900719881057739,0.37447744607925415,0.9274610280990601,0.7020320892333984,4.907120704650879,1.5254307985305786,0.002740552183240652,0.009887916967272758
32,20,26,0.4099886119365692,0.5427091121673584,0.91560959815979,0.6184732913970947,4.531205177307129,1.561117172241211,0.099854476749897,-0.005016128998249769
32,21,27,0.3643108606338501,0.45336973667144775,0.9176802039146423,0.7381170988082886,22.881738662719727,1.884443759918213,-0.07893727719783783,-0.01581330969929695
32,22,29,0.5017951130867004,0.7397868037223816,0.906693160533905,0.56472247838974,6.981293678283691,1.8357646465301514,-0.02648039534687996,0.021564625203609467
32,23,30,0.35908111929893494,0.8892454504966736,0.9251850247383118,0.7053108215332031,4.4359846115112305,3.018799066543579,-0.029675476253032684,0.001976986648514867
32,24,31,0.4299854636192322,1.708460807800293,0.9085233211517334,0.6169921159744263,5.091423034667969,4.807489395141602,-0.05833251774311066,-0.0066375755704939365
32,25,32,0.4285849332809448,2.4866585731506348,0.9033458232879639,0.6482464075088501,4.16481351852417,10.603879928588867,0.002833882812410593,-0.025247778743505478
32,26,34,0.5365890264511108,6.374576568603516,0.8652907013893127,0.35573890805244446,3.8244175910949707,8.420669555664062,0.09858201444149017,9.116251021623611e-06
32,27,35,0.5156229734420776,5.554203987121582,0.8547464609146118,0.45569661259651184,6.931610107421875,8.538522720336914,-0.26732754707336426,-0.01252942904829979
33,0,0,0.7362644672393799,0.027194056659936905,0.9999226331710815,0.9121651649475098,5254.87548828125,0.23714523017406464,-0.12612688541412354,0.007647596299648285
33,1,1,0.363690048456192,0.034599076956510544,0.9980874061584473,0.8614729046821594,117.21465301513672,0.19551944732666016,-0.012646406888961792,0.00029572274070233107
33,2,3,0.5485432147979736,0.12974177300930023,0.9519685506820679,0.7239274978637695,8.355918884277344,0.5014351010322571,0.0076047577895224094,-0.003986492287367582
33,3,4,0.5198366641998291,0.14758968353271484,0.9174740314483643,0.7206355333328247,6.37337589263916,0.5157837867736816,-0.020069314166903496,0.02142602950334549
33,4,5,0.6226453185081482,0.29399168491363525,0.8698179721832275,0.5801841020584106,5.673208236694336,0.6901729106903076,-0.0044930302537977695,-0.01249026507139206
33,5,6,0.48954659700393677,0.32828599214553833,0.8892248868942261,0.6464722156524658,5.566780090332031,0.8825019598007202,-0.10795760154724121,-6.528268568217754e-05
33,6,8,0.9221416115760803,0.21939925849437714,0.8400259613990784,0.680962860584259,5.327797889709473,0.7638912200927734,0.01955544576048851,0.005031050648540258
33,7,9,0.5604299306869507,0.23199734091758728,0.972805380821228,0.6170522570610046,13.105630874633789,0.7040268778800964,-0.01248902641236782,0.009195322170853615
33,8,10,0.7319359183311462,0.28581833839416504,0.8786548376083374,0.6867527961730957,5.859866142272949,1.0257550477981567,-0.0005446327850222588,0.004823749419301748
33,9,12,0.6153246164321899,0.2589927911758423,0.8926979899406433,0.6774711608886719,5.9525980949401855,0.9574887752532959,-0.0033529140055179596,-0.011866049841046333
33,10,13,0.5812064409255981,0.358999103307724,0.8958882689476013,0.5914319753646851,6.119715690612793,1.0114905834197998,0.028127867728471756,0.007151910103857517
33,11,14,0.58575838804245,0.26069167256355286,0.9001021385192871,0.6977039575576782,6.742898464202881,0.9533160924911499,-0.02250375598669052,0.010111100971698761
33,12,16,0.5776686668395996,0.3142281770706177,0.8780691623687744,0.7110772728919983,6.410597801208496,1.0610318183898926,-0.001467113383114338,-0.01283629983663559
33,13,17,0.5137676000595093,0.22564902901649475,0.9133256673812866,0.7566775679588318,5.898061752319336,1.0424814224243164,-0.01278594322502613,0.007291112095117569
33,14,18,1.0814828872680664,0.37812262773513794,0.8041115999221802,0.6970049738883972,8.021734237670898,1.2924528121948242,0.2281394749879837,-0.014882541261613369
33,15,19,0.40800654888153076,0.31228184700012207,0.9942358732223511,0.6124111413955688,39.624794006347656,1.1456167697906494,-0.0010400332976132631,0.004044056870043278
33,16,21,0.478838175535202,0.2734367847442627,0.9095668196678162,0.7466356754302979,6.219637393951416,1.3094708919525146,-0.025832336395978928,-0.005003846250474453
33,17,22,0.3674186170101166,0.4711751639842987,0.914370059967041,0.587192952632904,4.4044389724731445,1.3732633590698242,0.043490275740623474,-0.005177471786737442
33,18,23,0.42495208978652954,0.30734384059906006,0.9429442882537842,0.7368183732032776,7.508439064025879,1.2079296112060547,-0.06464448571205139,0.004840388894081116
33,19,25,0.38073837757110596,0.3779261112213135,0.9291013479232788,0.7066607475280762,4.941192626953125,1.5611517429351807,0.018077727407217026,0.0086603295058012
33,20,26,0.43795347213745117,0.5831971764564514,0.9160546660423279,0.6365147829055786,4.736462593078613,1.6698591709136963,0.10336273908615112,0.01104816235601902
33,21,27,0.3753358721733093,0.46171480417251587,0.9215984344482422,0.7425848841667175,22.96090316772461,1.8984473943710327,-0.04576209932565689,-0.0018808343447744846
33,22,29,0.5199482440948486,0.7436853647232056,0.9068928956985474,0.5664138197898865,7.112305164337158,1.9161943197250366,-0.008581594564020634,0.017282621935009956
33,23,30,0.39717715978622437,0.8773624897003174,0.9217185974121094,0.7101986408233643,4.742971420288086,3.1747491359710693,-0.03262627124786377,-0.0010253232903778553
33,24,31,0.4516855478286743,1.6968841552734375,0.9070020914077759,0.6377354860305786,5.313093185424805,4.978457927703857,-0.056252941489219666,-0.00970226526260376
33,25,32,0.4247259497642517,2.3853697776794434,0.9074370861053467,0.6778038740158081,4.339228630065918,11.103104591369629,0.008469720371067524,-0.022455478087067604
33,26,34,0.5369663238525391,6.236823081970215,0.8684744834899902,0.3841395974159241,4.155202865600586,8.673924446105957,0.0812789723277092,-0.015358679927885532
33,27,35,0.5131135582923889,5.565903663635254,0.8580513000488281,0.46554434299468994,7.082186698913574,8.73567008972168,-0.24817954003810883,-0.006897272542119026
34,0,0,0.6986834406852722,0.02669842541217804,0.9999265670776367,0.9145358204841614,5256.185546875,0.2309039980173111,-0.12659069895744324,0.00991502683609724
34,1,1,0.36127451062202454,0.03517786040902138,0.9980986714363098,0.8598271012306213,117.1279525756836,0.19893532991409302,-0.012521889060735703,0.004952147603034973
34,2,3,0.5558339357376099,0.13188078999519348,0.9515373706817627,0.7314029335975647,8.425334930419922,0.5320106148719788,0.007693572901189327,-0.00827494915574789
34,3,4,0.5258713960647583,0.1526636928319931,0.9177669286727905,0.7205140590667725,6.472484111785889,0.535959005355835,-0.025165706872940063,0.023739192634820938
34,4,5,0.6333447098731995,0.291919469833374,0.8709302544593811,0.5860419869422913,5.7615203857421875,0.6946643590927124,-0.007165880873799324,-0.005485658999532461
34,5,6,0.4799589514732361,0.3355522155761719,0.8926230669021606,0.6443366408348083,5.715571403503418,0.9038408398628235,-0.1114463359117508,0.0023318480234593153
34,6,8,0.8956940174102783,0.20221374928951263,0.846024215221405,0.6994818449020386,5.415309906005859,0.7766096591949463,0.02213449776172638,-0.003993657883256674
34,7,9,0.5192763805389404,0.21851161122322083,0.974610447883606,0.6343364715576172,13.055606842041016,0.6928554773330688,-0.008326105773448944,0.013319138437509537
34,8,10,0.7304204106330872,0.27413010597229004,0.881497859954834,0.7034870386123657,6.0600762367248535,1.0378777980804443,-0.018399955704808235,0.0008713433053344488
34,9,12,0.5939674377441406,0.25581151247024536,0.8990405797958374,0.6924693584442139,5.973830223083496,0.9421253204345703,0.0027097160927951336,-0.010397921316325665
34,10,13,0.5731882452964783,0.3478582501411438,0.9012345671653748,0.6145473718643188,6.221756458282471,1.0231120586395264,0.02796798385679722,0.0005887735169380903
34,11,14,0.5769393444061279,0.24763602018356323,0.9048176407814026,0.7265847325325012,6.755219459533691,0.965843677520752,-0.005568924825638533,0.026975464075803757
34,12,16,0.5512422323226929,0.3029066324234009,0.8865724802017212,0.7356816530227661,6.5709381103515625,1.077460765838623,-0.006353625096380711,-0.014079026877880096
34,13,17,0.5125929117202759,0.21847841143608093,0.9178805351257324,0.7638299465179443,6.017444610595703,1.0581825971603394,-0.011992224492132664,-0.009040909819304943
34,14,18,1.0355983972549438,0.35945072770118713,0.809550404548645,0.7140288949012756,8.111879348754883,1.2931452989578247,0.2263469398021698,-0.010672984644770622
34,15,19,0.39787501096725464,0.2958841919898987,0.9943825602531433,0.632737398147583,39.2083625793457,1.1213974952697754,0.01409715786576271,0.004331630188971758
34,16,21,0.43477052450180054,0.25597724318504333,0.9198651313781738,0.7595270872116089,6.498454570770264,1.2980437278747559,-0.04395680874586105,-0.01323635969310999
34,17,22,0.33718350529670715,0.4663584232330322,0.9223809838294983,0.6037449836730957,4.41060733795166,1.3965697288513184,0.06255577504634857,-0.011686126701533794
34,18,23,0.4001252055168152,0.28884583711624146,0.9461840391159058,0.7513290047645569,7.5464186668396,1.177461862564087,-0.07762594521045685,0.008167343214154243
34,19,25,0.3639841675758362,0.34126269817352295,0.9342405796051025,0.7292260527610779,5.0737104415893555,1.5407066345214844,0.008863840252161026,0.0032429706770926714
34,20,26,0.3968837559223175,0.5295476913452148,0.9255431890487671,0.6630561947822571,4.693758964538574,1.6215757131576538,0.13190679252147675,0.0067796483635902405
34,21,27,0.35112881660461426,0.42640894651412964,0.927671492099762,0.7527610063552856,23.343833923339844,1.8240079879760742,-0.07650309801101685,-0.006843658164143562
34,22,29,0.4881647825241089,0.7202085852622986,0.9129970073699951,0.5763888359069824,7.27146053314209,1.9301843643188477,-0.022654695436358452,0.006133564282208681
34,23,30,0.3485995829105377,0.8528801202774048,0.9325708150863647,0.7192844152450562,4.791969299316406,3.0738718509674072,-0.028668547049164772,0.013203214854001999
34,24,31,0.4107111990451813,1.610872507095337,0.9156922101974487,0.6405641436576843,5.552947521209717,4.808197975158691,-0.08267354220151901,-0.0018988728988915682
34,25,32,0.3945544362068176,2.3300442695617676,0.9131359457969666,0.6778523921966553,4.419368743896484,10.805803298950195,0.0018512713722884655,-0.020972687751054764
34,26,34,0.5123659372329712,5.976491451263428,0.8773964643478394,0.3818773925304413,4.2710795402526855,8.11892318725586,0.06084895879030228,-0.014336701482534409
34,27,35,0.4686502516269684,5.096271514892578,0.8753131628036499,0.46882838010787964,7.194628715515137,7.929172039031982,-0.2556532919406891,-0.009260538965463638
35,0,0,0.6404356956481934,0.024928342550992966,0.9999327063560486,0.9238148927688599,5256.33154296875,0.23625852167606354,-0.1262076497077942,0.003640006761997938
35,1,1,0.34775787591934204,0.031138505786657333,0.9981703758239746,0.8779065608978271,117.244140625,0.20146286487579346,-0.013069786131381989,-0.001768719288520515
35,2,3,0.5387279391288757,0.12238946557044983,0.9534952640533447,0.7580894231796265,8.53838062286377,0.5223627090454102,-0.004355995915830135,-0.009585222229361534
35,3,4,0.5208638310432434,0.14614994823932648,0.9196177124977112,0.7328860759735107,6.506509304046631,0.5255188345909119,-0.02393230050802231,0.021795250475406647
35,4,5,0.6154266595840454,0.26867884397506714,0.8768469095230103,0.6138820648193359,5.664623260498047,0.6820642948150635,0.005902471020817757,-0.008085851557552814
35,5,6,0.48803725838661194,0.3082005977630615,0.8928302526473999,0.665208637714386,5.719465255737305,0.8754550218582153,-0.10330256819725037,-0.0007705538300797343
35,6,8,0.8706856966018677,0.1914595067501068,0.8488031625747681,0.7026618719100952,5.356947422027588,0.7429138422012329,0.025967510417103767,0.011879699304699898
35,7,9,0.5109720230102539,0.20721882581710815,0.9749634265899658,0.6399306654930115,13.1002779006958,0.6700805425643921,-0.012799995951354504,0.0015201641945168376
35,8,10,0.7521952986717224,0.28625622391700745,0.8780086040496826,0.6871700882911682,5.948574066162109,1.0052632093429565,0.0017367210239171982,-6.55202311463654e-05
35,9,12,0.6111850142478943,0.2568930387496948,0.8951406478881836,0.6766740679740906,6.07136869430542,0.9168286323547363,-0.009959040209650993,-0.009860428050160408
35,10,13,0.5718337297439575,0.36742109060287476,0.8987493515014648,0.5933264493942261,6.07512903213501,1.029018521308899,0.03100365772843361,-0.0008323441725224257
35,11,14,0.5887535214424133,0.24895751476287842,0.9024834632873535,0.7027432322502136,6.847404479980469,0.9268313050270081,-0.01862064190208912,0.0067437319085001945
35,12,16,0.5850555896759033,0.31822267174720764,0.878464937210083,0.7036910057067871,6.43597412109375,1.038736343383789,0.009564809501171112,-0.009330524131655693
35,13,17,0.5275253653526306,0.23102717101573944,0.9130666255950928,0.7461389899253845,6.0042877197265625,1.0480690002441406,-0.01459009014070034,-0.012478144839406013
35,14,18,1.0835915803909302,0.38863101601600647,0.8043229579925537,0.693556547164917,8.288325309753418,1.2958636283874512,0.20870578289031982,-0.023083999752998352
35,15,19,0.44967061281204224,0.3398473858833313,0.9937117099761963,0.5876693725585938,39.690086364746094,1.1688212156295776,0.007050720043480396,-0.01585901342332363
35,16,21,0.48354989290237427,0.2900123596191406,0.911392092704773,0.7319525480270386,6.334897994995117,1.3009099960327148,-0.032451316714286804,-0.008271017111837864
35,17,22,0.4048503637313843,0.5179765224456787,0.9100525379180908,0.569728434085846,4.550051212310791,1.377456784248352,0.051499687135219574,-0.0039191292598843575
35,18,23,0.4522911012172699,0.32293790578842163,0.9403479099273682,0.7250450849533081,7.66917085647583,1.204547643661499,-0.08366498351097107,-0.004202030599117279
35,19,25,0.398152619600296,0.4130765199661255,0.9277187585830688,0.6949394345283508,5.016435623168945,1.6094834804534912,0.009121043607592583,0.012493347749114037
35,20,26,0.4257301688194275,0.591669499874115,0.9182137250900269,0.6143513917922974,4.612864971160889,1.623666524887085,0.12972751259803772,0.0028997338376939297
35,21,27,0.3797922432422638,0.4698570966720581,0.9204495549201965,0.7321699857711792,22.37488555908203,1.909585952758789,-0.0005896001821383834,-0.008178568445146084
35,22,29,0.5498345494270325,0.7606402039527893,0.9047433733940125,0.5437219738960266,7.201515197753906,1.9133933782577515,-0.000787864439189434,0.01189442165195942
35,23,30,0.4075586795806885,0.8661898374557495,0.9213408827781677,0.6995777487754822,4.6915178298950195,3.0840904712677,-0.010836295783519745,0.0020463268738240004
35,24,31,0.4807550013065338,1.653052568435669,0.9035967588424683,0.6023889183998108,5.398261547088623,4.471059799194336,-0.06757988780736923,0.007212438620626926
35,25,32,0.4441739320755005,2.397728443145752,0.9022524356842041,0.63155597448349,4.379280090332031,9.796560287475586,-0.01631845161318779,-0.01198231615126133
35,26,34,0.5120232105255127,5.568281173706055,0.8766952753067017,0.3902938961982727,4.105060577392578,7.876837253570557,0.08633285015821457,0.0026515473145991564
35,27,35,0.4789062738418579,5.277159690856934,0.8667039275169373,0.41901856660842896,7.097281455993652,7.835818290710449,-0.2760997414588928,-0.007608186453580856
36,0,0,0.6167783737182617,0.020784776657819748,0.9999352097511292,0.9385696649551392,5259.255859375,0.24113762378692627,-0.12684202194213867,0.00035671592922881246
36,1,1,0.3325769305229187,0.02973860688507557,0.9982500076293945,0.8822762370109558,117.3832778930664,0.19910363852977753,-0.01598409190773964,-0.0039415517821908
36,2,3,0.5299131274223328,0.11286276578903198,0.9546244740486145,0.7745246887207031,8.833427429199219,0.5194091796875,-0.03573982045054436,-0.013486622832715511
36,3,4,0.5169330835342407,0.1389814019203186,0.9195623397827148,0.748853325843811,6.5808820724487305,0.5306380987167358,-0.02624947391450405,0.013375232927501202
36,4,5,0.6180814504623413,0.2525682747364044,0.8755026459693909,0.6393164396286011,5.786128997802734,0.6829489469528198,-0.013071268796920776,-0.0072356476448476315
36,5,6,0.4794378876686096,0.29935336112976074,0.8909724950790405,0.6710149645805359,5.6479291915893555,0.8771910071372986,-0.09372195601463318,0.0030777857173234224
36,6,8,0.8450037240982056,0.17851674556732178,0.848614513874054,0.7153753638267517,5.2510576248168945,0.7371183037757874,0.03442206233739853,0.0020729228854179382
36,7,9,0.5102910399436951,0.19453109800815582,0.9751625061035156,0.6526471376419067,13.110987663269043,0.6601889729499817,-0.008804315701127052,-0.0016687677707523108
36,8,10,0.7100709676742554,0.2510865330696106,0.8781573176383972,0.7029784917831421,5.800041198730469,0.9613702893257141,0.009614270180463791,-0.008542709983885288
36,9,12,0.5862931609153748,0.23664283752441406,0.8977397084236145,0.6889010071754456,6.055832386016846,0.8871377110481262,0.00033955194521695375,0.004691106267273426
36,10,13,0.5380638241767883,0.333530068397522,0.902440071105957,0.621985912322998,5.954553127288818,1.0052120685577393,0.04102848470211029,-0.013231144286692142
36,11,14,0.5701898336410522,0.23079179227352142,0.9022543430328369,0.7191302180290222,6.7729902267456055,0.9062705039978027,-0.018426399677991867,0.019767774268984795
36,12,16,0.568936824798584,0.2876885235309601,0.8777948617935181,0.7258346080780029,6.272912979125977,1.0115549564361572,0.01853214204311371,-0.009670857340097427
36,13,17,0.4986668825149536,0.20812180638313293,0.9137400388717651,0.7610619068145752,5.975011348724365,1.0113774538040161,-0.011679265648126602,-0.003889571176841855
36,14,18,1.012669324874878,0.34843939542770386,0.8045315742492676,0.7118545770645142,8.088618278503418,1.314864993095398,0.21673816442489624,-0.040802016854286194
36,15,19,0.39611440896987915,0.2893858551979065,0.9944265484809875,0.6247715950012207,39.614112854003906,1.1224033832550049,0.013818562030792236,0.0004635623190551996
36,16,21,0.4602014720439911,0.253506600856781,0.9122216701507568,0.7635245323181152,6.311646461486816,1.2989795207977295,-0.006219940725713968,-0.00665007159113884
36,17,22,0.3622739911079407,0.4587826430797577,0.9146649241447449,0.5983076095581055,4.739247798919678,1.3379048109054565,0.021329041570425034,-0.00699198991060257
36,18,23,0.4093036651611328,0.28648555278778076,0.9448654651641846,0.7421292066574097,7.589262008666992,1.1852774620056152,-0.0697663277387619,-0.013138333335518837
36,19,25,0.3764020800590515,0.36541563272476196,0.9274278879165649,0.7196819186210632,5.254753112792969,1.5851430892944336,3.264984115958214e-05,0.0015619290061295033
36,20,26,0.4330959618091583,0.5798852443695068,0.9156198501586914,0.6342170238494873,4.787660121917725,1.660544991493225,0.12188876420259476,0.017031606286764145
36,21,27,0.3754534125328064,0.4379175305366516,0.920229434967041,0.7480667233467102,22.914499282836914,1.9117937088012695,0.00010034930892288685,-0.015295199118554592
36,22,29,0.5453747510910034,0.7153873443603516,0.9083051681518555,0.5614569783210754,7.318820476531982,1.9416868686676025,-0.010454012081027031,0.0031429287046194077
36,23,30,0.4193667769432068,0.8020384311676025,0.9167157411575317,0.706780195236206,4.869728088378906,3.0304927825927734,-0.0082474360242486,0.0059292190708220005
36,24,31,0.46780717372894287,1.5606296062469482,0.9065788984298706,0.6300051212310791,5.543410301208496,4.5671281814575195,-0.05444154888391495,-0.009112417697906494
36,25,32,0.4335673451423645,2.234635591506958,0.905074417591095,0.6590985059738159,4.526270389556885,9.84962272644043,-0.02398708090186119,-0.02481536939740181
36,26,34,0.5355377197265625,5.304161071777344,0.8741763830184937,0.42967021465301514,4.342633247375488,7.7229719161987305,0.07009267807006836,0.019471848383545876
36,27,35,0.4909389615058899,5.029266357421875,0.8684481978416443,0.4243144989013672,7.397298812866211,7.67109489440918,-0.278126984834671,0.0028238140512257814
37,0,0,0.5861129760742188,0.016433890908956528,0.999938428401947,0.9492509961128235,5259.681640625,0.23643401265144348,-0.12660883367061615,0.004102511331439018
37,1,1,0.3375990092754364,0.028176026418805122,0.998221218585968,0.8879877924919128,116.91239929199219,0.20070311427116394,-0.012735983356833458,-0.006917682476341724
37,2,3,0.5196087956428528,0.11021097749471664,0.9559129476547241,0.7824344635009766,8.757905960083008,0.5107741355895996,-0.02568446472287178,-0.007990410551428795
37,3,4,0.49982085824012756,0.1299806386232376,0.924917459487915,0.760273814201355,6.6256513595581055,0.5129074454307556,-0.0355093814432621,0.008034337311983109
37,4,5,0.6223336458206177,0.2346455454826355,0.8780607581138611,0.6636874675750732,5.869057655334473,0.6882350444793701,0.004240953363478184,-0.010853743180632591
37,5,6,0.5032203793525696,0.27988237142562866,0.8866620063781738,0.689373254776001,5.537771224975586,0.8774370551109314,-0.09317894279956818,-0.003966057673096657
37,6,8,0.8808837532997131,0.18451321125030518,0.8493025302886963,0.7076910734176636,5.274056434631348,0.7313864231109619,0.03878878802061081,0.005966146010905504
37,7,9,0.5161014199256897,0.19403639435768127,0.974184513092041,0.6616771221160889,12.841856956481934,0.6591078639030457,-0.015610708855092525,0.0017214749241247773
37,8,10,0.7387664318084717,0.269647479057312,0.881972074508667,0.7029733061790466,5.830280780792236,0.9610157012939453,0.022774139419198036,0.0013818719889968634
37,9,12,0.602384090423584,0.24642933905124664,0.8973368406295776,0.6931523084640503,6.238447189331055,0.8991032838821411,-0.0184328630566597,-0.011603388004004955
37,10,13,0.5718798637390137,0.3538723886013031,0.9048274159431458,0.6164909601211548,6.05884313583374,1.0443576574325562,0.05460534617304802,-0.000891772098839283
37,11,14,0.6078979969024658,0.2388734519481659,0.9022784233093262,0.703682541847229,7.086222171783447,0.8752846121788025,-0.029205262660980225,0.032557979226112366
37,12,16,0.6352688074111938,0.3306432366371155,0.8742525577545166,0.7127318978309631,6.536993026733398,1.0740212202072144,0.03464607521891594,-0.011627028696238995
37,13,17,0.5361972451210022,0.2417411208152771,0.9095046520233154,0.7507559657096863,5.994294166564941,1.116541862487793,-0.0014497358351945877,0.0016058192122727633
37,14,18,1.1496171951293945,0.4190683960914612,0.8001192808151245,0.707313060760498,8.005521774291992,1.4261353015899658,0.21980276703834534,-0.027590760961174965
37,15,19,0.45759350061416626,0.3331218957901001,0.9935719966888428,0.5929819345474243,40.27095031738281,1.2516825199127197,-0.015489494428038597,-0.0028774989768862724
37,16,21,0.4803928732872009,0.3027198016643524,0.9128939509391785,0.7454622387886047,6.163501739501953,1.3953999280929565,0.012857185676693916,0.004622598644345999
37,17,22,0.39887064695358276,0.5029511451721191,0.9119864106178284,0.5916433334350586,4.55783224105835,1.4664015769958496,0.04771494120359421,-0.004300558008253574
37,18,23,0.4528351128101349,0.3220973610877991,0.939030647277832,0.7387680411338806,7.3611674308776855,1.334267020225525,-0.056081581860780716,-0.011709462851285934
37,19,25,0.42011773586273193,0.40526002645492554,0.9246250987052917,0.6984567642211914,5.067234992980957,1.696469783782959,0.028228003531694412,0.0024774535559117794
37,20,26,0.47315481305122375,0.6014187335968018,0.9120671153068542,0.6189093589782715,4.648983955383301,1.6944291591644287,0.12996362149715424,0.016951527446508408
37,21,27,0.4033889174461365,0.4910737872123718,0.9141448736190796,0.731683075428009,21.647716522216797,1.9925282001495361,0.044396430253982544,0.013403416611254215
37,22,29,0.6230645179748535,0.8216460943222046,0.8998547196388245,0.5423951148986816,7.263188362121582,2.047804355621338,-0.0071670119650661945,0.008343261666595936
37,23,30,0.48171308636665344,0.8525601029396057,0.9123390913009644,0.7004568576812744,4.925745964050293,3.126164436340332,-0.018265260383486748,0.014165675267577171
37,24,31,0.4900035262107849,1.5559189319610596,0.9012846946716309,0.6359360218048096,5.512207984924316,4.902966499328613,-0.06118575856089592,-0.0131523497402668
37,25,32,0.47771501541137695,2.2534379959106445,0.8974964618682861,0.667500376701355,4.601700305938721,10.592037200927734,-0.013557524420320988,-0.024337921291589737
37,26,34,0.5061252117156982,5.351017475128174,0.8818856477737427,0.46636563539505005,4.300987243652344,8.624159812927246,0.06988299638032913,-0.0023518104571849108
37,27,35,0.47926315665245056,5.213159084320068,0.8737696409225464,0.4459400177001953,7.210320472717285,8.104762077331543,-0.25998783111572266,-0.006959865801036358
38,0,0,0.6757583022117615,0.027519602328538895,0.9999290108680725,0.9185487031936646,5255.11669921875,0.24564088881015778,-0.12609955668449402,0.005000768229365349
38,1,1,0.3447344899177551,0.031319957226514816,0.9981881976127625,0.8755506277084351,117.59698486328125,0.1984957903623581,-0.015792030841112137,0.0017942851409316063
38,2,3,0.5166593790054321,0.12419287115335464,0.9555162191390991,0.7502894401550293,8.620532989501953,0.5193585157394409,-0.013540739193558693,-0.009412622079253197
38,3,4,0.5264091491699219,0.15273788571357727,0.9189087748527527,0.7405773401260376,6.521100044250488,0.5502045154571533,-0.03406429663300514,0.019673142582178116
38,4,5,0.5991883277893066,0.267620325088501,0.8789377808570862,0.6165267825126648,5.662044048309326,0.6842935085296631,0.004599249921739101,-0.008090583607554436
38,5,6,0.47393471002578735,0.31867825984954834,0.897284984588623,0.667591392993927,5.669188499450684,0.9111756086349487,-0.09167426824569702,0.0017486034194007516
38,6,8,0.8656260371208191,0.19122862815856934,0.8533238172531128,0.7114849090576172,5.365849494934082,0.7718088030815125,0.03526979684829712,0.015473679639399052
38,7,9,0.5377377271652222,0.21680042147636414,0.9737067222595215,0.6498745679855347,13.016746520996094,0.6961104869842529,-0.007825199514627457,0.00012506544589996338
38,8,10,0.7328599691390991,0.2840852737426758,0.885671854019165,0.706778883934021,6.125619411468506,1.0456324815750122,-0.011814641766250134,-0.011055419221520424
38,9,12,0.6051278710365295,0.2517073452472687,0.9040356874465942,0.699341893196106,6.329292297363281,0.9630179405212402,0.014021197333931923,-0.014134190045297146
38,10,13,0.5881667137145996,0.38065510988235474,0.9076077938079834,0.6223556995391846,6.22153902053833,1.0696971416473389,0.05870382487773895,0.0024835029616951942
38,11,14,0.6016544699668884,0.24805480241775513,0.9118306636810303,0.7351999878883362,7.465986251831055,0.9722672700881958,-0.03007693774998188,0.020892087370157242
38,12,16,0.5591051578521729,0.3015022873878479,0.8894451856613159,0.7403988242149353,6.46094274520874,1.0528841018676758,0.030903860926628113,0.000876191770657897
38,13,17,0.5085242986679077,0.2210332155227661,0.922440230846405,0.774416446685791,6.233543395996094,1.0864405632019043,0.004554643761366606,-0.0017429229337722063
38,14,18,1.1121892929077148,0.39041852951049805,0.8084566593170166,0.7211645841598511,7.972100734710693,1.4328997135162354,0.23867200314998627,-0.03292614594101906
38,15,19,0.40716201066970825,0.31428971886634827,0.9943839311599731,0.6390976905822754,40.51725769042969,1.2156870365142822,-0.002569989301264286,-0.006918713916093111
38,16,21,0.4729343056678772,0.26729631423950195,0.9245550632476807,0.783322811126709,6.685703277587891,1.4223442077636719,-0.025132279843091965,-0.006863589398562908
38,17,22,0.3748421370983124,0.47273439168930054,0.9233652353286743,0.610366940498352,4.811637878417969,1.432033658027649,0.039406534284353256,-0.013507585041224957
38,18,23,0.41112539172172546,0.292917400598526,0.94786536693573,0.7602086067199707,7.661129951477051,1.2307031154632568,-0.05392313376069069,0.011267314665019512
38,19,25,0.37873125076293945,0.3782608211040497,0.935332179069519,0.7246160507202148,5.047776222229004,1.6398768424987793,0.045682523399591446,0.0059616584330797195
38,20,26,0.4511650502681732,0.5444966554641724,0.9199689626693726,0.6479465961456299,4.959380626678467,1.6661494970321655,0.10243378579616547,0.012981733307242393
38,21,27,0.3819083571434021,0.4521937966346741,0.9288570284843445,0.7614858150482178,22.561359405517578,2.004833221435547,-0.0041402168571949005,-0.018346920609474182
38,22,29,0.5326871871948242,0.7474545240402222,0.9123173952102661,0.5629568696022034,7.216619491577148,1.9411065578460693,0.002938260789960623,0.014696908183395863
38,23,30,0.40100783109664917,0.8550752401351929,0.9284467101097107,0.7172410488128662,4.9026312828063965,3.2120394706726074,-0.011208325624465942,0.0021257034968584776
38,24,31,0.42817312479019165,1.6283798217773438,0.9169790744781494,0.6410413384437561,5.375967502593994,4.829879283905029,-0.029592372477054596,-0.011080257594585419
38,25,32,0.4285520911216736,2.3672852516174316,0.9128902554512024,0.6780908107757568,4.621339321136475,10.931875228881836,-0.014008710160851479,-0.028760112822055817
38,26,34,0.5357615947723389,6.094577312469482,0.8815438151359558,0.40223053097724915,4.394070625305176,8.364725112915039,0.06990952044725418,-0.0007275048410519958
38,27,35,0.5198827981948853,5.344732284545898,0.8669933080673218,0.4504735767841339,7.229323387145996,8.032824516296387,-0.24891985952854156,0.0016314282547682524
39,0,0,0.6534552574157715,0.023093577474355698,0.9999313950538635,0.9294562339782715,5255.818359375,0.2405773550271988,-0.12590940296649933,6.308453157544136e-05
39,1,1,0.3495332896709442,0.031151488423347473,0.9981608390808105,0.875715970993042,117.23627471923828,0.1987476348876953,-0.01354933250695467,0.001177361118607223
39,2,3,0.5131586790084839,0.11804626882076263,0.955864667892456,0.7634378671646118,8.649526596069336,0.519553005695343,-0.012701922096312046,-0.005779034458100796
39,3,4,0.5186699628829956,0.14763426780700684,0.9224813580513,0.7461899518966675,6.610307216644287,0.5373759865760803,-0.02787638083100319,0.018076710402965546
39,4,5,0.6078854203224182,0.26224303245544434,0.878889262676239,0.6272948384284973,5.717406272888184,0.6877429485321045,0.0015660003991797566,-0.009569823741912842
39,5,6,0.47992950677871704,0.33039504289627075,0.8931803107261658,0.6623010039329529,5.604361534118652,0.9155319929122925,-0.09521313011646271,-0.0031029607634991407
39,6,8,0.8558167815208435,0.18823152780532837,0.8515332341194153,0.7120586633682251,5.290065288543701,0.7480546832084656,0.035111233592033386,0.010097704827785492
39,7,9,0.5208761692047119,0.2050582766532898,0.9748064875602722,0.6573663949966431,13.227828979492188,0.6790482997894287,-0.017804648727178574,0.013306157663464546
39,8,10,0.6581713557243347,0.2501595616340637,0.8912557363510132,0.7237716317176819,5.927650451660156,0.9869754314422607,-0.014471326023340225,0.006768631748855114
39,9,12,0.5758253335952759,0.24061967432498932,0.9029834270477295,0.7047207355499268,6.139469623565674,0.9328714609146118,0.009348507970571518,-0.00450962083414197
39,10,13,0.5402883887290955,0.3302062153816223,0.9069418907165527,0.6235216856002808,6.088722229003906,0.9886308908462524,0.04154975712299347,2.7416739612817764e-05
39,11,14,0.546373724937439,0.23170185089111328,0.9160571694374084,0.7312734723091125,7.196623802185059,0.9307034611701965,-0.02405594475567341,0.011295923963189125
39,12,16,0.5164362788200378,0.2788173258304596,0.8932833671569824,0.7430540919303894,6.315371990203857,1.0297214984893799,0.025617407634854317,-0.008316048420965672
39,13,17,0.49562931060791016,0.20831932127475739,0.9186151027679443,0.7800047397613525,6.244472980499268,1.029127836227417,-0.02981206774711609,0.006766206584870815
39,14,18,1.01747727394104,0.3575657308101654,0.8182445764541626,0.7221949100494385,8.325185775756836,1.3131797313690186,0.19941017031669617,-0.019924219697713852
39,15,19,0.3822284936904907,0.28552353382110596,0.9946756362915039,0.6400723457336426,39.713130950927734,1.1239817142486572,0.015954090282320976,-0.005885638762265444
39,16,21,0.3982428312301636,0.23696203529834747,0.9310993552207947,0.7834085822105408,6.646169662475586,1.2505693435668945,-0.03761639446020126,0.02620714157819748
39,17,22,0.3449486494064331,0.44427889585494995,0.9251796007156372,0.6157621145248413,4.8004560470581055,1.3571032285690308,0.026084601879119873,-0.004080943297594786
39,18,23,0.39490824937820435,0.2864528298377991,0.9483757019042969,0.7563377022743225,7.594257354736328,1.1874775886535645,-0.05767890065908432,0.00439775874838233
39,19,25,0.3677254915237427,0.36287176609039307,0.9345332384109497,0.7308186292648315,5.115431785583496,1.5638118982315063,0.014205791056156158,0.011822802014648914
39,20,26,0.40785109996795654,0.5627039670944214,0.927656352519989,0.6480495929718018,4.7866950035095215,1.6728811264038086,0.13998040556907654,0.0084688076749444
39,21,27,0.3467305600643158,0.429451048374176,0.9348021745681763,0.7574582099914551,22.80379867553711,1.9136862754821777,-9.135575965046883e-06,-0.018387997522950172
39,22,29,0.5046337246894836,0.7443467378616333,0.9157047271728516,0.5733062624931335,7.58038854598999,1.9482322931289673,-0.03245859593153,0.0069084735587239265
39,23,30,0.36765313148498535,0.8437076807022095,0.9324700236320496,0.7172989249229431,4.848982334136963,3.128356456756592,-0.002696340437978506,0.008721409365534782
39,24,31,0.43675869703292847,1.6960868835449219,0.914877712726593,0.6356395483016968,5.605844497680664,4.858114242553711,-0.05107370764017105,-4.71827806904912e-05
39,25,32,0.4321473240852356,2.44720458984375,0.9087896347045898,0.6616805195808411,4.713881492614746,10.7647705078125,-0.0238250233232975,-0.023461129516363144
39,26,34,0.5045405626296997,5.953430652618408,0.8859150409698486,0.41528093814849854,4.264005184173584,8.438089370727539,0.10018882155418396,0.01172192394733429
39,27,35,0.48470839858055115,5.455163478851318,0.8781839609146118,0.43245500326156616,7.545666694641113,8.218603134155273,-0.28593820333480835,0.0028953191358596087
40,0,0,0.6556777954101562,0.022304285317659378,0.9999310970306396,0.9298938512802124,5256.95556640625,0.23107999563217163,-0.12644466757774353,0.003770857583731413
40,1,1,0.3419455885887146,0.03181809186935425,0.998201847076416,0.8734425902366638,117.212890625,0.19538061320781708,-0.013094913214445114,0.008665828965604305
40,2,3,0.5429219007492065,0.12631051242351532,0.9534024000167847,0.7414659261703491,8.711286544799805,0.5183687210083008,-0.027005191892385483,-0.014196977019309998
40,3,4,0.5077818036079407,0.14421507716178894,0.9232959151268005,0.7451859712600708,6.528614044189453,0.5255016088485718,-0.02655487321317196,0.029123393818736076
40,4,5,0.6037129163742065,0.2705232799053192,0.8788303136825562,0.6085236668586731,5.749201774597168,0.6740527153015137,-0.008538566529750824,-0.006903097964823246
40,5,6,0.46576568484306335,0.29875946044921875,0.8959807753562927,0.6617169976234436,5.613234519958496,0.8462977409362793,-0.09757697582244873,0.008431922644376755
40,6,8,0.8607572317123413,0.18268993496894836,0.85343998670578,0.7095791697502136,5.332183361053467,0.7273968458175659,0.029423873871564865,0.005926971323788166
40,7,9,0.4959360957145691,0.19685634970664978,0.9758771061897278,0.6530107855796814,13.126171112060547,0.6398318409919739,-0.01590576581656933,0.0128535320982337
40,8,10,0.6890753507614136,0.2642665505409241,0.8860839009284973,0.6987698078155518,5.8128228187561035,0.9501099586486816,0.004076122306287289,0.0018224907107651234
40,9,12,0.5770389437675476,0.2464476227760315,0.9002982974052429,0.691317081451416,6.070376396179199,0.8998376131057739,-0.005807924084365368,-0.010808716528117657
40,10,13,0.5496875643730164,0.3511931300163269,0.9013890027999878,0.5995217561721802,5.88279914855957,0.9970753788948059,0.049275025725364685,0.001661141635850072
40,11,14,0.5650646090507507,0.24259011447429657,0.9088695049285889,0.714117169380188,6.954099655151367,0.929460883140564,-0.018072715029120445,0.016445890069007874
40,12,16,0.5636164546012878,0.30395421385765076,0.8840665817260742,0.717194676399231,6.301181793212891,1.0347487926483154,0.02050371654331684,-0.005334439687430859
40,13,17,0.5456757545471191,0.23074200749397278,0.9123531579971313,0.7438956499099731,6.166706085205078,1.0227165222167969,-0.026152215898036957,0.0063284579664468765
40,14,18,1.0174589157104492,0.3839910626411438,0.809247612953186,0.6894160509109497,8.255373001098633,1.2648954391479492,0.20085899531841278,-0.009446337819099426
40,15,19,0.4135172367095947,0.3412337005138397,0.994195282459259,0.5900395512580872,40.17647933959961,1.1683164834976196,-0.011847145855426788,-0.015334973111748695
40,16,21,0.45499616861343384,0.26738327741622925,0.9193387627601624,0.7529923319816589,6.528051376342773,1.2631442546844482,-0.03746417537331581,0.017383655533194542
40,17,22,0.3776286244392395,0.5401545166969299,0.9167770743370056,0.5867718458175659,4.635781288146973,1.463340163230896,0.03865741193294525,-0.0028898552991449833
40,18,23,0.41610395908355713,0.3102330267429352,0.9453041553497314,0.732996940612793,7.666698455810547,1.1936638355255127,-0.07383716106414795,0.00513464817777276
40,19,25,0.36755573749542236,0.38549646735191345,0.9345040321350098,0.7104731798171997,5.10771369934082,1.6147226095199585,0.019823823124170303,0.0061976127326488495
40,20,26,0.4222002625465393,0.5954084396362305,0.9258577823638916,0.6327773332595825,4.777987957000732,1.6911485195159912,0.1477176547050476,0.01877453550696373
40,21,27,0.3651500940322876,0.441366583108902,0.9305916428565979,0.7384576201438904,23.19803810119629,1.8348677158355713,-0.009280642494559288,-0.016094518825411797
40,22,29,0.49942779541015625,0.6994287371635437,0.9137905240058899,0.5675697326660156,7.1703715324401855,1.9285860061645508,0.0010030842386186123,0.001643850700929761
40,23,30,0.360861212015152,0.7849608063697815,0.9342535734176636,0.7211341857910156,4.882494926452637,3.049515962600708,-0.021149322390556335,-0.00683485995978117
40,24,31,0.41036996245384216,1.476977825164795,0.9219372868537903,0.6367636919021606,5.5831146240234375,4.454371929168701,-0.0586058683693409,-0.017214620485901833
40,25,32,0.37909239530563354,2.0368833541870117,0.9165518283843994,0.6730823516845703,4.436653137207031,9.652029991149902,-0.01711287535727024,-0.020322460681200027
40,26,34,0.4515087306499481,5.087846755981445,0.8980696797370911,0.4086386263370514,4.2144575119018555,7.244592666625977,0.08447462320327759,-0.010352516546845436
40,27,35,0.42358729243278503,4.448019027709961,0.8965038061141968,0.4724312126636505,7.306753158569336,6.993501663208008,-0.27483728528022766,0.005108448211103678
41,0,0,0.6127482652664185,0.020961109548807144,0.9999356269836426,0.9359710216522217,5258.80419921875,0.23744240403175354,-0.12703126668930054,-0.0008996911346912384
41,1,1,0.31931352615356445,0.029254429042339325,0.9983198642730713,0.8830839395523071,117.37168884277344,0.19834540784358978,-0.015141081064939499,-0.0010807458311319351
41,2,3,0.4990260601043701,0.11149964481592178,0.9575100541114807,0.771995484828949,8.884102821350098,0.5151106119155884,-0.03230832889676094,-0.013456172309815884
41,3,4,0.48543351888656616,0.13292676210403442,0.930536150932312,0.7610912919044495,6.697976112365723,0.5248618721961975,-0.020266346633434296,0.01713848114013672
41,4,5,0.5944695472717285,0.2537468373775482,0.8855704665184021,0.6393592953681946,5.929244518280029,0.667210578918457,-0.020665684714913368,0.00021391815971583128
41,5,6,0.45012953877449036,0.3028167486190796,0.9035747647285461,0.6713076829910278,5.747806549072266,0.8660388588905334,-0.10398727655410767,0.005330342333763838
41,6,8,0.8004716634750366,0.17187124490737915,0.8615297079086304,0.7231718301773071,5.199831008911133,0.7176759243011475,0.048178285360336304,0.0037378347478806973
41,7,9,0.47559767961502075,0.19377577304840088,0.9769336581230164,0.6616413593292236,13.080812454223633,0.6393467783927917,-0.00504487007856369,0.01046757586300373
41,8,10,0.6561331748962402,0.24044039845466614,0.8915192484855652,0.7183419466018677,5.897952556610107,0.9496174454689026,-0.005667151417583227,-0.01232336089015007
41,9,12,0.5439333319664001,0.23296701908111572,0.9074202179908752,0.7021186947822571,6.060895919799805,0.880181074142456,0.012748142704367638,0.0029310821555554867
41,10,13,0.5234600305557251,0.3337150812149048,0.9083833694458008,0.6252868175506592,6.100624084472656,1.001955509185791,0.028399143368005753,-0.023287158459424973
41,11,14,0.5328671336174011,0.22382761538028717,0.9171209335327148,0.7287701964378357,6.990013122558594,0.9027091264724731,-0.011145680211484432,0.00714030722156167
41,12,16,0.5206460952758789,0.2693806290626526,0.8924828767776489,0.7292174100875854,6.302999019622803,0.9873611330986023,0.026483749970793724,-0.013620122335851192
41,13,17,0.48978567123413086,0.20856422185897827,0.9188106060028076,0.7546570301055908,6.016003131866455,0.9945639371871948,-0.014204560779035091,-0.009340286254882812
41,14,18,0.988974928855896,0.34394264221191406,0.816179096698761,0.707122802734375,8.119490623474121,1.2290983200073242,0.21611879765987396,-0.02198461815714836
41,15,19,0.4028517007827759,0.3070351779460907,0.9943654537200928,0.6047853827476501,39.21669387817383,1.0737920999526978,0.03074466437101364,-0.010799858719110489
41,16,21,0.42335087060928345,0.25052666664123535,0.9251933693885803,0.760850727558136,6.432448387145996,1.258725881576538,-0.02316255122423172,0.0014081178233027458
41,17,22,0.36028575897216797,0.4892156720161438,0.9172811508178711,0.5853151082992554,4.7115020751953125,1.3569440841674805,0.021418379619717598,0.002112496644258499
41,18,23,0.38784149289131165,0.2748844027519226,0.9481483697891235,0.7495157718658447,7.630246162414551,1.1458442211151123,-0.08261625468730927,-0.009612180292606354
41,19,25,0.3471757769584656,0.3392753601074219,0.93450927734375,0.7352938652038574,4.99901819229126,1.5338873863220215,0.0035553837660700083,0.004925532266497612
41,20,26,0.37480461597442627,0.5411422252655029,0.9295972585678101,0.6528900861740112,4.610551834106445,1.6371427774429321,0.14325615763664246,0.0010177986696362495
41,21,27,0.33309030532836914,0.3980807065963745,0.9343737363815308,0.760629415512085,23.224580764770508,1.7841355800628662,-0.021406883373856544,-0.011755875311791897
41,22,29,0.4704781174659729,0.6370538473129272,0.91718989610672,0.5989770889282227,7.223820686340332,1.828283667564392,-0.0005063025746494532,0.00722575094550848
41,23,30,0.35334813594818115,0.7764625549316406,0.9317004680633545,0.7280476093292236,4.714174270629883,2.9822754859924316,-0.011186333373188972,0.0037357667461037636
41,24,31,0.4222610592842102,1.5172775983810425,0.9178791642189026,0.6494842767715454,5.588410377502441,4.426279544830322,-0.06410431861877441,-0.0005394679610617459
41,25,32,0.39251768589019775,2.1538782119750977,0.9137402772903442,0.6749168634414673,4.46583366394043,9.699960708618164,-0.027931423857808113,-0.021345578134059906
41,26,34,0.4400746524333954,5.1268720626831055,0.8959992527961731,0.4301412105560303,4.31610631942749,7.371777534484863,0.08002692461013794,0.0022644049022346735
41,27,35,0.4019242525100708,4.587962627410889,0.8929423093795776,0.4613170623779297,7.358254432678223,7.169727325439453,-0.28098517656326294,0.002967323176562786
42,0,0,0.6159330606460571,0.019452165812253952,0.9999353289604187,0.9397581815719604,5258.8212890625,0.23407888412475586,-0.12692700326442719,0.0051992652006447315
42,1,1,0.33785900473594666,0.029313011094927788,0.9982207417488098,0.8859496116638184,117.27537536621094,0.20411750674247742,-0.014760071411728859,0.0002875431382562965
42,2,3,0.4993370473384857,0.11149121820926666,0.9571253657341003,0.778286337852478,8.70320987701416,0.5178903937339783,-0.021929170936346054,-0.007389929611235857
42,3,4,0.5052875280380249,0.13456511497497559,0.927788257598877,0.7655228972434998,6.735652923583984,0.5374692678451538,-0.025982823222875595,0.01803545467555523
42,4,5,0.5952548980712891,0.2495528906583786,0.8874224424362183,0.6472175121307373,5.894046783447266,0.6796212196350098,-0.007215168327093124,-0.006636891979724169
42,5,6,0.45799022912979126,0.2987765371799469,0.9010297060012817,0.6822683811187744,5.7063140869140625,0.8675904273986816,-0.10055714845657349,0.010309131816029549
42,6,8,0.8088843822479248,0.17227749526500702,0.861678421497345,0.7233087420463562,5.267289638519287,0.7214179039001465,0.038705527782440186,-0.0029925962444394827
42,7,9,0.47306981682777405,0.18420305848121643,0.9767479300498962,0.6735973954200745,13.04410171508789,0.6312295198440552,-0.014119412750005722,0.012119648046791553
42,8,10,0.6426419019699097,0.23485523462295532,0.8923254013061523,0.7258987426757812,5.867016792297363,0.9490482807159424,-0.0063642035238444805,-0.0034904140047729015
42,9,12,0.5454854965209961,0.23431146144866943,0.9080598950386047,0.7047109007835388,6.095162868499756,0.9166507124900818,0.012617822736501694,-0.020451322197914124
42,10,13,0.5285177230834961,0.3163645267486572,0.909778356552124,0.6430028080940247,6.226146697998047,0.9884037971496582,0.028595365583896637,-0.009659054689109325
42,11,14,0.5210540890693665,0.20911750197410583,0.9202519655227661,0.7554259300231934,7.0829339027404785,0.9051957130432129,-0.0025734768714755774,0.021614713594317436
42,12,16,0.5150163173675537,0.2639591097831726,0.8955631256103516,0.7479919195175171,6.393088340759277,0.9808493256568909,0.028460051864385605,-0.0109476363286376
42,13,17,0.4673845171928406,0.1970617175102234,0.9241461157798767,0.7813180088996887,6.1643571853637695,1.0120055675506592,-0.020248161628842354,-0.012441626749932766
42,14,18,0.9722604155540466,0.3333469033241272,0.8194136619567871,0.7275910973548889,8.10173225402832,1.2477009296417236,0.21858060359954834,-0.02565530315041542
42,15,19,0.3712920546531677,0.2902897596359253,0.9948253035545349,0.6354386806488037,39.338748931884766,1.0952461957931519,0.03086930327117443,-0.013108670711517334
42,16,21,0.3798345625400543,0.23315444588661194,0.9333666563034058,0.7838782668113708,6.5253400802612305,1.2333325147628784,-0.04604293406009674,0.0156549159437418
42,17,22,0.32571297883987427,0.457274466753006,0.9264283776283264,0.6048107147216797,4.749471664428711,1.3207017183303833,0.011896681971848011,-0.011827901005744934
42,18,23,0.3720383048057556,0.26165473461151123,0.9519397616386414,0.7646813988685608,7.57075834274292,1.1425745487213135,-0.058494001626968384,-0.00716949999332428
42,19,25,0.3567041754722595,0.3320755958557129,0.9363389015197754,0.7418621778488159,5.156467437744141,1.5173454284667969,-0.007168300449848175,0.009263674728572369
42,20,26,0.3725060820579529,0.5167663097381592,0.934198260307312,0.6652109622955322,4.680918216705322,1.6309049129486084,0.1576925814151764,-0.003666380187496543
42,21,27,0.326741099357605,0.39510640501976013,0.9378520250320435,0.7680034637451172,23.07888412475586,1.839085340499878,-0.006469346582889557,-0.02058098278939724
42,22,29,0.47355663776397705,0.6535359621047974,0.9203070402145386,0.6032688021659851,7.421735763549805,1.839812994003296,-0.02140044793486595,0.022543027997016907
42,23,30,0.35753971338272095,0.7622902989387512,0.93431556224823,0.7358969449996948,4.938549995422363,2.9756274223327637,-0.028404448181390762,0.008745310828089714
42,24,31,0.4155600070953369,1.429579734802246,0.921172022819519,0.6679166555404663,5.611593246459961,4.4579548835754395,-0.05742533877491951,-0.011154690757393837
42,25,32,0.38380295038223267,2.0474212169647217,0.9196668267250061,0.6926648616790771,4.610898971557617,9.639873504638672,-0.0299433171749115,-0.024251073598861694
42,26,34,0.4534880816936493,5.046004772186279,0.898773193359375,0.45568063855171204,4.374862194061279,7.360650539398193,0.06729841232299805,-0.012670734897255898
42,27,35,0.4135143458843231,4.382390022277832,0.8899558782577515,0.46980220079421997,7.505857467651367,6.993206024169922,-0.2951135039329529,0.00803206767886877
43,0,0,0.6762809157371521,0.027219826355576515,0.9999289512634277,0.9182191491127014,5255.3720703125,0.24473249912261963,-0.12634605169296265,0.0006817405810579658
43,1,1,0.3352940082550049,0.03024551086127758,0.9982367753982544,0.8786231279373169,117.50837707519531,0.19712799787521362,-0.015723753720521927,0.0029516450595110655
43,2,3,0.49960562586784363,0.11653759330511093,0.9570768475532532,0.7598154544830322,8.68016242980957,0.5135971307754517,-0.011217022314667702,-0.00436008395627141
43,3,4,0.49980759620666504,0.14764153957366943,0.9267619848251343,0.7481144070625305,6.7005720138549805,0.5411742925643921,-0.025966284796595573,0.022427404299378395
43,4,5,0.6027601361274719,0.267579048871994,0.8829782009124756,0.6218941807746887,5.930644512176514,0.6777915954589844,-0.022731054574251175,-0.00785612128674984
43,5,6,0.4484862685203552,0.30399805307388306,0.9031496644020081,0.6715680360794067,5.7815961837768555,0.8867557048797607,-0.1038183718919754,-0.004594502970576286
43,6,8,0.8275101184844971,0.18361566960811615,0.8569232821464539,0.713988184928894,5.309260368347168,0.7347649931907654,0.03732369840145111,0.013092948123812675
43,7,9,0.4899179935455322,0.2014211267232895,0.9763971567153931,0.6560633182525635,13.202649116516113,0.645542323589325,-0.009666385129094124,0.008000445552170277
43,8,10,0.6450496912002563,0.24678261578083038,0.8950792551040649,0.7135315537452698,6.02932071685791,0.963207483291626,-0.0073287817649543285,-0.009503072127699852
43,9,12,0.5580071806907654,0.23929014801979065,0.9088899493217468,0.7087124586105347,6.378768444061279,0.9338365793228149,0.003032068256288767,-0.014220568351447582
43,10,13,0.5268859267234802,0.3448752164840698,0.9126084446907043,0.6253862380981445,6.377081871032715,1.0047205686569214,0.03419598937034607,-0.013067456893622875
43,11,14,0.5471996068954468,0.24214302003383636,0.9201717376708984,0.7242106199264526,7.5008392333984375,0.9389944076538086,-0.02041974663734436,0.016435887664556503
43,12,16,0.5169699192047119,0.2760685086250305,0.8951456546783447,0.7319400310516357,6.461719512939453,0.9957776069641113,0.032393112778663635,-0.005386698991060257
43,13,17,0.4881540536880493,0.2181915044784546,0.9219087958335876,0.7558375597000122,6.082164764404297,1.0168194770812988,0.0011683838674798608,0.0014199074357748032
43,14,18,0.9885755181312561,0.35601353645324707,0.8180267810821533,0.7054260969161987,8.195720672607422,1.2833013534545898,0.21709094941616058,-0.025074973702430725
43,15,19,0.3967230021953583,0.3269030451774597,0.9944456219673157,0.604805588722229,40.389129638671875,1.1412684917449951,-0.015773318707942963,-0.008538655936717987
43,16,21,0.4257030487060547,0.26516473293304443,0.9301764965057373,0.7648735642433167,6.635932445526123,1.3474972248077393,-0.005742201115936041,-0.007814121432602406
43,17,22,0.34681445360183716,0.4871077537536621,0.9247355461120605,0.5874794125556946,5.024548530578613,1.3845142126083374,0.01654726266860962,-0.004580376669764519
43,18,23,0.4013797640800476,0.29740995168685913,0.9493144750595093,0.7436485290527344,7.788914680480957,1.2114050388336182,-0.05814465135335922,-0.011454533785581589
43,19,25,0.3406471610069275,0.3703886866569519,0.9400066137313843,0.7183473110198975,5.060014724731445,1.5848126411437988,0.02395019121468067,-0.009748058393597603
43,20,26,0.41956081986427307,0.6035469174385071,0.9284693002700806,0.6278818249702454,4.944154739379883,1.7439167499542236,0.12830591201782227,-0.006743139121681452
43,21,27,0.3601522147655487,0.45026034116744995,0.9388394355773926,0.7529505491256714,23.98306655883789,1.9156606197357178,-0.052720971405506134,-0.006820111069828272
43,22,29,0.48909619450569153,0.691440224647522,0.920246958732605,0.5682353973388672,7.500277519226074,1.9039430618286133,-0.010328092612326145,0.007940253242850304
43,23,30,0.36837172508239746,0.8350985050201416,0.934873640537262,0.7096173763275146,5.130375385284424,3.089930772781372,-0.03260967880487442,-0.013683632016181946
43,24,31,0.439064085483551,1.6232088804244995,0.9198029637336731,0.6317421793937683,5.791956901550293,4.643279075622559,-0.04594670236110687,-0.0036872639320790768
43,25,32,0.406756192445755,2.355130910873413,0.9171944260597229,0.6579947471618652,4.756623268127441,10.148308753967285,-0.028151918202638626,-0.023477405309677124
43,26,34,0.5265515446662903,5.98784875869751,0.8910267353057861,0.36746665835380554,4.587349891662598,8.012674331665039,0.08607123792171478,0.002175313653424382
43,27,35,0.4758951961994171,5.414068222045898,0.8858976364135742,0.4172707200050354,7.6243391036987305,7.9424729347229,-0.26656264066696167,0.005207760259509087
44,0,0,0.6391212344169617,0.02326982468366623,0.9999328851699829,0.9302809238433838,5256.39306640625,0.24023506045341492,-0.12640918791294098,0.0035781413316726685
44,1,1,0.3361172676086426,0.03156573325395584,0.9982308745384216,0.8745514750480652,117.15565490722656,0.20011769235134125,-0.01269521377980709,0.0013835960999131203
44,2,3,0.510494589805603,0.1189722791314125,0.9561374187469482,0.7585460543632507,8.718767166137695,0.5170019268989563,-0.01865551806986332,-0.008384106680750847
44,3,4,0.4983469843864441,0.14465147256851196,0.9260674118995667,0.7461755871772766,6.654475688934326,0.5318673849105835,-0.02681822143495083,0.012189332395792007
44,4,5,0.606136679649353,0.2667103707790375,0.8813879489898682,0.6177796721458435,5.770327568054199,0.6651955842971802,-0.004963190760463476,-0.0003508422523736954
44,5,6,0.46702122688293457,0.3130643665790558,0.8971030712127686,0.6499208211898804,5.6767096519470215,0.8522360324859619,-0.09854704886674881,0.0068916091695427895
44,6,8,0.8166428804397583,0.19170871376991272,0.8545329570770264,0.6995797157287598,5.214760780334473,0.7272054553031921,0.0361262746155262,0.0054914928041398525
44,7,9,0.5140330195426941,0.21115010976791382,0.975186824798584,0.6335083246231079,13.188291549682617,0.6461457014083862,-0.010728192515671253,0.016830824315547943
44,8,10,0.6625450849533081,0.26073557138442993,0.8870513439178467,0.7022060751914978,5.845706939697266,0.9611930847167969,-0.012571098282933235,-0.00026952987536787987
44,9,12,0.581403911113739,0.2613607347011566,0.8992887139320374,0.6781154870986938,5.973837852478027,0.9313281178474426,0.005443289875984192,0.0012568377424031496
44,10,13,0.564556360244751,0.37283480167388916,0.8985939621925354,0.5992201566696167,6.168221473693848,1.0434753894805908,0.014052106067538261,-0.02050391025841236
44,11,14,0.5759932994842529,0.2561948597431183,0.9090347290039062,0.7093906998634338,7.100223064422607,0.9530540108680725,-0.024672409519553185,0.01203286275267601
44,12,16,0.5581645965576172,0.29030749201774597,0.885482668876648,0.7265095114707947,6.424918174743652,1.0216255187988281,-0.002007463714107871,-0.004247331991791725
44,13,17,0.5104233026504517,0.22747835516929626,0.9150463342666626,0.7468855977058411,5.9709930419921875,1.0092320442199707,-0.017448704689741135,-0.0022299722768366337
44,14,18,1.0150560140609741,0.36043137311935425,0.8124727606773376,0.7034152746200562,8.391500473022461,1.2826439142227173,0.20391745865345,-0.032930340617895126
44,15,19,0.4091854691505432,0.3212594985961914,0.994286298751831,0.5957605838775635,39.30487060546875,1.1068992614746094,0.03217189013957977,-0.020010724663734436
44,16,21,0.43384137749671936,0.2623059153556824,0.9227625131607056,0.7513679265975952,6.532639980316162,1.26693856716156,-0.03810388222336769,-0.0016630042809993029
44,17,22,0.34558892250061035,0.4777543544769287,0.9198625087738037,0.5835718512535095,4.634575843811035,1.3384881019592285,0.020745348185300827,-0.0037584099918603897
44,18,23,0.3939255177974701,0.2843329906463623,0.9480938911437988,0.7416861057281494,7.576918601989746,1.1612194776535034,-0.06784004718065262,-0.005064322613179684
44,19,25,0.35719555616378784,0.36193108558654785,0.9330319166183472,0.7201120257377625,5.077495574951172,1.547694206237793,0.0006194749148562551,0.0054940348491072655
44,20,26,0.4021090865135193,0.6033930778503418,0.9252614974975586,0.6263669729232788,4.592019081115723,1.6998926401138306,0.16247859597206116,0.008075010031461716
44,21,27,0.35339900851249695,0.44418835639953613,0.9291924238204956,0.7404206991195679,23.34197235107422,1.8785438537597656,-0.009256755001842976,-0.015739284455776215
44,22,29,0.49818527698516846,0.6789738535881042,0.9133361577987671,0.5703189373016357,7.468673229217529,1.86328125,-0.023564910516142845,0.007856962271034718
44,23,30,0.37109750509262085,0.8079043626785278,0.9300953149795532,0.7112852334976196,4.870661735534668,2.9850659370422363,-0.019487805664539337,0.0100252665579319
44,24,31,0.43199002742767334,1.5577746629714966,0.9170346856117249,0.6246342062950134,5.599725723266602,4.372796535491943,-0.06397047638893127,-0.01028679870069027
44,25,32,0.39647066593170166,2.1931257247924805,0.9129654765129089,0.6520513296127319,4.522791862487793,9.434516906738281,-0.027135424315929413,-0.029710061848163605
44,26,34,0.48703983426094055,5.269277095794678,0.885810136795044,0.38560372591018677,4.27093505859375,7.324512481689453,0.08618099987506866,-0.005815492011606693
44,27,35,0.44677314162254333,4.8187994956970215,0.8836507797241211,0.41802260279655457,7.507768154144287,7.012159824371338,-0.28518182039260864,0.004872025456279516
45,0,0,0.6517482995986938,0.02453426457941532,0.9999315738677979,0.9257381558418274,5257.57421875,0.2386561930179596,-0.12682223320007324,0.00870855338871479
45,1,1,0.34775829315185547,0.03207293525338173,0.9981689453125,0.8737160563468933,117.22535705566406,0.20151939988136292,-0.014228939078748226,-0.0019329532515257597
45,2,3,0.5268361568450928,0.120592400431633,0.9547692537307739,0.7535029649734497,8.658330917358398,0.5220729112625122,-0.017089828848838806,-0.012872436083853245
45,3,4,0.5087814331054688,0.14327062666416168,0.9234926700592041,0.7508500218391418,6.5938568115234375,0.5422143936157227,-0.031942956149578094,0.020495818927884102
45,4,5,0.6099470853805542,0.2697192430496216,0.8797441124916077,0.6196186542510986,5.810159683227539,0.6936988830566406,-0.011518705636262894,-0.008587121963500977
45,5,6,0.44968345761299133,0.30788516998291016,0.8996238112449646,0.6684194803237915,5.659804344177246,0.8746905326843262,-0.10222108662128448,0.005723931826651096
45,6,8,0.8333853483200073,0.180799201130867,0.8562828898429871,0.7123908400535583,5.289552688598633,0.7328101396560669,0.033085256814956665,0.008094444870948792
45,7,9,0.4823044538497925,0.18545371294021606,0.9761934280395508,0.6819449663162231,12.883153915405273,0.6509451866149902,-0.002045851666480303,0.011457912623882294
45,8,10,0.6505506038665771,0.23570305109024048,0.891665518283844,0.723003625869751,5.942301273345947,0.9529290795326233,-0.017427191138267517,-0.005882772617042065
45,9,12,0.5351170897483826,0.2299627959728241,0.9071992635726929,0.7158443927764893,5.925400733947754,0.8813772201538086,0.01031973771750927,-0.00016816449351608753
45,10,13,0.5324256420135498,0.3253134787082672,0.9078204035758972,0.636252760887146,6.117570877075195,1.0156288146972656,0.02446584962308407,-0.017548786476254463
45,11,14,0.522182285785675,0.21286015212535858,0.913313627243042,0.7474504709243774,6.80064582824707,0.8906774520874023,-0.01605365425348282,0.0245618037879467
45,12,16,0.519875168800354,0.2662043571472168,0.8927708268165588,0.7521727681159973,6.410618782043457,0.9640539288520813,0.005817846395075321,0.014357253909111023
45,13,17,0.46958139538764954,0.19607561826705933,0.9228636026382446,0.7773729562759399,6.005359649658203,1.0120887756347656,-0.015149923041462898,-0.008743598125874996
45,14,18,1.0292997360229492,0.3326602578163147,0.815951406955719,0.734917163848877,8.23232650756836,1.2679734230041504,0.21829095482826233,-0.02176143042743206
45,15,19,0.36264684796333313,0.2853902578353882,0.9949427843093872,0.6397705078125,39.90410614013672,1.0979435443878174,0.007867737673223019,0.006046729162335396
45,16,21,0.38991013169288635,0.2292829155921936,0.9335407018661499,0.7890050411224365,6.661506175994873,1.282013177871704,-0.04849448800086975,-0.0006122511113062501
45,17,22,0.32577264308929443,0.4728788733482361,0.9248436689376831,0.602596640586853,4.590686798095703,1.3460568189620972,0.02197127975523472,0.00916832685470581
45,18,23,0.37619882822036743,0.2723328471183777,0.9498187899589539,0.7601902484893799,7.4438018798828125,1.1676445007324219,-0.0652189701795578,-0.002393449889495969
45,19,25,0.33721837401390076,0.3374072015285492,0.9370075464248657,0.7365087270736694,5.055121421813965,1.5292974710464478,-0.004105233587324619,0.006357797421514988
45,20,26,0.36439836025238037,0.5242617726325989,0.9316001534461975,0.664884626865387,4.557046890258789,1.6248455047607422,0.15618965029716492,0.008688520640134811
45,21,27,0.3202006220817566,0.4008027911186218,0.935387134552002,0.7692847847938538,22.901092529296875,1.8115187883377075,-0.0006053911056369543,-0.02252005971968174
45,22,29,0.46816903352737427,0.6668432950973511,0.916683554649353,0.5890499353408813,7.217121601104736,1.852696180343628,-0.020693082362413406,0.011200187727808952
45,23,30,0.33699285984039307,0.7771774530410767,0.9359749555587769,0.7326945066452026,4.750389099121094,3.027477264404297,-0.017910266295075417,0.006438173819333315
45,24,31,0.3946954011917114,1.45039963722229,0.9213030338287354,0.6653174757957458,5.540938854217529,4.535290241241455,-0.07120859622955322,-0.014006838202476501
45,25,32,0.3631170392036438,2.049574375152588,0.9191389679908752,0.7036244869232178,4.444462299346924,9.945384979248047,-0.017327452078461647,-0.02484583668410778
45,26,34,0.4656127691268921,5.310225486755371,0.8906080722808838,0.4290313720703125,4.259379863739014,7.265028953552246,0.07006841897964478,0.003724446054548025
45,27,35,0.4210241138935089,4.600444793701172,0.8913255929946899,0.4646836519241333,7.486250877380371,7.089353561401367,-0.2910812199115753,0.003074271371588111
46,0,0,0.6355960369110107,0.02391492761671543,0.9999331831932068,0.929061770439148,5258.6201171875,0.24611005187034607,-0.1275469958782196,0.004098372999578714
46,1,1,0.33710283041000366,0.029502157121896744,0.9982275366783142,0.8826690912246704,117.45841979980469,0.20140331983566284,-0.014953299425542355,-0.005637852009385824
46,2,3,0.4903057813644409,0.11089184880256653,0.9590375423431396,0.7731521725654602,8.959338188171387,0.5160204172134399,-0.02848658710718155,-0.01654680073261261
46,3,4,0.4824061393737793,0.12809939682483673,0.9309787750244141,0.7720381021499634,6.827402114868164,0.5322771072387695,-0.02384691685438156,0.013950256630778313
46,4,5,0.5777406692504883,0.24865686893463135,0.8884512186050415,0.6503722071647644,5.8101372718811035,0.6859385967254639,0.00622607721015811,-0.014329362660646439
46,5,6,0.4335416555404663,0.2811581492424011,0.9072046875953674,0.6927876472473145,5.852003574371338,0.8535507917404175,-0.10420210659503937,0.020100243389606476
46,6,8,0.7820271849632263,0.16715046763420105,0.8642022609710693,0.7332762479782104,5.410475730895996,0.7181503772735596,0.02914053574204445,0.011856957338750362
46,7,9,0.4730304181575775,0.1875661462545395,0.9769514799118042,0.680337131023407,13.056955337524414,0.6288986206054688,-0.004819856956601143,0.01672210916876793
46,8,10,0.6599258184432983,0.23517665266990662,0.8932188749313354,0.7345978021621704,6.043329238891602,0.9600728750228882,-0.013139177113771439,-0.0017692575929686427
46,9,12,0.5313125252723694,0.23598089814186096,0.9094092845916748,0.7041749358177185,6.095638275146484,0.888461172580719,0.01166975125670433,-0.0001615351065993309
46,10,13,0.5410549640655518,0.33096426725387573,0.9068771600723267,0.64293372631073,6.257865905761719,1.0263832807540894,0.024385392665863037,-0.0163597259670496
46,11,14,0.5315423011779785,0.2115635871887207,0.9140552282333374,0.7532661557197571,7.170553207397461,0.9091858863830566,-0.030946752056479454,0.0275436844676733
46,12,16,0.5377813577651978,0.2745668292045593,0.8917491436004639,0.743043839931488,6.651144981384277,0.9959250688552856,0.005026339553296566,-0.00847532693296671
46,13,17,0.48764580488204956,0.20902612805366516,0.9214913845062256,0.7718798518180847,6.181899070739746,1.0321859121322632,-0.01744311861693859,-0.007231454364955425
46,14,18,1.0402016639709473,0.3543282151222229,0.8100356459617615,0.7138258218765259,8.348955154418945,1.299635410308838,0.1994229406118393,-0.031617291271686554
46,15,19,0.3853062391281128,0.30624687671661377,0.994638204574585,0.6231428384780884,39.73745346069336,1.1262500286102295,0.017207181081175804,-0.0037638915237039328
46,16,21,0.4539843797683716,0.26413145661354065,0.9250127673149109,0.771020770072937,6.791713237762451,1.311321496963501,-0.04027637094259262,0.012697955593466759
46,17,22,0.35612115263938904,0.5030021667480469,0.9231458902359009,0.6052899360656738,4.775226593017578,1.4230674505233765,0.03688129410147667,-0.006918305065482855
46,18,23,0.40608566999435425,0.28535160422325134,0.9481617212295532,0.7560001611709595,7.673837661743164,1.200352668762207,-0.05488394945859909,0.007818460464477539
46,19,25,0.37063199281692505,0.34101516008377075,0.9357075691223145,0.7347601652145386,5.211681365966797,1.568071961402893,0.0017551382770761847,0.005435998551547527
46,20,26,0.4416356086730957,0.52031409740448,0.9270567893981934,0.6604712009429932,4.860276222229004,1.6288402080535889,0.16020527482032776,0.010547078214585781
46,21,27,0.3895091414451599,0.4218011498451233,0.9298995733261108,0.7597870826721191,22.7447566986084,1.8997550010681152,0.012442883104085922,-0.025261301547288895
46,22,29,0.5129290223121643,0.6552814245223999,0.9162014722824097,0.5959871411323547,7.536618709564209,1.8273297548294067,-0.017993692308664322,0.024045836180448532
46,23,30,0.399983286857605,0.7500660419464111,0.9312414526939392,0.7356663942337036,5.04877233505249,2.983532428741455,-0.016730638220906258,0.004507690668106079
46,24,31,0.4331715703010559,1.422325849533081,0.9204176664352417,0.6672492027282715,5.6885762214660645,4.4022650718688965,-0.048455171287059784,-0.008539453148841858
46,25,32,0.38996422290802,2.025796413421631,0.9187766313552856,0.6954022645950317,4.735185146331787,9.609416961669922,-0.026728935539722443,-0.025613684207201004
46,26,34,0.45099642872810364,4.903064727783203,0.9012525081634521,0.45176899433135986,4.5224456787109375,7.157822132110596,0.06544071435928345,-0.004491516388952732
46,27,35,0.42375829815864563,4.448413372039795,0.8946213126182556,0.48094674944877625,7.706845283508301,6.922796249389648,-0.2901463210582733,0.007315230555832386
47,0,0,0.6147811412811279,0.020138675346970558,0.9999354481697083,0.9404596090316772,5258.56884765625,0.23853829503059387,-0.12699294090270996,0.0042869397439062595
47,1,1,0.32440245151519775,0.02851240709424019,0.998292088508606,0.8876869082450867,117.20123291015625,0.2058347910642624,-0.01315816305577755,-0.005884392186999321
47,2,3,0.4987935423851013,0.1083238273859024,0.9571932554244995,0.7856447696685791,8.769287109375,0.5225286483764648,-0.026655888184905052,-0.010382972657680511
47,3,4,0.47486042976379395,0.12989309430122375,0.9282116889953613,0.7750433683395386,6.591822624206543,0.536149263381958,-0.029771624132990837,0.013630086556077003
47,4,5,0.5759663581848145,0.240333691239357,0.8876054286956787,0.6518703699111938,5.832563400268555,0.6703096032142639,-0.00991140492260456,-0.014594031497836113
47,5,6,0.44019097089767456,0.2996380925178528,0.9042021036148071,0.6860136389732361,5.692595481872559,0.8679254055023193,-0.0949232429265976,0.006763186305761337
47,6,8,0.7838412523269653,0.17012593150138855,0.8652338981628418,0.7274442911148071,5.289610862731934,0.7227600812911987,0.03602192550897598,0.007486699149012566
47,7,9,0.4864066541194916,0.18822996318340302,0.9762975573539734,0.6843022108078003,13.096000671386719,0.649920642375946,-0.009389245882630348,0.01101706176996231
47,8,10,0.6563761234283447,0.24062837660312653,0.8943641185760498,0.726517915725708,5.965275764465332,0.9618409872055054,-0.008136821910738945,-0.007971352897584438
47,9,12,0.5415787696838379,0.2320745289325714,0.9092284440994263,0.7152916193008423,6.036325454711914,0.8864728212356567,0.017380326986312866,-0.008307559415698051
47,10,13,0.5305489301681519,0.32461899518966675,0.9096473455429077,0.6410931348800659,6.143289566040039,1.008376955986023,0.032329410314559937,-0.016468215733766556
47,11,14,0.5390986204147339,0.22449730336666107,0.9131060838699341,0.740205705165863,6.955229759216309,0.9159711003303528,-0.014310027472674847,0.03004273772239685
47,12,16,0.5291199684143066,0.27298569679260254,0.8898589015007019,0.7384437322616577,6.362029075622559,0.9954685568809509,0.01861933246254921,-0.003053077030926943
47,13,17,0.4864102005958557,0.20517130196094513,0.9192521572113037,0.7707054018974304,5.995171546936035,1.0149651765823364,-0.011642824858427048,-0.003772987052798271
47,14,18,1.017591953277588,0.34005647897720337,0.811768114566803,0.7261898517608643,8.098132133483887,1.2781527042388916,0.21431684494018555,-0.028277020901441574
47,15,19,0.38036954402923584,0.28595101833343506,0.9946998953819275,0.6308262348175049,39.68491744995117,1.0875141620635986,0.01609031856060028,-0.00274357246235013
47,16,21,0.4213985204696655,0.24406613409519196,0.9247626066207886,0.7726408243179321,6.420350074768066,1.2979212999343872,-0.03373346105217934,-0.006698033306747675
47,17,22,0.34037643671035767,0.4336230754852295,0.9214515686035156,0.6181175708770752,4.592470169067383,1.3318688869476318,0.017052479088306427,0.004413784481585026
47,18,23,0.38144344091415405,0.27079832553863525,0.9490170478820801,0.7578004598617554,7.4379987716674805,1.172987461090088,-0.06158092990517616,-0.007588742300868034
47,19,25,0.35338056087493896,0.33431461453437805,0.9348617792129517,0.7441121339797974,4.999635696411133,1.5523244142532349,0.007738105487078428,0.019171135500073433
47,20,26,0.3937308192253113,0.5467010736465454,0.9254375696182251,0.6605957746505737,4.59976863861084,1.6825909614562988,0.14112550020217896,0.005259410478174686
47,21,27,0.3554546535015106,0.4207749366760254,0.9270586967468262,0.7568013668060303,22.723590850830078,1.8643739223480225,0.0013214603532105684,-0.018685707822442055
47,22,29,0.5006924867630005,0.6217756271362305,0.9115114808082581,0.6100678443908691,7.174374580383301,1.862164855003357,-0.011168323457241058,0.012676061131060123
47,23,30,0.36475369334220886,0.7224594354629517,0.9294353723526001,0.743486225605011,4.686502456665039,2.970278024673462,-0.02065178193151951,0.00499467458575964
47,24,31,0.4206346869468689,1.3772592544555664,0.9188744425773621,0.6719303131103516,5.496343612670898,4.372787952423096,-0.06051245704293251,-0.006744740530848503
47,25,32,0.37831616401672363,1.937269687652588,0.9156781435012817,0.7061502933502197,4.422969341278076,9.458853721618652,-0.025526711717247963,-0.029250947758555412
47,26,34,0.45549559593200684,4.839992523193359,0.8888617157936096,0.4616730213165283,4.185384750366211,7.138172626495361,0.07363958656787872,-0.000979528296738863
47,27,35,0.4142008423805237,4.260933876037598,0.8855800628662109,0.48179101943969727,7.274044036865234,6.696021556854248,-0.28810369968414307,0.004856554325670004
48,0,0,0.6669026613235474,0.023528188467025757,0.9999299049377441,0.9274448156356812,5256.43994140625,0.25076839327812195,-0.12608793377876282,0.0037222045939415693
48,1,1,0.376370370388031,0.03352651372551918,0.9980179071426392,0.8724561333656311,117.34451293945312,0.2057105153799057,-0.016695275902748108,-0.009597104042768478
48,2,3,0.5869726538658142,0.13980942964553833,0.9532761573791504,0.7377627491950989,9.137253761291504,0.5256600379943848,-0.020357973873615265,-0.031085841357707977
48,3,4,0.5533607602119446,0.1527075171470642,0.9212586879730225,0.7195975184440613,6.878435134887695,0.5299990177154541,-0.02975817583501339,0.018906913697719574
48,4,5,0.6515376567840576,0.27446413040161133,0.876761794090271,0.6069391965866089,5.999795436859131,0.7042326927185059,0.009520042687654495,-0.01593734696507454
48,5,6,0.5197088122367859,0.31079840660095215,0.8900924921035767,0.6597996354103088,5.78524112701416,0.8783036470413208,-0.08787532150745392,0.004039493855088949
48,6,8,0.9263302683830261,0.21720516681671143,0.8425922989845276,0.6833257675170898,5.6464948654174805,0.7484080791473389,0.02466903254389763,0.003940403927117586
48,7,9,0.54133141040802,0.2296600639820099,0.9729006290435791,0.6131013631820679,12.950530052185059,0.6613543033599854,-0.01625930890440941,0.019106794148683548
48,8,10,0.8569068908691406,0.31012436747550964,0.8707302808761597,0.6862990260124207,6.103292465209961,1.0302072763442993,0.03327574580907822,0.010937989689409733
48,9,12,0.6303918361663818,0.272458016872406,0.8960391283035278,0.6724793314933777,6.183622360229492,0.9207109212875366,0.003999644890427589,-0.01667352020740509
48,10,13,0.6253928542137146,0.3891602158546448,0.8953235149383545,0.6165731549263,6.052463054656982,1.123182773590088,0.05955640226602554,-0.01156134158372879
48,11,14,0.5962440371513367,0.24479208886623383,0.9018294811248779,0.712795615196228,6.922212600708008,0.9185057878494263,-0.028246358036994934,0.014691917225718498
48,12,16,0.698021650314331,0.36541056632995605,0.8722640872001648,0.7114818096160889,6.857482433319092,1.166999340057373,0.017051510512828827,-0.019335530698299408
48,13,17,0.541187047958374,0.23911496996879578,0.9143658876419067,0.7615790963172913,6.639638900756836,1.149139165878296,-0.04164575785398483,-0.006085093133151531
48,14,18,1.1966477632522583,0.4189159870147705,0.8070615530014038,0.6951056718826294,8.258309364318848,1.4246350526809692,0.2179715782403946,-0.05157054215669632
48,15,19,0.43110811710357666,0.30385202169418335,0.9939822554588318,0.604215145111084,40.222564697265625,1.2191249132156372,0.0069656530395150185,-0.0018070291262120008
48,16,21,0.5454967617988586,0.30862560868263245,0.9169425964355469,0.7662965059280396,7.03294563293457,1.4856045246124268,-0.018016137182712555,0.005283434875309467
48,17,22,0.42540448904037476,0.48736435174942017,0.9157699346542358,0.5870316028594971,5.079433917999268,1.4840439558029175,0.03118511661887169,-0.02639371156692505
48,18,23,0.4824492037296295,0.3294324278831482,0.9386477470397949,0.7419444918632507,7.829766750335693,1.3307133913040161,-0.07946941256523132,-0.005026820581406355
48,19,25,0.44247281551361084,0.37720930576324463,0.9288185238838196,0.699806809425354,5.412860870361328,1.5845904350280762,0.054228588938713074,0.02003803849220276
48,20,26,0.470500111579895,0.5602039098739624,0.9211256504058838,0.6181880235671997,4.898275375366211,1.628363847732544,0.15421947836875916,0.020030222833156586
48,21,27,0.4145645201206207,0.4750511646270752,0.917904257774353,0.7463278770446777,21.791030883789062,2.0054962635040283,0.04891671612858772,0.014952190220355988
48,22,29,0.6183384656906128,0.8650361895561218,0.9019005298614502,0.5093103647232056,7.562179088592529,1.9544382095336914,-0.013529261574149132,0.018946301192045212
48,23,30,0.4541303217411041,0.8362459540367126,0.9255070090293884,0.7011922597885132,5.430051803588867,3.128872871398926,-0.03186389058828354,0.019868826493620872
48,24,31,0.4851321578025818,1.6135704517364502,0.9110042452812195,0.6221803426742554,5.973540306091309,4.843747615814209,-0.06334148347377777,-0.006298558786511421
48,25,32,0.4663507342338562,2.2859668731689453,0.9058611392974854,0.6648781895637512,4.953220367431641,10.510778427124023,-0.004378914833068848,-0.026367604732513428
48,26,34,0.62062668800354,5.7618937492370605,0.8716793060302734,0.4065322279930115,4.459715843200684,8.203496932983398,0.09967891871929169,0.0023292582482099533
48,27,35,0.5702513456344604,5.294152736663818,0.8638507127761841,0.42219310998916626,7.563437461853027,8.006094932556152,-0.26382648944854736,-0.007355294656008482
49,0,0,0.6467739939689636,0.01958424225449562,0.999932050704956,0.9375524520874023,5257.3486328125,0.24515444040298462,-0.126183420419693,0.009740548208355904
49,1,1,0.36959168314933777,0.03161821514368057,0.9980531930923462,0.8798736333847046,117.28620147705078,0.20541131496429443,-0.01597626879811287,-0.00434371642768383
49,2,3,0.5978631377220154,0.14000089466571808,0.9525355100631714,0.7505660057067871,9.124107360839844,0.5420771837234497,-0.013476599007844925,-0.029779743403196335
49,3,4,0.5660334825515747,0.15608488023281097,0.9196420907974243,0.7213801145553589,6.933594703674316,0.5406286716461182,-0.029197707772254944,0.012138002552092075
49,4,5,0.6499127149581909,0.2585412263870239,0.8789448142051697,0.6230967044830322,6.174495697021484,0.7103562355041504,0.009840665385127068,-0.029687335714697838
49,5,6,0.5297141671180725,0.28973883390426636,0.8887835741043091,0.6749839782714844,5.857721328735352,0.8876380920410156,-0.0845351293683052,-0.006675082258880138
49,6,8,0.919707179069519,0.20467281341552734,0.8468982577323914,0.6860503554344177,5.720836639404297,0.7431491613388062,0.027728743851184845,0.007079300470650196
49,7,9,0.5244666934013367,0.20287324488162994,0.9736903309822083,0.6189308762550354,13.012178421020508,0.6208118200302124,-0.01617603376507759,0.02812044695019722
49,8,10,0.8858293294906616,0.31410759687423706,0.8729273676872253,0.6766843199729919,6.23797607421875,1.009536623954773,0.03634164482355118,0.005521031562238932
49,9,12,0.625626802444458,0.25353503227233887,0.8962026834487915,0.6779459118843079,6.221976280212402,0.8594202399253845,-0.014076181687414646,-0.009803153574466705
49,10,13,0.6305465698242188,0.3637341856956482,0.893764853477478,0.6135499477386475,6.153872489929199,1.058374285697937,0.04903234913945198,-0.00019140355288982391
49,11,14,0.5489879846572876,0.22665004432201385,0.9086890816688538,0.6945107579231262,6.799698829650879,0.8333784937858582,-0.02217731438577175,0.014822721481323242
49,12,16,0.7152485847473145,0.35723233222961426,0.8694921731948853,0.6978214979171753,6.9116716384887695,1.0843403339385986,0.02462932839989662,-0.006662182044237852
49,13,17,0.5324069261550903,0.24755904078483582,0.9158474802970886,0.7422928810119629,6.683078289031982,1.0992176532745361,-0.05759160593152046,-0.003066115314140916
49,14,18,1.3112010955810547,0.4181827902793884,0.79808509349823,0.6903396844863892,8.540701866149902,1.3647332191467285,0.20332258939743042,-0.04307064414024353
49,15,19,0.44943657517433167,0.31704431772232056,0.9937031269073486,0.5766242146492004,40.67826461791992,1.1928223371505737,-0.014198441058397293,-0.009097466245293617
49,16,21,0.5837176442146301,0.32126832008361816,0.9045722484588623,0.7363791465759277,6.789798736572266,1.3998526334762573,-0.02872571162879467,0.015475388616323471
49,17,22,0.44281935691833496,0.5179896950721741,0.9080506563186646,0.5637074112892151,4.912598609924316,1.4765522480010986,0.027037641033530235,-0.010725149884819984
49,18,23,0.4751089811325073,0.3305777907371521,0.9404031038284302,0.7263401746749878,7.940935134887695,1.291410207748413,-0.07049737870693207,-0.01103440672159195
49,19,25,0.4750412702560425,0.390561580657959,0.9230930805206299,0.6811128854751587,5.536243438720703,1.5863800048828125,0.028087351471185684,0.007172510027885437
49,20,26,0.5270712375640869,0.5655430555343628,0.9077743291854858,0.6022049188613892,4.821673393249512,1.5711369514465332,0.15573634207248688,0.02015834115445614
49,21,27,0.453072190284729,0.48396897315979004,0.9080920219421387,0.7223290205001831,21.69546127319336,1.8965363502502441,0.071378692984581,0.02810765989124775
49,22,29,0.6566680073738098,0.8404356241226196,0.8938449025154114,0.5109893083572388,7.53740930557251,1.887753963470459,-0.011111445724964142,0.039962902665138245
49,23,30,0.520188570022583,0.8047845959663391,0.9123894572257996,0.6985071301460266,5.340425491333008,3.0581939220428467,-0.03143797442317009,0.01658189669251442
49,24,31,0.5060702562332153,1.4795773029327393,0.9052963256835938,0.6340052485466003,5.830746173858643,4.730907440185547,-0.05967889726161957,-0.010982539504766464
49,25,32,0.47074997425079346,2.08951735496521,0.9001336097717285,0.6720829010009766,4.853786945343018,10.100406646728516,-0.015266943722963333,-0.017230188474059105
49,26,34,0.563357949256897,5.028520107269287,0.8762681484222412,0.44137388467788696,4.364644527435303,7.70644998550415,0.08937501907348633,0.00038097816286608577
49,27,35,0.5080744028091431,4.754405498504639,0.8691353797912598,0.43786826729774475,7.29703426361084,7.26151180267334,-0.26912301778793335,-0.016124248504638672
50,0,0,0.6520771980285645,0.024205360561609268,0.9999314546585083,0.9279308319091797,5256.67333984375,0.2410873919725418,-0.12633171677589417,-0.0008787206606939435
50,1,1,0.33984488248825073,0.029775455594062805,0.998211681842804,0.8827795386314392,117.34150695800781,0.19860687851905823,-0.014295745640993118,-0.004906286019831896
50,2,3,0.5255486965179443,0.11865682899951935,0.9555191993713379,0.7601205110549927,8.837223052978516,0.5084865689277649,-0.024640830233693123,-0.017156749963760376
50,3,4,0.5106928944587708,0.1488228291273117,0.9223792552947998,0.7348302602767944,6.589113235473633,0.5265268087387085,-0.03580226004123688,0.02161340042948723
50,4,5,0.6138489246368408,0.2643592357635498,0.8763418793678284,0.6059100031852722,5.814462661743164,0.6776549816131592,-0.00392324710264802,-0.004874363541603088
50,5,6,0.47527188062667847,0.3128734230995178,0.893315315246582,0.6555320620536804,5.613779067993164,0.8768614530563354,-0.09429750591516495,0.008725350722670555
50,6,8,0.8649053573608398,0.1999683827161789,0.8491765260696411,0.6938921213150024,5.256801605224609,0.7523390650749207,0.03483404219150543,0.004843571223318577
50,7,9,0.5214055180549622,0.2100813090801239,0.9741222858428955,0.6341032981872559,12.838729858398438,0.6546584367752075,-0.00906884204596281,0.019470099359750748
50,8,10,0.7256432771682739,0.2806631028652191,0.8819465041160583,0.6906698346138,5.945104122161865,0.9901823997497559,-0.019512999802827835,0.006100156344473362
50,9,12,0.5968021750450134,0.25740060210227966,0.897383451461792,0.6809418797492981,5.811629295349121,0.8980242013931274,0.001352356281131506,-0.008825073018670082
50,10,13,0.5686306357383728,0.3645451068878174,0.9020272493362427,0.6052328944206238,6.073201656341553,1.0015766620635986,0.015595069155097008,0.022550957277417183
50,11,14,0.5731737613677979,0.23622657358646393,0.9069933891296387,0.7088293433189392,6.630922317504883,0.8947094678878784,-0.004159333650022745,0.010090786963701248
50,12,16,0.6039384007453918,0.30881890654563904,0.8824834823608398,0.7206655740737915,6.3385419845581055,1.0275578498840332,0.03084634058177471,-0.003741462482139468
50,13,17,0.5207746028900146,0.22762665152549744,0.9154281616210938,0.7569055557250977,6.090662479400635,1.036177396774292,-0.0194912850856781,0.0014888063305988908
50,14,18,1.1917340755462646,0.3847111165523529,0.7998051643371582,0.7144205570220947,8.154253959655762,1.3322985172271729,0.22509747743606567,-0.02379077672958374
50,15,19,0.42056894302368164,0.2975887656211853,0.9941006898880005,0.6180275678634644,39.46763610839844,1.141165018081665,0.01666608452796936,-0.010678237304091454
50,16,21,0.44995659589767456,0.26429057121276855,0.9192370176315308,0.7638360857963562,6.319714546203613,1.2620480060577393,-0.034819379448890686,0.01717575266957283
50,17,22,0.38287240266799927,0.4718131422996521,0.9202481508255005,0.6026886701583862,4.627120018005371,1.42561936378479,0.04105069488286972,-0.02017531916499138
50,18,23,0.4373292624950409,0.29780250787734985,0.9437127113342285,0.7432675361633301,7.534334659576416,1.2024446725845337,-0.0648341178894043,-0.0005173701792955399
50,19,25,0.41641467809677124,0.3479699492454529,0.9285699129104614,0.7225304245948792,5.1971869468688965,1.5676660537719727,0.006572384852916002,0.005949446000158787
50,20,26,0.4289047122001648,0.5209436416625977,0.9224045276641846,0.6448938846588135,4.710132122039795,1.594221591949463,0.13295817375183105,0.007775335106998682
50,21,27,0.36563771963119507,0.44991451501846313,0.9240607619285583,0.7485246062278748,22.477048873901367,1.8809226751327515,0.0070367963053286076,0.01305069774389267
50,22,29,0.552130937576294,0.7505084872245789,0.9074468612670898,0.5519902110099792,7.3613433837890625,1.9201022386550903,-0.019283011555671692,0.014354114420711994
50,23,30,0.3864040970802307,0.7959932088851929,0.9280788898468018,0.7186645269393921,4.8326215744018555,3.054250717163086,-0.015931228175759315,0.004672042094171047
50,24,31,0.4388367533683777,1.523677110671997,0.9153159856796265,0.6429699659347534,5.600956916809082,4.655007839202881,-0.08393839001655579,-0.009674369357526302
50,25,32,0.4195008873939514,2.26911997795105,0.9115777611732483,0.6733141541481018,4.556527137756348,10.373453140258789,-0.012090841308236122,-0.022330310195684433
50,26,34,0.4877275824546814,5.477142333984375,0.8904014229774475,0.41488727927207947,4.251865386962891,7.761951446533203,0.07708846777677536,-0.009856906719505787
50,27,35,0.46403181552886963,4.823408126831055,0.8802003860473633,0.4499445855617523,7.243923187255859,7.364076614379883,-0.2685682475566864,-0.023142565041780472
51,0,0,0.6410937309265137,0.022325515747070312,0.9999326467514038,0.9329229593276978,5257.3310546875,0.24080252647399902,-0.12639129161834717,0.007338174153119326
51,1,1,0.3524988293647766,0.031135674566030502,0.9981435537338257,0.8770347833633423,117.12213897705078,0.20363852381706238,-0.014010271988809109,-0.0020367088727653027
51,2,3,0.5310698747634888,0.11791297793388367,0.9549727439880371,0.7643388509750366,8.885066986083984,0.5239437818527222,-0.02668309211730957,-0.0011744805378839374
51,3,4,0.5090348124504089,0.1428741067647934,0.9252645969390869,0.7528818845748901,6.734959602355957,0.5466898679733276,-0.029357904568314552,0.009985634125769138
51,4,5,0.6295291185379028,0.2605224549770355,0.8777837753295898,0.6368417739868164,5.918916702270508,0.6911641359329224,-0.013689122162759304,-0.0001424936344847083
51,5,6,0.4761137366294861,0.30534812808036804,0.8954246044158936,0.6709638833999634,5.622686386108398,0.878117024898529,-0.0909777581691742,0.007708471268415451
51,6,8,0.857474684715271,0.1783084273338318,0.8519400358200073,0.7227567434310913,5.231205940246582,0.741274356842041,0.04290006309747696,0.014261693693697453
51,7,9,0.5027401447296143,0.1961303949356079,0.9750053882598877,0.6690449118614197,12.827763557434082,0.6787651777267456,-0.003381723538041115,-0.0015539953019469976
51,8,10,0.6673920750617981,0.2600715756416321,0.8914745450019836,0.7144472002983093,5.933487892150879,0.9778808355331421,-0.007792573422193527,0.00031003146432340145
51,9,12,0.5793390274047852,0.24367621541023254,0.9022854566574097,0.706212043762207,6.09984827041626,0.9143908023834229,0.0031907653901726007,-0.0022500306367874146
51,10,13,0.5291543006896973,0.3414720594882965,0.9089041948318481,0.6309689283370972,6.176867485046387,1.0334932804107666,0.035923946648836136,-0.01246492937207222
51,11,14,0.5517457723617554,0.2217009961605072,0.9097017049789429,0.7304403781890869,6.945359230041504,0.8922442197799683,-0.01893717795610428,0.011311592534184456
51,12,16,0.5585055351257324,0.2878139615058899,0.8896917700767517,0.7425863742828369,6.505582809448242,1.0420961380004883,0.01739932969212532,-0.01878221333026886
51,13,17,0.5001710653305054,0.2181294858455658,0.9179821610450745,0.7699434757232666,5.994712829589844,1.0525789260864258,-0.004612307529896498,-0.0008857556385919452
51,14,18,1.1117587089538574,0.3732292652130127,0.8067560195922852,0.7147828340530396,8.140336036682129,1.29982328414917,0.22386224567890167,-0.009035192430019379
51,15,19,0.3968192934989929,0.30870628356933594,0.9944320917129517,0.6159619092941284,39.49911880493164,1.1363334655761719,0.01824772171676159,-0.004111601505428553
51,16,21,0.4436566233634949,0.26049521565437317,0.9219950437545776,0.7688043117523193,6.57069730758667,1.2764978408813477,-0.05009249597787857,0.013920490629971027
51,17,22,0.35879576206207275,0.47990500926971436,0.9209619760513306,0.5963583588600159,4.6408891677856445,1.3554571866989136,0.023318324238061905,-0.0021860143169760704
51,18,23,0.4000675678253174,0.2833292782306671,0.9464883804321289,0.7576419115066528,7.43522834777832,1.1925827264785767,-0.07684999704360962,-0.008097348734736443
51,19,25,0.3758101761341095,0.34244951605796814,0.9307258725166321,0.7317105531692505,5.082993507385254,1.5561178922653198,0.002338655758649111,0.006576403509825468
51,20,26,0.4224924147129059,0.5605891942977905,0.9200195074081421,0.6531295776367188,4.648534774780273,1.647445559501648,0.12363092601299286,0.016385091468691826
51,21,27,0.3555721044540405,0.43714767694473267,0.926106870174408,0.7529220581054688,22.684595108032227,1.8931143283843994,-0.00760157173499465,-0.010639738291501999
51,22,29,0.5318257212638855,0.6985580921173096,0.9106148481369019,0.582486093044281,7.407746315002441,1.894277572631836,-0.024820102378726006,0.0002597093698568642
51,23,30,0.3770485520362854,0.8106075525283813,0.9290914535522461,0.7187031507492065,4.739387512207031,3.1337783336639404,-0.01087750680744648,-0.002219553105533123
51,24,31,0.4281787872314453,1.5484321117401123,0.9167808294296265,0.6494462490081787,5.570016860961914,4.698635101318359,-0.06322956830263138,-0.012543542310595512
51,25,32,0.41771644353866577,2.2578368186950684,0.9104713201522827,0.6794020533561707,4.581265449523926,10.40024185180664,-0.017353180795907974,-0.022436782717704773
51,26,34,0.46568483114242554,5.479955673217773,0.888077974319458,0.42819446325302124,4.191507339477539,7.886139392852783,0.06234651431441307,-0.001710483804345131
51,27,35,0.42339083552360535,4.9422197341918945,0.8862704038619995,0.45710504055023193,7.309631824493408,7.645264625549316,-0.27603358030319214,-0.0235186405479908
52,0,0,0.6804894208908081,0.02682299166917801,0.9999284744262695,0.9198906421661377,5256.5166015625,0.24470871686935425,-0.12650223076343536,0.0033874972723424435
52,1,1,0.3450390696525574,0.032083358615636826,0.9981839060783386,0.872326135635376,117.4222412109375,0.19791445136070251,-0.015616518445312977,-0.00916023924946785
52,2,3,0.5347539186477661,0.12531957030296326,0.9550729990005493,0.7449653744697571,8.90351676940918,0.5038845539093018,-0.03495657444000244,-0.01555220689624548
52,3,4,0.5195215940475464,0.1498289555311203,0.922934889793396,0.7314114570617676,6.75343132019043,0.5145095586776733,-0.04374585673213005,0.023896213620901108
52,4,5,0.6201317310333252,0.26459747552871704,0.8784880638122559,0.5962775945663452,5.845459938049316,0.6635668277740479,0.003394640516489744,-0.019741488620638847
52,5,6,0.48037898540496826,0.30648714303970337,0.8980075716972351,0.6577361822128296,5.838720321655273,0.8495023846626282,-0.10254857689142227,0.015016788616776466
52,6,8,0.8982394933700562,0.19547265768051147,0.848639965057373,0.6883449554443359,5.399296283721924,0.7363454103469849,0.03739963471889496,0.0015483470633625984
52,7,9,0.523614764213562,0.2155270278453827,0.9741073846817017,0.6315256357192993,12.88235092163086,0.6527540683746338,-0.003167734481394291,0.0014214543625712395
52,8,10,0.7335954904556274,0.27550366520881653,0.8851932287216187,0.6991991996765137,5.950134754180908,0.96909099817276,0.008478015661239624,0.005173919722437859
52,9,12,0.5659470558166504,0.24930325150489807,0.9048346877098083,0.6835485100746155,6.223968505859375,0.8909987211227417,-0.01122306939214468,-0.0022070123814046383
52,10,13,0.5573930740356445,0.34784001111984253,0.9062326550483704,0.615371584892273,6.237288475036621,1.0141780376434326,0.03293523192405701,0.002997900592163205
52,11,14,0.5490991473197937,0.22505614161491394,0.9113246202468872,0.720865786075592,6.926609039306641,0.8710441589355469,-0.013897521421313286,0.02929580584168434
52,12,16,0.6166130304336548,0.32099536061286926,0.8866355419158936,0.7237828969955444,6.74964714050293,1.0632580518722534,0.026388129219412804,0.004516121000051498
52,13,17,0.5227558016777039,0.23357218503952026,0.9189350605010986,0.7502139806747437,6.551299095153809,1.0708608627319336,-0.03221694380044937,0.0050770072266459465
52,14,18,1.2155556678771973,0.4176153838634491,0.7970249652862549,0.7034790515899658,8.346439361572266,1.4055739641189575,0.21748340129852295,-0.03393534570932388
52,15,19,0.4244135618209839,0.3357100188732147,0.9941006898880005,0.5959016680717468,40.88330841064453,1.2248579263687134,-0.018956556916236877,-0.006554350256919861
52,16,21,0.4736325442790985,0.28716209530830383,0.9205927848815918,0.7625148296356201,6.775938034057617,1.3818131685256958,-0.03509340435266495,0.011440853588283062
52,17,22,0.40187254548072815,0.4938066005706787,0.9186687469482422,0.5898789167404175,5.021149158477783,1.4705640077590942,0.03601659834384918,-0.0086355647072196
52,18,23,0.4344545006752014,0.32283979654312134,0.9450026750564575,0.732136070728302,7.917647838592529,1.2708067893981934,-0.06979220360517502,0.0011129258200526237
52,19,25,0.40148669481277466,0.39043182134628296,0.9325627088546753,0.7014466524124146,5.318461894989014,1.6012964248657227,0.0345892608165741,0.005498615559190512
52,20,26,0.4552256762981415,0.5710964202880859,0.9202115535736084,0.6264262199401855,5.102447032928467,1.6497608423233032,0.11382856965065002,0.018030740320682526
52,21,27,0.37281090021133423,0.4644339978694916,0.9258317947387695,0.7437530159950256,22.856510162353516,1.9365326166152954,0.02226584032177925,0.019658826291561127
52,22,29,0.5515756607055664,0.8070823550224304,0.9102656245231628,0.5320273637771606,7.556947231292725,1.9973042011260986,-0.013684445060789585,0.0036614839918911457
52,23,30,0.3986051082611084,0.8436933159828186,0.9294846057891846,0.70309978723526,5.145397186279297,3.118659019470215,-0.013723542913794518,-0.0007934533059597015
52,24,31,0.45255768299102783,1.6320017576217651,0.9137700796127319,0.6164337396621704,5.842846870422363,4.713740348815918,-0.06285952031612396,-0.012724241241812706
52,25,32,0.4266979396343231,2.376567840576172,0.9104361534118652,0.6584667563438416,4.808815956115723,10.233121871948242,-0.016431808471679688,-0.02248910628259182
52,26,34,0.5482398271560669,6.089287757873535,0.8816469311714172,0.38198772072792053,4.447893142700195,8.20821475982666,0.08853256702423096,0.021499432623386383
52,27,35,0.53021240234375,5.451147079467773,0.8680738210678101,0.41395583748817444,7.503247261047363,7.929742813110352,-0.26962798833847046,-0.008578471839427948
53,0,0,0.6452012062072754,0.021897725760936737,0.9999322295188904,0.9323105812072754,5255.91357421875,0.23426972329616547,-0.12628501653671265,0.0014563141157850623
53,1,1,0.33623576164245605,0.030581479892134666,0.9982312917709351,0.8775027990341187,117.37921142578125,0.19983559846878052,-0.014313383027911186,-0.007673539221286774
53,2,3,0.5153741836547852,0.11915305256843567,0.9556734561920166,0.7579143643379211,8.672771453857422,0.5165429711341858,-0.025534212589263916,-0.011896800249814987
53,3,4,0.5021718740463257,0.1415429711341858,0.9208406209945679,0.7444155812263489,6.434776782989502,0.5200250744819641,-0.03571298345923424,0.01928921975195408
53,4,5,0.5845596194267273,0.25087302923202515,0.8799668550491333,0.622577965259552,5.712327003479004,0.6667697429656982,-0.005495011806488037,-0.015177936293184757
53,5,6,0.46501052379608154,0.30264127254486084,0.8956520557403564,0.6674255132675171,5.599014759063721,0.8587762117385864,-0.0947108119726181,0.01409989595413208
53,6,8,0.8432921171188354,0.18123464286327362,0.8523994088172913,0.705609917640686,5.159762859344482,0.717589259147644,0.039941154420375824,0.01872463896870613
53,7,9,0.5002131462097168,0.20573441684246063,0.9753283262252808,0.6330772638320923,12.962265968322754,0.6547538042068481,-0.015026661567389965,-0.0007013296708464622
53,8,10,0.7027539014816284,0.2746865153312683,0.883338987827301,0.6896973848342896,5.64916467666626,0.9683051705360413,0.012053944170475006,0.006327132694423199
53,9,12,0.5887938737869263,0.2636374235153198,0.8954193592071533,0.6705818176269531,5.7101149559021,0.8846704363822937,0.0036386381834745407,0.0023518060334026814
53,10,13,0.5336024165153503,0.3719797134399414,0.902535617351532,0.593860387802124,5.972875595092773,1.011675477027893,0.022029612213373184,0.004177625756710768
53,11,14,0.5559356212615967,0.23836615681648254,0.9050294756889343,0.7058337926864624,6.611310005187988,0.8891462683677673,-0.01013646274805069,0.01920478790998459
53,12,16,0.5799379348754883,0.3130468726158142,0.8817148208618164,0.7100642919540405,6.300806522369385,1.0442808866500854,0.020483974367380142,-0.004329989198595285
53,13,17,0.5288820862770081,0.23991931974887848,0.9123138189315796,0.7379072904586792,6.113973617553711,1.037524700164795,-0.038320474326610565,0.00870480202138424
53,14,18,1.1004048585891724,0.39590179920196533,0.8037171959877014,0.686882495880127,8.318829536437988,1.317459225654602,0.2013244330883026,-0.03582332655787468
53,15,19,0.40177083015441895,0.34482312202453613,0.9943351745605469,0.5795270800590515,39.34182357788086,1.1528211832046509,0.014176876284182072,-0.010943451896309853
53,16,21,0.4545918107032776,0.29086264967918396,0.918142557144165,0.7492695450782776,6.456825256347656,1.3224589824676514,-0.03853057697415352,0.026328977197408676
53,17,22,0.3878067135810852,0.5173500180244446,0.916621208190918,0.5825974941253662,4.75144100189209,1.4486510753631592,0.020175855606794357,0.0007968602585606277
53,18,23,0.43923163414001465,0.3379020094871521,0.9438924789428711,0.71320641040802,7.860785484313965,1.236893892288208,-0.083880215883255,-0.006608129013329744
53,19,25,0.38298189640045166,0.4147883653640747,0.9314281344413757,0.6951103210449219,5.192670822143555,1.6645145416259766,0.000984760234132409,0.0005486947484314442
53,20,26,0.44098830223083496,0.6288430690765381,0.9200325012207031,0.6050460338592529,4.829291343688965,1.7589882612228394,0.12468951940536499,-0.0030857485253363848
53,21,27,0.3767586946487427,0.4852500557899475,0.9243667721748352,0.7202842235565186,22.52073860168457,1.8933743238449097,0.019045349210500717,0.0066335974261164665
53,22,29,0.5529849529266357,0.7622498273849487,0.9073569178581238,0.5383925437927246,7.281133651733398,2.0405588150024414,0.0019187291618436575,0.00012521259486675262
53,23,30,0.40824615955352783,0.8498722910881042,0.924378514289856,0.7027744054794312,4.9216108322143555,3.1583797931671143,-0.022090161219239235,0.0001448867842555046
53,24,31,0.4687767028808594,1.5984492301940918,0.9089918732643127,0.6202347278594971,5.725016117095947,4.600542068481445,-0.09042984247207642,0.0039496468380093575
53,25,32,0.42610570788383484,2.247690200805664,0.9081161022186279,0.6601930260658264,4.5013580322265625,10.120356559753418,-0.013107837177813053,-0.023124953731894493
53,26,34,0.509375810623169,5.563797950744629,0.8848327398300171,0.3942040205001831,4.339249610900879,7.8386125564575195,0.07884851098060608,0.00525948079302907
53,27,35,0.473660945892334,4.955806255340576,0.8742662668228149,0.4298146367073059,7.271148204803467,7.529930114746094,-0.2683830261230469,0.0034888226073235273
54,0,0,0.5515098571777344,0.014417199417948723,0.9999420642852783,0.954987645149231,5260.189453125,0.23586997389793396,-0.1263687014579773,4.492991138249636e-06
54,1,1,0.341760516166687,0.028294924646615982,0.9981981515884399,0.8910919427871704,116.88109588623047,0.20761194825172424,-0.01296100951731205,-0.005933104082942009
54,2,3,0.5191212892532349,0.10803677886724472,0.9570047855377197,0.7936719655990601,9.028169631958008,0.5278981328010559,-0.023100566118955612,-0.015576436184346676
54,3,4,0.48376569151878357,0.12675213813781738,0.9289452433586121,0.7605369091033936,6.71953010559082,0.5143963098526001,-0.020249005407094955,0.0006270904559642076
54,4,5,0.6155761480331421,0.22441378235816956,0.88382488489151,0.6746333837509155,5.93807315826416,0.6727715730667114,-0.0007669669575989246,-0.004881848581135273
54,5,6,0.49715736508369446,0.28788501024246216,0.8886843919754028,0.6836225986480713,5.658448219299316,0.862152099609375,-0.09986594319343567,-1.737195998430252e-05
54,6,8,0.8450378179550171,0.16931211948394775,0.8555821776390076,0.7110671997070312,5.299474716186523,0.6830212473869324,0.03289145231246948,0.010547488927841187
54,7,9,0.4840802550315857,0.17942868173122406,0.9758834838867188,0.6599966287612915,12.8209228515625,0.6501299738883972,-0.0031238654628396034,-0.011614212766289711
54,8,10,0.7355548143386841,0.2585018277168274,0.8813260793685913,0.6889244914054871,5.74595832824707,0.9191474318504333,0.036790840327739716,0.0006744847632944584
54,9,12,0.5774239301681519,0.24463948607444763,0.8993220329284668,0.6795586347579956,6.220346927642822,0.846561074256897,-0.03245178237557411,-0.005837609060108662
54,10,13,0.5410337448120117,0.37092500925064087,0.9047673344612122,0.5894351005554199,6.132820129394531,1.0338654518127441,0.029613088816404343,-0.009730441495776176
54,11,14,0.5775694847106934,0.24032315611839294,0.9006361365318298,0.6755065321922302,6.7902421951293945,0.8297393321990967,-0.021494753658771515,0.020246433094143867
54,12,16,0.6300871968269348,0.32612571120262146,0.8732743263244629,0.6866158843040466,6.594738006591797,1.0056450366973877,0.00452832505106926,-0.0011411188170313835
54,13,17,0.543781578540802,0.24639254808425903,0.9049442410469055,0.7238248586654663,5.797207832336426,1.032368540763855,0.0008693775162100792,-0.0017827186966314912
54,14,18,1.1099400520324707,0.4089980125427246,0.805850625038147,0.6818404197692871,8.214396476745605,1.304552674293518,0.21014881134033203,-0.025377126410603523
54,15,19,0.463798850774765,0.3566964566707611,0.9934136867523193,0.5632269978523254,38.86069107055664,1.1722040176391602,0.024427108466625214,-0.01583223044872284
54,16,21,0.4975646734237671,0.32885244488716125,0.9078530669212341,0.7084337472915649,6.036232948303223,1.2897095680236816,0.026568323373794556,0.014988122507929802
54,17,22,0.41016143560409546,0.5157221555709839,0.9086945056915283,0.5476351380348206,4.545835971832275,1.3618574142456055,0.04559981822967529,0.006292179226875305
54,18,23,0.4495256841182709,0.3390771150588989,0.9390699863433838,0.7006118297576904,7.522692680358887,1.2169544696807861,-0.08669295161962509,-0.007526352070271969
54,19,25,0.43278905749320984,0.40908724069595337,0.920304536819458,0.6844934821128845,5.11336612701416,1.6199581623077393,-0.004784001968801022,0.0018324470147490501
54,20,26,0.47575807571411133,0.6599169969558716,0.912469744682312,0.5870909690856934,4.635826110839844,1.7023404836654663,0.14325281977653503,0.01458009984344244
54,21,27,0.415454626083374,0.5177527666091919,0.9110894799232483,0.7020308971405029,22.039020538330078,1.9081130027770996,0.05612294748425484,0.020012781023979187
54,22,29,0.6472203135490417,0.8082832098007202,0.8967981338500977,0.5187340974807739,7.299015045166016,2.01505184173584,0.014046178199350834,0.0013844661880284548
54,23,30,0.5185925960540771,0.8760592937469482,0.9062485694885254,0.6769598722457886,5.03235387802124,2.981208324432373,-0.026111382991075516,0.02187119796872139
54,24,31,0.5428365468978882,1.6226438283920288,0.8932405710220337,0.6010751128196716,5.663633823394775,4.54447078704834,-0.07417382299900055,-0.01125094760209322
54,25,32,0.48977434635162354,2.276930332183838,0.8924922943115234,0.6251648664474487,4.556156158447266,9.306777954101562,-0.018400946632027626,-0.0146885234862566
54,26,34,0.5024438500404358,5.015195369720459,0.8795638084411621,0.4489401578903198,4.303077697753906,8.129693984985352,0.0612846277654171,-0.009494880214333534
54,27,35,0.44302013516426086,4.795555114746094,0.8766339421272278,0.40886765718460083,7.149466514587402,7.3361358642578125,-0.27284979820251465,-0.003954348620027304
55,0,0,0.569489598274231,0.015500606968998909,0.9999401569366455,0.9506761431694031,5258.50439453125,0.23890724778175354,-0.1260441094636917,-0.004061546642333269
55,1,1,0.34894245862960815,0.028427597135305405,0.9981628060340881,0.8897473812103271,117.11224365234375,0.20336148142814636,-0.014065348543226719,-0.0005048548337072134
55,2,3,0.5118572115898132,0.10567320138216019,0.9580749273300171,0.794914722442627,9.038856506347656,0.5206760168075562,-0.016483329236507416,-0.014492090791463852
55,3,4,0.49072402715682983,0.13172614574432373,0.9286198616027832,0.7574888467788696,6.756380081176758,0.5144850611686707,-0.023257266730070114,0.008340267464518547
55,4,5,0.6044080257415771,0.22628122568130493,0.8877767324447632,0.6786571741104126,6.047037124633789,0.6961995363235474,0.0016039470210671425,-0.020335376262664795
55,5,6,0.49222496151924133,0.27547594904899597,0.8925811052322388,0.6922918558120728,5.744646072387695,0.8724620342254639,-0.09484344720840454,0.0016803351463750005
55,6,8,0.8148096799850464,0.1830121874809265,0.859283447265625,0.7055890560150146,5.336315155029297,0.7236317992210388,0.04196381941437721,0.004937703721225262
55,7,9,0.5080156326293945,0.19344207644462585,0.9747611284255981,0.6550803184509277,12.931385040283203,0.6489450931549072,-0.01083349995315075,0.003898260649293661
55,8,10,0.7692852020263672,0.28343576192855835,0.8798626661300659,0.6804699897766113,5.8871541023254395,0.9434645175933838,0.030380854383111,-0.0015207508113235235
55,9,12,0.5886372923851013,0.2501462399959564,0.9008476734161377,0.6774331331253052,6.439849853515625,0.8848047852516174,-0.028691578656435013,-0.016788538545370102
55,10,13,0.5676548480987549,0.348739892244339,0.9042747020721436,0.6010135412216187,6.1476569175720215,1.0182936191558838,0.06085394695401192,0.00015168869867920876
55,11,14,0.5980470776557922,0.24575534462928772,0.902822732925415,0.6707951426506042,7.064489364624023,0.8386856317520142,-0.027334414422512054,0.03718791902065277
55,12,16,0.6537537574768066,0.34366127848625183,0.8709366917610168,0.6700725555419922,6.718831539154053,1.0029573440551758,0.009308934211730957,0.0038595409132540226
55,13,17,0.5553841590881348,0.24810698628425598,0.9050123691558838,0.7269607186317444,5.914370536804199,1.0355381965637207,0.0014081172412261367,0.0042862133122980595
55,14,18,1.1661343574523926,0.41420450806617737,0.7991887331008911,0.6723329424858093,8.18447208404541,1.2974979877471924,0.21610191464424133,-0.028859300538897514
55,15,19,0.4586813449859619,0.35698312520980835,0.9935075044631958,0.545634388923645,39.52548599243164,1.1921660900115967,0.0028000343590974808,-0.006257602479308844
55,16,21,0.5524305701255798,0.35733625292778015,0.8992480039596558,0.6974622011184692,6.031150817871094,1.3665869235992432,0.03435931354761124,0.016856485977768898
55,17,22,0.44736725091934204,0.5276463031768799,0.906202495098114,0.5502975583076477,4.828582763671875,1.4269280433654785,0.02010861039161682,-0.0006225009565241635
55,18,23,0.5067529678344727,0.3828185200691223,0.9345053434371948,0.6867818832397461,7.614941120147705,1.3117194175720215,-0.0677068680524826,-0.0036054630763828754
55,19,25,0.4817400574684143,0.44000697135925293,0.9186363220214844,0.6747305393218994,5.385085105895996,1.6978302001953125,0.0024464791640639305,0.014884376898407936
55,20,26,0.4974159002304077,0.6947030425071716,0.9109529256820679,0.5575186014175415,4.941754341125488,1.731977939605713,0.10295681655406952,0.007958405651152134
55,21,27,0.46552813053131104,0.5725440382957458,0.9049203395843506,0.6681911945343018,22.240400314331055,2.0005016326904297,0.0377679318189621,0.009715803898870945
55,22,29,0.6861313581466675,0.8567860126495361,0.8972522020339966,0.5052083134651184,7.473099708557129,2.0236167907714844,0.017134567722678185,0.0022574462927877903
55,23,30,0.5401690006256104,0.9086869955062866,0.9093025922775269,0.6677876710891724,5.272648334503174,3.056145191192627,-0.0228763148188591,0.006682145409286022
55,24,31,0.5440196990966797,1.6815303564071655,0.8973870277404785,0.5958636403083801,5.8916497230529785,4.807095050811768,-0.06854039430618286,-0.01687037944793701
55,25,32,0.4929102957248688,2.328453540802002,0.8976426124572754,0.6351773142814636,4.743671417236328,10.012584686279297,-0.010859159752726555,-0.019957374781370163
55,26,34,0.510909914970398,5.184172630310059,0.8870540857315063,0.44103431701660156,4.466698169708252,8.388031005859375,0.06492321193218231,-0.02162141725420952
55,27,35,0.4725489616394043,5.252878665924072,0.8740774393081665,0.4171399176120758,7.1610612869262695,7.879013538360596,-0.2475384622812271,-0.004661180078983307
56,0,0,0.569191575050354,0.015498580411076546,0.9999402165412903,0.9495763778686523,5257.3525390625,0.23576880991458893,-0.12595289945602417,0.00040437106508761644
56,1,1,0.34935110807418823,0.030046183615922928,0.9981597661972046,0.8823248147964478,116.8199462890625,0.20225019752979279,-0.01123829372227192,0.0019108022097498178
56,2,3,0.5184435844421387,0.11357591301202774,0.9579280614852905,0.7778306007385254,8.991127014160156,0.5147414803504944,-0.00044840702321380377,-0.011929411441087723
56,3,4,0.4976365864276886,0.13925442099571228,0.9271580576896667,0.733964204788208,6.783271312713623,0.5103193521499634,-0.03036077320575714,0.011647582054138184
56,4,5,0.6289381384849548,0.2449272722005844,0.8804244995117188,0.6475704312324524,5.987188339233398,0.6994351148605347,0.006893548183143139,-0.029104530811309814
56,5,6,0.5211892127990723,0.29870355129241943,0.8837170600891113,0.6648691296577454,5.799565315246582,0.8832459449768066,-0.11419445276260376,-0.002297075930982828
56,6,8,0.8593235611915588,0.1955258995294571,0.8483266830444336,0.6841217279434204,5.279730796813965,0.7288132905960083,0.0375182144343853,0.018079031258821487
56,7,9,0.5277695655822754,0.2152027040719986,0.9737489223480225,0.6153781414031982,12.841854095458984,0.6762440204620361,-0.001764028798788786,0.008845101110637188
56,8,10,0.7962633371353149,0.2995418310165405,0.8702457547187805,0.656377375125885,5.787932395935059,0.9629642963409424,0.027997517958283424,-0.003567921929061413
56,9,12,0.6237828731536865,0.2764967083930969,0.891687273979187,0.6401296257972717,6.030531883239746,0.9031335115432739,-0.014147346839308739,-0.02666674554347992
56,10,13,0.615147590637207,0.39846211671829224,0.8910635709762573,0.5440576672554016,6.052038192749023,1.0186989307403564,0.04538021236658096,-0.008906800299882889
56,11,14,0.674725353717804,0.275473028421402,0.8874298930168152,0.6206399202346802,6.984648704528809,0.8415921330451965,-0.04508311301469803,0.031894274055957794
56,12,16,0.6863502264022827,0.37431150674819946,0.8599851131439209,0.6327690482139587,6.606217384338379,1.0274423360824585,-0.006285260897129774,-0.016980621963739395
56,13,17,0.6141825914382935,0.2777670621871948,0.8937340378761292,0.6748818159103394,5.714129447937012,1.0324413776397705,-0.008753566071391106,0.006423519924283028
56,14,18,1.1874351501464844,0.4745257496833801,0.7856851816177368,0.626744270324707,8.070062637329102,1.297722578048706,0.22491900622844696,-0.015092968009412289
56,15,19,0.561721682548523,0.4270254671573639,0.9919544458389282,0.4760913848876953,38.702842712402344,1.2218742370605469,0.019366659224033356,-0.02088480442762375
56,16,21,0.6897453665733337,0.41921520233154297,0.8725249767303467,0.6392070651054382,6.042568683624268,1.343634843826294,0.021574504673480988,0.027541225776076317
56,17,22,0.5580750107765198,0.6203494668006897,0.8844895362854004,0.5016672611236572,4.689884662628174,1.5164827108383179,0.03776882588863373,-0.005168859381228685
56,18,23,0.6188328266143799,0.4733215570449829,0.9212878942489624,0.6233152151107788,7.795604228973389,1.3628159761428833,-0.08354809880256653,0.004532559774816036
56,19,25,0.5612764358520508,0.5346790552139282,0.9018584489822388,0.6086952686309814,5.300191402435303,1.8058674335479736,0.0024987482465803623,0.00576410535722971
56,20,26,0.6355328559875488,0.8115977048873901,0.8838967084884644,0.5065612196922302,4.8316569328308105,1.8643875122070312,0.10399620234966278,-0.001674510887823999
56,21,27,0.5642650127410889,0.7018351554870605,0.877609372138977,0.6246960163116455,22.22178077697754,2.223479986190796,0.029722517356276512,-0.0033558369614183903
56,22,29,0.8253074884414673,0.95842444896698,0.8753088712692261,0.452226459980011,7.440973281860352,2.1341402530670166,0.0219027828425169,0.015723835676908493
56,23,30,0.6748542785644531,1.0380442142486572,0.8864314556121826,0.6235276460647583,5.23538064956665,3.1448206901550293,-0.013277024030685425,0.0037416780833154917
56,24,31,0.6754565238952637,1.9109716415405273,0.8725728392601013,0.5567348599433899,5.836687088012695,4.9622931480407715,-0.077876016497612,-0.009316769428551197
56,25,32,0.5814500451087952,2.639705181121826,0.8766008615493774,0.5885849595069885,4.64315128326416,10.05618667602539,-0.010466993786394596,-0.02395201101899147
56,26,34,0.6053183078765869,5.812024116516113,0.8636730909347534,0.40699368715286255,4.587323188781738,9.145828247070312,0.053012117743492126,-0.010686427354812622
56,27,35,0.5702433586120605,5.826148509979248,0.8478609323501587,0.36073917150497437,7.2489166259765625,8.284163475036621,-0.247998908162117,-0.0020614084787666798
57,0,0,0.5708202719688416,0.016828402876853943,0.999940037727356,0.9467480778694153,5257.9755859375,0.23851904273033142,-0.12611305713653564,0.002733113244175911
57,1,1,0.3487779498100281,0.028233176097273827,0.9981635212898254,0.8900513648986816,117.03585815429688,0.2014165222644806,-0.012902433052659035,-0.0018511717207729816
57,2,3,0.5290501713752747,0.10765429586172104,0.9564118385314941,0.7884361147880554,8.948136329650879,0.5173348188400269,-0.011459059081971645,-0.024559594690799713
57,3,4,0.4905252754688263,0.12988486886024475,0.9274815917015076,0.7497290372848511,6.742556571960449,0.5007497072219849,-0.028739016503095627,0.0050183567218482494
57,4,5,0.603104293346405,0.2281416952610016,0.8835504055023193,0.6757044196128845,5.877486705780029,0.6876599192619324,0.017230892553925514,-0.021182790398597717
57,5,6,0.49354037642478943,0.2666952908039093,0.8903908729553223,0.6959519386291504,5.744478225708008,0.8641968369483948,-0.1015496477484703,0.0031428784132003784
57,6,8,0.8327188491821289,0.1777510941028595,0.8564329147338867,0.7088850140571594,5.35809850692749,0.7111625671386719,0.040377549827098846,0.02578730881214142
57,7,9,0.4980466961860657,0.1914602518081665,0.9751216173171997,0.6553547382354736,12.894115447998047,0.6612271666526794,-0.006790179293602705,0.006134768016636372
57,8,10,0.7476140260696411,0.28070247173309326,0.8837513327598572,0.6932711601257324,5.940011501312256,0.9758522510528564,0.0275985486805439,-0.006182655692100525
57,9,12,0.6130098104476929,0.25689175724983215,0.8965746760368347,0.6792383790016174,6.258677005767822,0.9088249206542969,-0.02431594394147396,-0.036802299320697784
57,10,13,0.5734974145889282,0.3754705488681793,0.9021391272544861,0.5909705758094788,6.13994026184082,1.0505447387695312,0.05539432913064957,0.0033360524103045464
57,11,14,0.6317257881164551,0.24786758422851562,0.8965470790863037,0.6687670350074768,6.979089260101318,0.8282829523086548,-0.026633907109498978,0.044497981667518616
57,12,16,0.6707032322883606,0.35295891761779785,0.8716185688972473,0.6884421110153198,6.836827278137207,1.087625503540039,0.005017457064241171,-0.013518969528377056
57,13,17,0.5730119347572327,0.2586324214935303,0.9049657583236694,0.722528874874115,6.0030364990234375,1.0834524631500244,-0.0033803831320255995,0.012223083525896072
57,14,18,1.2014257907867432,0.4556658864021301,0.7920918464660645,0.6660935878753662,8.14404010772705,1.3566508293151855,0.22440868616104126,-0.0162932388484478
57,15,19,0.5226684212684631,0.39750540256500244,0.992591381072998,0.5341669321060181,39.983951568603516,1.286522388458252,-0.014012409374117851,-0.01388094574213028
57,16,21,0.5681657791137695,0.3653387427330017,0.8999521732330322,0.7036436796188354,6.119866371154785,1.3920087814331055,0.033411018550395966,0.02976265549659729
57,17,22,0.4754687249660492,0.5723308324813843,0.9034138917922974,0.5508136749267578,4.878134727478027,1.500117301940918,0.022413194179534912,0.0005437011132016778
57,18,23,0.5375704765319824,0.3952687978744507,0.9317194819450378,0.6946086287498474,7.669692039489746,1.357964277267456,-0.05597151815891266,-0.0018983181798830628
57,19,25,0.4914262294769287,0.4489213526248932,0.9173864126205444,0.6653280258178711,5.326535224914551,1.719327449798584,0.032588474452495575,0.005846889689564705
57,20,26,0.5223225355148315,0.6872296333312988,0.9084248542785645,0.5625005960464478,5.0642828941345215,1.7520651817321777,0.09902487695217133,0.0008344920352101326
57,21,27,0.46371811628341675,0.5602595806121826,0.9059672355651855,0.6748794317245483,22.207443237304688,2.1142635345458984,0.04789450019598007,-0.006733518559485674
57,22,29,0.7101505994796753,0.888275146484375,0.8948246836662292,0.5036296844482422,7.525293350219727,2.0884132385253906,0.022018393501639366,0.016774771735072136
57,23,30,0.5776137113571167,0.937075138092041,0.9037339687347412,0.665346622467041,5.286834716796875,3.171888589859009,-0.012215718626976013,0.0028449329547584057
57,24,31,0.5566567778587341,1.7026495933532715,0.8957663178443909,0.5998400449752808,5.866213321685791,5.054621696472168,-0.048535022884607315,-0.01617853157222271
57,25,32,0.5292314291000366,2.417006731033325,0.8909027576446533,0.6307902336120605,4.880160331726074,10.489197731018066,-0.008519763126969337,-0.02494283765554428
57,26,34,0.5902948379516602,5.323235511779785,0.8707638382911682,0.42969051003456116,4.601903915405273,8.634843826293945,0.053817830979824066,-0.0128965824842453
57,27,35,0.5461073517799377,5.592215061187744,0.8586249351501465,0.41106075048446655,7.200822830200195,8.362586975097656,-0.23776830732822418,-0.009348167106509209
58,0,0,0.5998191833496094,0.020384475588798523,0.9999369978904724,0.9397796392440796,5257.833984375,0.24425558745861053,-0.1261288970708847,0.00469986442476511
58,1,1,0.34236639738082886,0.029601208865642548,0.9981963634490967,0.8849261999130249,117.14620971679688,0.20294898748397827,-0.01464011799544096,-0.009054381400346756
58,2,3,0.5279279947280884,0.11496522277593613,0.9571253657341003,0.7831193804740906,9.089597702026367,0.5205212831497192,-0.024615619331598282,-0.02077574096620083
58,3,4,0.5134457349777222,0.13918131589889526,0.9277865886688232,0.7512720823287964,6.904014587402344,0.522381067276001,-0.022643251344561577,0.01092308945953846
58,4,5,0.6240063905715942,0.24179482460021973,0.8854913711547852,0.6575067639350891,6.006969451904297,0.6785526275634766,-0.002313854405656457,-0.006258870009332895
58,5,6,0.5001752376556396,0.2799639105796814,0.8960826992988586,0.694236159324646,5.9358038902282715,0.8625545501708984,-0.10269881784915924,0.006177518982440233
58,6,8,0.8288255929946899,0.1718330979347229,0.8600434064865112,0.7272957563400269,5.568542957305908,0.7147971391677856,0.024333514273166656,0.021477652713656425
58,7,9,0.5017085075378418,0.18608450889587402,0.9752970933914185,0.6581333875656128,13.285511016845703,0.647221565246582,-0.021313056349754333,-0.0005494937067851424
58,8,10,0.7303983569145203,0.2599658966064453,0.8869889974594116,0.6924459934234619,6.082703113555908,0.9194977283477783,0.01878906786441803,0.006033215206116438
58,9,12,0.5970058441162109,0.2421497255563736,0.9025669693946838,0.6839191913604736,6.534468173980713,0.8693014979362488,-0.026225317269563675,-0.006482544355094433
58,10,13,0.5526021718978882,0.3479233682155609,0.90813148021698,0.6079667210578918,6.13992977142334,1.0071241855621338,0.053640179336071014,-0.002203406300395727
58,11,14,0.5881255865097046,0.23970076441764832,0.9059042930603027,0.6808246374130249,7.100872039794922,0.8233442902565002,-0.03562837839126587,0.028087303042411804
58,12,16,0.6115853786468506,0.32769885659217834,0.8812610507011414,0.7016804814338684,6.723355293273926,1.0798041820526123,0.020879700779914856,-0.02340657263994217
58,13,17,0.5511261224746704,0.24537722766399384,0.9099037647247314,0.7418333292007446,6.14588737487793,1.0784724950790405,-0.008739171549677849,0.008197644725441933
58,14,18,1.113703727722168,0.4097948670387268,0.8109928369522095,0.6910156011581421,8.377071380615234,1.3673362731933594,0.20151840150356293,-0.044751957058906555
58,15,19,0.4784359931945801,0.3719296455383301,0.9933040738105774,0.5760531425476074,39.72395324707031,1.236116647720337,0.013891465961933136,-0.012635646387934685
58,16,21,0.5261378884315491,0.34126120805740356,0.9103359580039978,0.7217848300933838,6.162447452545166,1.3621225357055664,0.015095575712621212,0.013524916023015976
58,17,22,0.4492303729057312,0.5364071130752563,0.908547580242157,0.5537943840026855,4.85941219329834,1.4129537343978882,0.01705724187195301,0.0018281422089785337
58,18,23,0.49070388078689575,0.35566505789756775,0.937840461730957,0.7180940508842468,7.834820747375488,1.3079850673675537,-0.08011449873447418,-0.017708301544189453
58,19,25,0.44522416591644287,0.4450474977493286,0.9245258569717407,0.6708179712295532,5.461061477661133,1.6031674146652222,-0.0012610426638275385,0.014872636646032333
58,20,26,0.5045777559280396,0.7319968938827515,0.9111793041229248,0.5791400671005249,4.748504638671875,1.8208789825439453,0.13911524415016174,0.0007446559611707926
58,21,27,0.45446282625198364,0.5647468566894531,0.9078815579414368,0.6964110136032104,21.603364944458008,2.1106979846954346,0.07507594674825668,-0.0007330088410526514
58,22,29,0.6781830191612244,0.8817463517189026,0.8966758251190186,0.5024918913841248,7.570413589477539,2.1212079524993896,0.0014811265282332897,0.0012203995138406754
58,23,30,0.5352209806442261,0.9445176124572754,0.9074918031692505,0.6633913516998291,5.106499195098877,3.1293838024139404,-0.0014852057211101055,-1.716846600174904e-05
58,24,31,0.5607202053070068,1.7817230224609375,0.8958944082260132,0.5908390879631042,5.76646614074707,4.789371490478516,-0.05543631315231323,0.0005678138695657253
58,25,32,0.5038056969642639,2.5240979194641113,0.8920652270317078,0.6188318729400635,4.610535621643066,9.932710647583008,-0.009940432384610176,-0.018255993723869324
58,26,34,0.5853281617164612,5.733196258544922,0.8698734045028687,0.42200976610183716,4.44276237487793,8.853277206420898,0.07468065619468689,0.010944608598947525
58,27,35,0.5388928651809692,6.051292419433594,0.8569068908691406,0.4032243490219116,7.448117256164551,8.991226196289062,-0.27433067560195923,-0.005712789483368397
59,0,0,0.6626380681991577,0.02593478560447693,0.9999303817749023,0.9204447269439697,5257.490234375,0.2394500970840454,-0.12680068612098694,0.0024087904021143913
59,1,1,0.3351615369319916,0.03209204226732254,0.9982345104217529,0.871295690536499,117.31156921386719,0.1974450796842575,-0.015763744711875916,-0.0071873171254992485
59,2,3,0.5360148549079895,0.1243278756737709,0.9542129039764404,0.7423092126846313,8.910144805908203,0.5079706907272339,-0.04284963756799698,-0.006663437932729721
59,3,4,0.538440465927124,0.15067756175994873,0.9151668548583984,0.7238253355026245,6.631138801574707,0.5218247175216675,-0.04005257040262222,0.025402016937732697
59,4,5,0.629119873046875,0.26866772770881653,0.8745751976966858,0.5974599123001099,5.945324420928955,0.6598596572875977,-0.03017803654074669,-0.002291535958647728
59,5,6,0.49301227927207947,0.3105302155017853,0.8882161378860474,0.6489753723144531,5.6729230880737305,0.8720186948776245,-0.09814043343067169,-0.002418698277324438
59,6,8,0.8743156790733337,0.1852705329656601,0.8450180292129517,0.6993259787559509,5.268754959106445,0.7125105857849121,0.034533288329839706,0.0077310288324952126
59,7,9,0.5380387306213379,0.20575258135795593,0.9736290574073792,0.6273475289344788,13.08361530303955,0.6375957727432251,-0.014415809884667397,0.009194857440888882
59,8,10,0.736344575881958,0.2719665467739105,0.8765968084335327,0.6821202039718628,5.777071952819824,0.9353615045547485,0.022398587316274643,0.0031551627907902002
59,9,12,0.6127042770385742,0.24944117665290833,0.896345853805542,0.6667437553405762,6.303980350494385,0.8774096965789795,-0.01448950543999672,0.00447386410087347
59,10,13,0.5698168277740479,0.34346768260002136,0.9008265733718872,0.6069212555885315,6.060269832611084,1.0164024829864502,0.05405641719698906,-0.020901277661323547
59,11,14,0.5694380402565002,0.22857099771499634,0.9057090282440186,0.7057181596755981,7.042341709136963,0.8564431667327881,-0.03376930207014084,0.03599758446216583
59,12,16,0.5677446126937866,0.2828727662563324,0.8841124176979065,0.7391340732574463,6.482858657836914,1.031783103942871,0.04831933230161667,-1.9490020349621773e-05
59,13,17,0.506169855594635,0.21571896970272064,0.9148222208023071,0.7579386830329895,6.404242515563965,1.052253246307373,-0.023795928806066513,-0.013578983023762703
59,14,18,1.1017590761184692,0.3677390515804291,0.8029602766036987,0.716344952583313,8.132613182067871,1.3169419765472412,0.22189287841320038,-0.03008071705698967
59,15,19,0.41677701473236084,0.2864617705345154,0.9941351413726807,0.6215420961380005,40.51388168334961,1.143500804901123,-0.014507688581943512,-0.003210478462278843
59,16,21,0.4450604021549225,0.259835809469223,0.9205695390701294,0.7701319456100464,6.804479598999023,1.3956761360168457,-0.006711133755743504,-0.015323735773563385
59,17,22,0.36521437764167786,0.4642963409423828,0.9184115529060364,0.6088060140609741,4.935328960418701,1.4076851606369019,0.032949138432741165,-0.013390231877565384
59,18,23,0.40422940254211426,0.27730923891067505,0.947594940662384,0.7591990828514099,7.890377044677734,1.2281759977340698,-0.07342943549156189,-0.01582580804824829
59,19,25,0.3751142621040344,0.34542763233184814,0.9319618940353394,0.7253979444503784,5.410623550415039,1.5570342540740967,0.033535074442625046,0.010646785609424114
59,20,26,0.4126923084259033,0.5924538969993591,0.9249156713485718,0.6246287822723389,5.03700065612793,1.6750469207763672,0.13803887367248535,0.007769112475216389
59,21,27,0.3780144155025482,0.4555233120918274,0.9220114946365356,0.7405596375465393,22.47705841064453,1.9284536838531494,0.023859577253460884,-0.006050545256584883
59,22,29,0.5375898480415344,0.736331582069397,0.9118566513061523,0.5518176555633545,7.547073841094971,1.9276983737945557,-0.0015761172398924828,0.013159067369997501
59,23,30,0.3932769000530243,0.8295053243637085,0.9235851168632507,0.7027550935745239,5.01132869720459,3.0122060775756836,-0.0023806444369256496,0.00867658481001854
59,24,31,0.4694857597351074,1.6226989030838013,0.9114058613777161,0.610424816608429,5.893382549285889,4.628850936889648,-0.07460612058639526,-0.0182197242975235
59,25,32,0.4412766993045807,2.349268913269043,0.9104000329971313,0.6450785994529724,4.7351789474487305,9.919384956359863,-0.015287408605217934,-0.020881827920675278
59,26,34,0.5297145843505859,5.903318405151367,0.8879646062850952,0.3954264223575592,4.470205307006836,8.170576095581055,0.08218927681446075,-0.011808229610323906
59,27,35,0.4917004108428955,5.333429336547852,0.8801697492599487,0.43469685316085815,7.335792541503906,8.089279174804688,-0.2436753511428833,-0.007857587188482285
60,0,0,0.6338173151016235,0.020295042544603348,0.9999334216117859,0.9342818856239319,5257.3896484375,0.23217567801475525,-0.12643849849700928,0.004860539920628071
60,1,1,0.3342704772949219,0.030692189931869507,0.9982396364212036,0.8773832321166992,117.13162231445312,0.2010972797870636,-0.013412288390100002,-0.008663699962198734
60,2,3,0.519074022769928,0.11882379651069641,0.9567405581474304,0.7607102394104004,8.881919860839844,0.5076166987419128,-0.02581910602748394,-0.014637613669037819
60,3,4,0.5023241639137268,0.14530663192272186,0.9255997538566589,0.7328178882598877,6.664660453796387,0.5159530639648438,-0.030110333114862442,0.0160310547798872
60,4,5,0.6188609600067139,0.2542106509208679,0.8795510530471802,0.6283957362174988,5.869632244110107,0.6731282472610474,0.0014295844594016671,-0.010404016822576523
60,5,6,0.4965803921222687,0.2987479567527771,0.889140248298645,0.660576343536377,5.6690874099731445,0.8635342121124268,-0.09952412545681,-0.010281192138791084
60,6,8,0.8354036808013916,0.1794462502002716,0.8526172637939453,0.69669508934021,5.251008033752441,0.6916000247001648,0.029137030243873596,0.00774284778162837
60,7,9,0.5237054824829102,0.2039453387260437,0.9741313457489014,0.6208528280258179,12.950483322143555,0.6159687042236328,-0.01305992528796196,0.005602346733212471
60,8,10,0.7646077871322632,0.2729111313819885,0.8767385482788086,0.6723747253417969,5.856217384338379,0.9058824777603149,0.013516939245164394,-0.005090557970106602
60,9,12,0.6430500149726868,0.278678297996521,0.8911603689193726,0.6386734247207642,6.278902053833008,0.8764147758483887,-0.025713825598359108,0.0038064420223236084
60,10,13,0.6013991832733154,0.4220007359981537,0.9005494117736816,0.5555369853973389,5.898027420043945,1.0594054460525513,0.09430602937936783,-0.01847267523407936
60,11,14,0.6211957931518555,0.27102774381637573,0.897269070148468,0.6566362380981445,7.064044952392578,0.8835909366607666,-0.031060723587870598,0.020221780985593796
60,12,16,0.6316948533058167,0.3517351746559143,0.8732714653015137,0.6813100576400757,6.584020614624023,1.0626072883605957,0.033720649778842926,0.0010622418485581875
60,13,17,0.5621095895767212,0.260555624961853,0.9080938100814819,0.7084164619445801,6.052463531494141,1.0581203699111938,0.008139211684465408,0.00917323399335146
60,14,18,1.1763994693756104,0.44949471950531006,0.7953689694404602,0.6747947931289673,7.9691548347473145,1.3719348907470703,0.2338593602180481,-0.0235833041369915
60,15,19,0.49725306034088135,0.3977537453174591,0.9929333925247192,0.5304440259933472,39.641483306884766,1.2456908226013184,-0.0020103929564356804,-0.01323242112994194
60,16,21,0.6293479204177856,0.3713854253292084,0.8930348753929138,0.6932767629623413,6.3291802406311035,1.40485680103302,0.023712145164608955,0.0017855754122138023
60,17,22,0.48397067189216614,0.645214319229126,0.902642548084259,0.5393081903457642,4.898566246032715,1.5953028202056885,0.05829466134309769,-0.0015237126499414444
60,18,23,0.5136756896972656,0.38611650466918945,0.9355964064598083,0.6985445022583008,7.806900501251221,1.361020803451538,-0.045650385320186615,0.0024856531526893377
60,19,25,0.49915140867233276,0.4891919493675232,0.917478084564209,0.6530027389526367,5.609019756317139,1.8671272993087769,0.002968619344756007,0.003611878491938114
60,20,26,0.5703209638595581,0.8161107301712036,0.9026434421539307,0.5091882944107056,4.95514440536499,1.8908755779266357,0.13744695484638214,0.014524506404995918
60,21,27,0.5006622672080994,0.6358329653739929,0.898688018321991,0.6477720141410828,21.84484100341797,2.0788209438323975,0.04108070954680443,0.009042548947036266
60,22,29,0.7100937962532043,0.8583711385726929,0.8890844583511353,0.4802358150482178,7.370545387268066,2.138181447982788,0.031518351286649704,-0.0019899988546967506
60,23,30,0.5661088228225708,0.9840630888938904,0.9000799655914307,0.6271353960037231,5.211403846740723,3.0777969360351562,-0.017881009727716446,0.00262058200314641
60,24,31,0.6070272326469421,1.8560633659362793,0.8881291151046753,0.5452789068222046,6.069927215576172,4.728414535522461,-0.08728129416704178,-0.00316276540979743
60,25,32,0.5097817182540894,2.618044376373291,0.8899925947189331,0.5729324817657471,4.6282572746276855,9.688836097717285,-0.00534088583663106,-0.03418373316526413
60,26,34,0.5920902490615845,5.68001127243042,0.8713819980621338,0.36423927545547485,4.700405120849609,8.73354434967041,0.057352304458618164,-0.011650132946670055
60,27,35,0.5457585453987122,6.073225975036621,0.8527774810791016,0.353662371635437,7.123823642730713,8.594853401184082,-0.2430560290813446,-0.01863139495253563
61,0,0,0.5936059951782227,0.018585719168186188,0.9999376535415649,0.9432234168052673,5259.947265625,0.23458313941955566,-0.12728455662727356,-0.003988173324614763
61,1,1,0.3272228538990021,0.028427572920918465,0.9982782602310181,0.8877084255218506,117.38629150390625,0.20139294862747192,-0.014665190130472183,0.0025890679098665714
61,2,3,0.4986172318458557,0.10756382346153259,0.9574885964393616,0.7858394980430603,8.797329902648926,0.5288119912147522,-0.03226771950721741,-0.011903880164027214
61,3,4,0.47443291544914246,0.13353021442890167,0.928594708442688,0.7640461921691895,6.5536041259765625,0.5315987467765808,-0.030885592103004456,0.018829332664608955
61,4,5,0.5806334018707275,0.235079824924469,0.884960412979126,0.6546245813369751,5.777195930480957,0.661851704120636,-0.007736148312687874,-0.0027424944564700127
61,5,6,0.4449228346347809,0.2997063398361206,0.9011340141296387,0.6828553080558777,5.664244651794434,0.8726183772087097,-0.1021064817905426,0.01040954701602459
61,6,8,0.7812438607215881,0.16356684267520905,0.8614560961723328,0.7291926145553589,5.17664909362793,0.7124049663543701,0.03161442279815674,0.006658137310296297
61,7,9,0.46309882402420044,0.17536215484142303,0.9773030877113342,0.6857130527496338,13.050531387329102,0.6336464881896973,-0.01599317230284214,-0.008235504850745201
61,8,10,0.638309121131897,0.22622323036193848,0.8929190635681152,0.7231955528259277,5.694553852081299,0.9117287397384644,0.004659073892980814,-0.005270444788038731
61,9,12,0.5302232503890991,0.22311876714229584,0.9048897624015808,0.7113999128341675,5.924029350280762,0.8416215181350708,0.002213428495451808,0.011956702917814255
61,10,13,0.5102104544639587,0.30856212973594666,0.907684326171875,0.6409119367599487,5.982109069824219,0.9723210334777832,0.027014460414648056,-0.010960034094750881
61,11,14,0.5147789716720581,0.20749890804290771,0.913628876209259,0.7404024004936218,6.658685684204102,0.8600813746452332,-0.002132837427780032,0.023334188386797905
61,12,16,0.515654444694519,0.2628858983516693,0.8891677856445312,0.7372304201126099,6.148167133331299,0.9590221643447876,0.028240326792001724,-0.013539541512727737
61,13,17,0.4969710111618042,0.2057565152645111,0.9152759909629822,0.7695802450180054,5.927979946136475,1.0177947282791138,-0.02091347984969616,-0.008780118077993393
61,14,18,0.9541374444961548,0.34631428122520447,0.8182513117790222,0.7183359861373901,8.184808731079102,1.282897710800171,0.20489591360092163,-0.03739548474550247
61,15,19,0.3800694942474365,0.2985079884529114,0.9946862459182739,0.6178197860717773,38.95150375366211,1.0824562311172485,0.039691537618637085,0.005815000738948584
61,16,21,0.412548303604126,0.2490699589252472,0.9224948883056641,0.7638891935348511,6.09796142578125,1.2195613384246826,-0.007409877609461546,0.00553310289978981
61,17,22,0.34272629022598267,0.46767133474349976,0.9210743308067322,0.5958622694015503,4.680386543273926,1.3150774240493774,0.0046616727486252785,-0.00369179155677557
61,18,23,0.39565563201904297,0.27806752920150757,0.9470111131668091,0.7508659958839417,7.497562885284424,1.1476194858551025,-0.08931790292263031,-0.002077758312225342
61,19,25,0.3460797071456909,0.35010772943496704,0.936064600944519,0.7344882488250732,5.149860858917236,1.5998101234436035,-0.01824331283569336,0.0022337231785058975
61,20,26,0.39050227403640747,0.5132195353507996,0.9271514415740967,0.6566749811172485,4.672483921051025,1.5745408535003662,0.12925782799720764,0.008321572095155716
61,21,27,0.3343255817890167,0.4056396484375,0.9309327602386475,0.7534563541412354,22.62921714782715,1.770660638809204,0.005126285832375288,-0.011354929767549038
61,22,29,0.48682159185409546,0.606174886226654,0.9153450727462769,0.6074299812316895,7.286510944366455,1.8080997467041016,-0.01620625890791416,0.0008107811445370317
61,23,30,0.3504030704498291,0.7084634900093079,0.9328442811965942,0.7416018843650818,4.680379867553711,2.9373764991760254,-0.0016526530962437391,0.0029247987549751997
61,24,31,0.4193602204322815,1.3557417392730713,0.9188538789749146,0.6520249843597412,5.553350448608398,4.196666240692139,-0.07956410199403763,-0.00458347937092185
61,25,32,0.37747281789779663,1.9233124256134033,0.9168310165405273,0.6864987015724182,4.407648086547852,9.172758102416992,-0.0256123598664999,-0.026699716225266457
61,26,34,0.4215914011001587,4.358546257019043,0.8985479474067688,0.4619157910346985,4.206631660461426,6.607574462890625,0.06098935008049011,0.009138897992670536
61,27,35,0.37158262729644775,3.80441951751709,0.8962115049362183,0.47657567262649536,7.181672096252441,6.192607879638672,-0.28612229228019714,-0.004221663810312748
62,0,0,0.591789186000824,0.018345072865486145,0.999937891960144,0.9456958770751953,5259.6923828125,0.24129946529865265,-0.12675511837005615,0.009685821831226349
62,1,1,0.33097073435783386,0.028190171346068382,0.9982563257217407,0.8895494937896729,117.02902221679688,0.20189465582370758,-0.013940449804067612,-0.009103301912546158
62,2,3,0.5065380930900574,0.10694064199924469,0.9573925137519836,0.7938900589942932,8.847482681274414,0.5243503451347351,-0.017864350229501724,-0.013613912276923656
62,3,4,0.49530237913131714,0.1314087212085724,0.9256331920623779,0.7550946474075317,6.684958457946777,0.5172591805458069,-0.0364484041929245,0.004478365648537874
62,4,5,0.614240288734436,0.22956112027168274,0.8787796497344971,0.6705678105354309,5.961644649505615,0.6832928657531738,-0.006778901908546686,-0.011242318898439407
62,5,6,0.5157482624053955,0.28865891695022583,0.8843036890029907,0.6866302490234375,5.6566338539123535,0.901395857334137,-0.10024364292621613,-0.008032562211155891
62,6,8,0.8792440295219421,0.1729772388935089,0.8492282629013062,0.7128541469573975,5.318858623504639,0.7198366522789001,0.04119392856955528,0.015484606847167015
62,7,9,0.5145168900489807,0.18848207592964172,0.9743077754974365,0.6553180813789368,12.852198600769043,0.651070237159729,-0.006916080601513386,-0.008639072068035603
62,8,10,0.738722026348114,0.2691084146499634,0.881511390209198,0.7043668031692505,5.770918846130371,0.9709908962249756,0.030506618320941925,-0.0007839543977752328
62,9,12,0.5910786986351013,0.24290144443511963,0.895102322101593,0.6883649230003357,6.006769180297852,0.8671582937240601,-0.022218193858861923,-0.01053466834127903
62,10,13,0.5769724249839783,0.3621867895126343,0.8962425589561462,0.6120458841323853,5.9745192527771,1.0553728342056274,0.040306027978658676,-0.0002947011962532997
62,11,14,0.5784271359443665,0.2307843267917633,0.8985376358032227,0.6949834823608398,6.646934509277344,0.8336791396141052,-0.02121066115796566,0.03612251579761505
62,12,16,0.6186384558677673,0.3193683922290802,0.8773790001869202,0.715129554271698,6.560808181762695,1.0405867099761963,0.009403666481375694,-0.013815389014780521
62,13,17,0.5343629121780396,0.23137134313583374,0.9072709083557129,0.7532475590705872,5.783402442932129,1.0764837265014648,0.0052668009884655476,0.000532174832187593
62,14,18,1.1380800008773804,0.4259326457977295,0.7985547780990601,0.6899370551109314,8.14261245727539,1.3727248907089233,0.20926743745803833,-0.032020218670368195
62,15,19,0.4504849910736084,0.3517582416534424,0.9936027526855469,0.5658717155456543,39.216270446777344,1.244496464729309,0.015785159543156624,-0.012415897101163864
62,16,21,0.49175548553466797,0.31304195523262024,0.9087668657302856,0.7307993173599243,6.0976152420043945,1.3527414798736572,0.017973000183701515,0.022655069828033447
62,17,22,0.4125998318195343,0.5090249180793762,0.9097763299942017,0.5793192386627197,4.775558948516846,1.460951328277588,0.02228890173137188,0.0006704862462356687
62,18,23,0.46743592619895935,0.32872486114501953,0.9377886056900024,0.733688473701477,7.4696855545043945,1.3253657817840576,-0.06089209020137787,-0.01255772914737463
62,19,25,0.43605393171310425,0.38678494095802307,0.9222216010093689,0.6973296999931335,5.100534915924072,1.6573504209518433,0.02369428053498268,0.0018841322744265199
62,20,26,0.48844408988952637,0.6232732534408569,0.9107227325439453,0.596989631652832,4.857011318206787,1.6872116327285767,0.10983535647392273,0.022025469690561295
62,21,27,0.41322675347328186,0.4941538870334625,0.9122700691223145,0.7138500809669495,22.192237854003906,1.9962708950042725,0.01806369423866272,-0.0059279040433466434
62,22,29,0.6125084161758423,0.8034629821777344,0.9033083915710449,0.5421640872955322,7.477014064788818,1.9537718296051025,-0.00475609116256237,0.022200370207428932
62,23,30,0.48493871092796326,0.8425549268722534,0.914021909236908,0.6981732249259949,4.9775390625,3.109468698501587,-0.006197113543748856,-0.003261693986132741
62,24,31,0.46841365098953247,1.493107557296753,0.9084877967834473,0.6427017450332642,5.552078723907471,4.773066997528076,-0.03567812964320183,-0.010754812508821487
62,25,32,0.46658867597579956,2.169787645339966,0.9012224078178406,0.6713207960128784,4.770683288574219,10.48660659790039,-0.009618302807211876,-0.029433701187372208
62,26,34,0.4976315498352051,4.922319412231445,0.8851384520530701,0.46681636571884155,4.3103227615356445,7.852777481079102,0.06425008922815323,0.0008266750955954194
62,27,35,0.45670759677886963,4.631878852844238,0.8801755905151367,0.4579854905605316,7.285305023193359,7.238324165344238,-0.2652098536491394,-0.006207665428519249
63,0,0,0.6477493047714233,0.021775610744953156,0.9999319314956665,0.9334880113601685,5257.57177734375,0.2433348000049591,-0.12664014101028442,0.004002668894827366
63,1,1,0.3486683666706085,0.030807198956608772,0.9981653094291687,0.878211259841919,117.1025390625,0.20239439606666565,-0.013478908687829971,-0.011512203142046928
63,2,3,0.5215040445327759,0.11834987252950668,0.95562744140625,0.7638415098190308,8.79413890838623,0.5164037942886353,-0.022265003994107246,-0.01367755513638258
63,3,4,0.5242098569869995,0.1439015418291092,0.9203492403030396,0.750978946685791,6.639621257781982,0.5390774011611938,-0.03674757480621338,0.014816386625170708
63,4,5,0.615241527557373,0.2580205798149109,0.8769318461418152,0.642362654209137,5.860284805297852,0.7024103403091431,-0.004357542842626572,-0.015063215978443623
63,5,6,0.4976469874382019,0.30998682975769043,0.889619767665863,0.678307056427002,5.596759796142578,0.9149346351623535,-0.08667327463626862,0.0016903348732739687
63,6,8,0.8839170932769775,0.18698620796203613,0.8508062362670898,0.7171584963798523,5.346765041351318,0.7665318250656128,0.03768060356378555,0.010936776176095009
63,7,9,0.5420997142791748,0.20290136337280273,0.9731014966964722,0.6646134257316589,12.938722610473633,0.682583749294281,-0.009207112714648247,-0.003829259891062975
63,8,10,0.7304968237876892,0.2664860785007477,0.8855483531951904,0.713843822479248,5.956422805786133,0.9970827102661133,0.008142834529280663,-0.0062044840306043625
63,9,12,0.6004942059516907,0.24115541577339172,0.9005553722381592,0.6936708688735962,6.287225246429443,0.8969275951385498,-0.006088755093514919,-0.0024369608145207167
63,10,13,0.5502634048461914,0.35294514894485474,0.9066948890686035,0.6254291534423828,6.137104034423828,1.0702636241912842,0.04368345066905022,-0.011565803550183773
63,11,14,0.5676901340484619,0.22495639324188232,0.9097298383712769,0.7303379774093628,7.167418956756592,0.9094425439834595,-0.028637118637561798,0.023853175342082977
63,12,16,0.5785395503044128,0.3032282590866089,0.8849788904190063,0.739526629447937,6.425261497497559,1.0547575950622559,0.030363725498318672,-0.007297960110008717
63,13,17,0.5255414247512817,0.21946613490581512,0.9150309562683105,0.7773540019989014,6.04578971862793,1.0923810005187988,0.005181921645998955,-0.001014289679005742
63,14,18,1.1279085874557495,0.39228007197380066,0.8092777729034424,0.7212328910827637,7.986563682556152,1.3791148662567139,0.23149171471595764,-0.013728521764278412
63,15,19,0.4191794991493225,0.29566967487335205,0.9941376447677612,0.6247429847717285,39.13133239746094,1.1890076398849487,0.040387049317359924,-0.013346211053431034
63,16,21,0.46776700019836426,0.2748136520385742,0.9211179614067078,0.7629786133766174,6.5545196533203125,1.356931209564209,-0.019959356635808945,-0.012043713591992855
63,17,22,0.38553130626678467,0.4772655963897705,0.9185283184051514,0.6120005249977112,4.847955703735352,1.4365441799163818,0.014043120667338371,0.003961778245866299
63,18,23,0.4460729956626892,0.3058975040912628,0.9413687586784363,0.7507979869842529,7.598191261291504,1.2740020751953125,-0.0722242146730423,-0.002683219499886036
63,19,25,0.4352814555168152,0.4005393385887146,0.9248764514923096,0.7109706401824951,5.304166793823242,1.7091317176818848,0.011463816277682781,0.015076495707035065
63,20,26,0.44966018199920654,0.6059078574180603,0.9194066524505615,0.6299236416816711,4.706174850463867,1.7011005878448486,0.14564526081085205,0.016571415588259697
63,21,27,0.4047556519508362,0.5002653002738953,0.9200218319892883,0.7327042818069458,22.387067794799805,2.0360610485076904,0.04025430977344513,-0.019673652946949005
63,22,29,0.6251345872879028,0.7923277020454407,0.9045993089675903,0.5552432537078857,7.534206390380859,1.9888195991516113,0.0006882736925035715,0.008437348529696465
63,23,30,0.46307283639907837,0.8539379835128784,0.9199527502059937,0.7007575631141663,5.041191577911377,3.2097110748291016,-0.007708338089287281,-0.0014124991139397025
63,24,31,0.47678911685943604,1.599555492401123,0.909009575843811,0.6340137720108032,5.632715225219727,4.877444267272949,-0.05612558126449585,-0.007228968199342489
63,25,32,0.4582057595252991,2.3197152614593506,0.9034473896026611,0.664548933506012,4.676719665527344,10.621641159057617,-0.015208284370601177,-0.020871980115771294
63,26,34,0.5288361310958862,5.575109958648682,0.8790655136108398,0.4306061267852783,4.31588888168335,8.480351448059082,0.07666154205799103,-0.007175740785896778
63,27,35,0.4822118878364563,5.319104194641113,0.8738281726837158,0.4448678493499756,7.296261787414551,8.155613899230957,-0.2582544982433319,-0.00618652394041419
